user_id,product_id,action,timestamp
1,26,view,2025-01-06T13:47:00
1,26,click,2025-01-06T13:48:00
1,26,add_to_cart,2025-01-06T13:49:00
1,26,remove_cart,2025-01-06T13:50:00
1,130,search,2025-01-08T22:25:00
1,130,view,2025-01-08T22:27:00
1,130,click,2025-01-08T22:30:00
1,36,view,2025-01-09T19:44:00
1,36,click,2025-01-09T19:47:00
1,36,add_to_cart,2025-01-09T19:49:00
1,36,purchase,2025-01-09T19:51:00
1,33,view,2025-01-09T19:53:00
1,33,add_to_cart,2025-01-09T19:54:00
1,33,purchase,2025-01-09T19:56:00
1,31,view,2025-01-09T20:07:00
1,31,click,2025-01-09T20:10:00
1,31,add_to_cart,2025-01-09T20:13:00
1,31,purchase,2025-01-09T20:14:00
1,31,search,2025-01-12T01:10:00
1,31,view,2025-01-12T01:12:00
1,31,click,2025-01-12T01:15:00
1,37,view,2025-01-12T01:17:00
1,37,click,2025-01-12T01:18:00
1,37,view,2025-01-13T13:36:00
1,37,click,2025-01-13T13:38:00
1,37,add_to_cart,2025-01-13T13:39:00
1,37,purchase,2025-01-13T13:40:00
1,120,view,2025-01-15T09:13:00
1,120,click,2025-01-15T09:17:00
1,120,add_to_cart,2025-01-15T09:18:00
1,120,purchase,2025-01-15T09:20:00
1,116,view,2025-01-15T09:28:00
1,116,click,2025-01-15T09:32:00
1,130,view,2025-01-15T09:33:00
1,130,click,2025-01-15T09:34:00
1,130,add_to_cart,2025-01-15T09:35:00
1,130,purchase,2025-01-15T09:36:00
1,20,view,2025-01-17T07:00:00
1,20,click,2025-01-17T07:01:00
1,15,view,2025-01-17T07:02:00
1,15,click,2025-01-17T07:05:00
1,15,add_to_cart,2025-01-17T07:07:00
1,15,remove_cart,2025-01-17T07:09:00
1,37,review,2025-01-17T13:48:00
2,196,search,2025-01-13T03:12:00
2,196,view,2025-01-13T03:13:00
2,196,click,2025-01-13T03:14:00
2,196,add_to_cart,2025-01-13T03:16:00
2,196,purchase,2025-01-13T03:18:00
2,192,view,2025-01-13T03:24:00
2,192,click,2025-01-13T03:25:00
2,180,view,2025-01-15T09:57:00
2,180,click,2025-01-15T09:59:00
2,180,add_to_cart,2025-01-15T10:02:00
2,180,purchase,2025-01-15T10:03:00
2,196,review,2025-01-17T03:24:00
2,63,search,2025-01-18T07:41:00
2,63,view,2025-01-18T07:42:00
2,63,click,2025-01-18T07:44:00
2,54,view,2025-01-18T07:45:00
2,54,click,2025-01-18T07:47:00
2,54,add_to_cart,2025-01-18T07:48:00
2,54,remove_cart,2025-01-18T07:49:00
2,57,view,2025-01-18T07:50:00
2,57,click,2025-01-18T07:53:00
2,57,add_to_cart,2025-01-18T07:54:00
2,57,remove_cart,2025-01-18T07:56:00
2,194,view,2025-01-20T22:27:00
2,194,click,2025-01-20T22:29:00
2,194,add_to_cart,2025-01-20T22:32:00
2,194,purchase,2025-01-20T22:34:00
2,191,view,2025-01-20T22:36:00
2,191,click,2025-01-20T22:37:00
2,191,add_to_cart,2025-01-20T22:40:00
2,191,remove_cart,2025-01-20T22:41:00
2,183,view,2025-01-20T22:42:00
2,183,click,2025-01-20T22:46:00
2,183,add_to_cart,2025-01-20T22:47:00
2,183,purchase,2025-01-20T22:48:00
2,177,view,2025-01-23T04:25:00
2,103,view,2025-01-25T23:51:00
2,103,click,2025-01-25T23:53:00
2,103,add_to_cart,2025-01-25T23:55:00
2,103,purchase,2025-01-25T23:57:00
2,94,view,2025-01-26T00:07:00
2,94,click,2025-01-26T00:11:00
2,94,add_to_cart,2025-01-26T00:13:00
2,94,purchase,2025-01-26T00:14:00
2,94,review,2025-02-01T00:24:00
2,183,review,2025-02-03T22:51:00
3,89,view,2025-01-08T06:05:00
3,89,click,2025-01-08T06:06:00
3,194,search,2025-01-09T09:46:00
3,194,view,2025-01-09T09:49:00
3,194,click,2025-01-09T09:50:00
3,182,search,2025-01-11T19:13:00
3,182,view,2025-01-11T19:15:00
3,182,click,2025-01-11T19:17:00
3,197,view,2025-01-11T19:19:00
3,197,click,2025-01-11T19:20:00
3,18,search,2025-01-12T20:55:00
3,18,view,2025-01-12T20:57:00
3,18,add_to_cart,2025-01-12T20:58:00
3,18,purchase,2025-01-12T20:59:00
3,104,search,2025-01-15T13:44:00
3,104,view,2025-01-15T13:47:00
3,104,add_to_cart,2025-01-15T13:48:00
3,104,purchase,2025-01-15T13:49:00
3,88,view,2025-01-15T13:59:00
3,88,click,2025-01-15T14:01:00
3,109,view,2025-01-15T14:02:00
3,109,click,2025-01-15T14:05:00
3,21,search,2025-01-17T06:00:00
3,21,view,2025-01-17T06:01:00
3,21,click,2025-01-17T06:04:00
3,15,search,2025-01-19T05:07:00
3,15,view,2025-01-19T05:10:00
3,15,click,2025-01-19T05:12:00
3,18,view,2025-01-19T05:14:00
3,18,click,2025-01-19T05:16:00
3,18,add_to_cart,2025-01-19T05:17:00
3,18,purchase,2025-01-19T05:18:00
3,14,view,2025-01-19T05:23:00
3,14,click,2025-01-19T05:24:00
3,104,review,2025-01-20T13:59:00
3,199,view,2025-01-22T00:37:00
3,199,add_to_cart,2025-01-22T00:39:00
3,199,purchase,2025-01-22T00:41:00
3,180,view,2025-01-22T00:49:00
3,180,click,2025-01-22T00:51:00
3,180,add_to_cart,2025-01-22T00:54:00
3,180,purchase,2025-01-22T00:55:00
3,183,view,2025-01-22T01:00:00
3,183,click,2025-01-22T01:03:00
3,183,add_to_cart,2025-01-22T01:04:00
3,183,purchase,2025-01-22T01:05:00
3,196,view,2025-01-23T14:54:00
3,196,add_to_cart,2025-01-23T14:57:00
3,196,remove_cart,2025-01-23T14:59:00
3,192,view,2025-01-23T15:01:00
3,192,click,2025-01-23T15:02:00
3,192,add_to_cart,2025-01-23T15:04:00
3,192,purchase,2025-01-23T15:06:00
3,2,view,2025-01-24T03:49:00
3,2,click,2025-01-24T03:51:00
3,14,view,2025-01-24T03:52:00
3,14,click,2025-01-24T03:55:00
3,180,review,2025-01-30T01:00:00
3,192,review,2025-02-02T15:16:00
4,185,search,2025-01-06T16:26:00
4,185,view,2025-01-06T16:28:00
4,185,click,2025-01-06T16:30:00
4,185,add_to_cart,2025-01-06T16:32:00
4,185,purchase,2025-01-06T16:33:00
4,193,view,2025-01-06T16:38:00
4,193,click,2025-01-06T16:41:00
4,180,view,2025-01-06T16:43:00
4,180,click,2025-01-06T16:47:00
4,180,add_to_cart,2025-01-06T16:50:00
4,180,purchase,2025-01-06T16:51:00
4,200,search,2025-01-07T20:46:00
4,200,view,2025-01-07T20:47:00
4,200,click,2025-01-07T20:49:00
4,124,search,2025-01-09T11:46:00
4,124,view,2025-01-09T11:47:00
4,124,click,2025-01-09T11:51:00
4,124,add_to_cart,2025-01-09T11:52:00
4,124,purchase,2025-01-09T11:53:00
4,104,search,2025-01-11T04:59:00
4,104,view,2025-01-11T05:00:00
4,104,click,2025-01-11T05:04:00
4,120,view,2025-01-13T21:52:00
4,120,click,2025-01-13T21:56:00
4,120,add_to_cart,2025-01-13T21:59:00
4,120,purchase,2025-01-13T22:00:00
4,124,view,2025-01-13T22:09:00
4,124,click,2025-01-13T22:11:00
4,129,view,2025-01-13T22:13:00
4,129,click,2025-01-13T22:17:00
4,129,add_to_cart,2025-01-13T22:19:00
4,129,remove_cart,2025-01-13T22:21:00
4,178,search,2025-01-15T11:07:00
4,178,view,2025-01-15T11:08:00
4,178,click,2025-01-15T11:09:00
4,180,view,2025-01-15T11:11:00
4,180,click,2025-01-15T11:15:00
4,180,add_to_cart,2025-01-15T11:17:00
4,180,purchase,2025-01-15T11:18:00
4,183,view,2025-01-15T11:29:00
4,183,click,2025-01-15T11:32:00
4,180,review,2025-01-16T11:29:00
4,185,review,2025-01-16T16:38:00
4,199,search,2025-01-18T08:48:00
4,199,view,2025-01-18T08:50:00
4,199,click,2025-01-18T08:54:00
4,199,add_to_cart,2025-01-18T08:56:00
4,199,purchase,2025-01-18T08:58:00
4,193,view,2025-01-18T09:07:00
4,195,view,2025-01-18T09:08:00
4,195,click,2025-01-18T09:09:00
4,195,add_to_cart,2025-01-18T09:11:00
4,195,remove_cart,2025-01-18T09:13:00
4,182,view,2025-01-19T17:36:00
4,182,click,2025-01-19T17:40:00
4,182,add_to_cart,2025-01-19T17:42:00
4,182,purchase,2025-01-19T17:43:00
4,190,view,2025-01-19T17:53:00
4,190,click,2025-01-19T17:55:00
4,190,add_to_cart,2025-01-19T17:58:00
4,190,purchase,2025-01-19T17:59:00
4,182,review,2025-01-25T17:53:00
4,120,review,2025-01-26T22:09:00
5,37,view,2025-01-08T17:16:00
5,37,click,2025-01-08T17:18:00
5,46,search,2025-01-09T07:20:00
5,46,view,2025-01-09T07:23:00
5,46,click,2025-01-09T07:27:00
5,46,add_to_cart,2025-01-09T07:30:00
5,46,remove_cart,2025-01-09T07:31:00
5,61,view,2025-01-09T07:33:00
5,61,click,2025-01-09T07:34:00
5,79,search,2025-01-10T00:09:00
5,79,view,2025-01-10T00:10:00
5,79,click,2025-01-10T00:14:00
5,79,add_to_cart,2025-01-10T00:15:00
5,79,purchase,2025-01-10T00:17:00
5,87,view,2025-01-10T00:26:00
5,87,click,2025-01-10T00:30:00
5,77,view,2025-01-10T00:33:00
5,77,click,2025-01-10T00:36:00
5,84,search,2025-01-11T09:33:00
5,84,view,2025-01-11T09:34:00
5,84,add_to_cart,2025-01-11T09:37:00
5,84,purchase,2025-01-11T09:39:00
5,74,view,2025-01-11T09:51:00
5,74,add_to_cart,2025-01-11T09:55:00
5,74,purchase,2025-01-11T09:56:00
5,84,review,2025-01-12T09:51:00
5,40,search,2025-01-13T07:14:00
5,40,view,2025-01-13T07:17:00
5,40,click,2025-01-13T07:21:00
5,23,view,2025-01-13T07:22:00
5,23,click,2025-01-13T07:26:00
5,23,add_to_cart,2025-01-13T07:27:00
5,23,purchase,2025-01-13T07:28:00
5,83,view,2025-01-14T18:00:00
5,83,click,2025-01-14T18:03:00
5,83,add_to_cart,2025-01-14T18:05:00
5,83,remove_cart,2025-01-14T18:07:00
5,82,view,2025-01-14T18:08:00
5,82,click,2025-01-14T18:11:00
5,74,review,2025-01-21T10:02:00
5,23,review,2025-01-23T07:33:00
6,84,view,2025-01-10T11:06:00
6,84,click,2025-01-10T11:09:00
6,84,add_to_cart,2025-01-10T11:10:00
6,84,purchase,2025-01-10T11:11:00
6,82,view,2025-01-10T11:13:00
6,82,click,2025-01-10T11:15:00
6,82,add_to_cart,2025-01-10T11:17:00
6,82,purchase,2025-01-10T11:18:00
6,85,view,2025-01-10T11:27:00
6,85,add_to_cart,2025-01-10T11:29:00
6,85,remove_cart,2025-01-10T11:31:00
6,68,search,2025-01-12T16:15:00
6,68,view,2025-01-12T16:16:00
6,68,click,2025-01-12T16:19:00
6,68,add_to_cart,2025-01-12T16:20:00
6,68,purchase,2025-01-12T16:22:00
6,84,view,2025-01-12T16:33:00
6,84,click,2025-01-12T16:37:00
6,84,add_to_cart,2025-01-12T16:39:00
6,84,purchase,2025-01-12T16:41:00
6,63,search,2025-01-13T18:08:00
6,63,view,2025-01-13T18:09:00
6,63,click,2025-01-13T18:11:00
6,63,add_to_cart,2025-01-13T18:12:00
6,63,purchase,2025-01-13T18:14:00
6,63,review,2025-01-14T18:25:00
6,65,search,2025-01-16T03:20:00
6,65,view,2025-01-16T03:23:00
6,52,view,2025-01-16T03:25:00
6,52,click,2025-01-16T03:27:00
6,52,add_to_cart,2025-01-16T03:30:00
6,52,purchase,2025-01-16T03:31:00
6,82,review,2025-01-16T11:27:00
6,84,search,2025-01-16T23:04:00
6,84,view,2025-01-16T23:07:00
6,75,view,2025-01-16T23:11:00
6,75,click,2025-01-16T23:15:00
6,75,add_to_cart,2025-01-16T23:18:00
6,75,purchase,2025-01-16T23:20:00
6,80,view,2025-01-16T23:31:00
6,75,review,2025-01-18T23:31:00
6,52,review,2025-01-19T03:35:00
6,23,search,2025-01-19T12:21:00
6,23,view,2025-01-19T12:24:00
6,23,add_to_cart,2025-01-19T12:28:00
6,23,purchase,2025-01-19T12:30:00
6,31,view,2025-01-19T12:39:00
6,31,click,2025-01-19T12:43:00
6,31,add_to_cart,2025-01-19T12:45:00
6,31,purchase,2025-01-19T12:46:00
6,24,view,2025-01-19T12:53:00
6,24,click,2025-01-19T12:56:00
6,37,search,2025-01-20T06:18:00
6,37,view,2025-01-20T06:19:00
6,60,search,2025-01-20T21:35:00
6,60,view,2025-01-20T21:38:00
6,60,click,2025-01-20T21:42:00
6,60,add_to_cart,2025-01-20T21:43:00
6,60,purchase,2025-01-20T21:44:00
6,57,view,2025-01-20T21:53:00
6,57,click,2025-01-20T21:57:00
6,56,view,2025-01-20T22:00:00
6,56,click,2025-01-20T22:02:00
6,68,review,2025-01-21T16:33:00
6,25,search,2025-01-23T16:02:00
6,25,view,2025-01-23T16:03:00
6,25,click,2025-01-23T16:05:00
6,25,add_to_cart,2025-01-23T16:08:00
6,25,purchase,2025-01-23T16:10:00
6,30,view,2025-01-23T16:19:00
6,30,click,2025-01-23T16:21:00
6,30,add_to_cart,2025-01-23T16:22:00
6,30,purchase,2025-01-23T16:23:00
6,84,review,2025-01-24T16:52:00
6,31,review,2025-01-27T12:53:00
7,141,search,2025-01-08T18:42:00
7,141,view,2025-01-08T18:43:00
7,141,click,2025-01-08T18:47:00
7,141,add_to_cart,2025-01-08T18:49:00
7,141,purchase,2025-01-08T18:51:00
7,150,view,2025-01-08T18:58:00
7,150,click,2025-01-08T19:00:00
7,120,search,2025-01-11T06:31:00
7,120,view,2025-01-11T06:33:00
7,191,search,2025-01-11T20:45:00
7,191,view,2025-01-11T20:48:00
7,126,search,2025-01-14T19:20:00
7,126,view,2025-01-14T19:21:00
7,140,search,2025-01-16T23:09:00
7,140,view,2025-01-16T23:10:00
7,142,view,2025-01-16T23:13:00
7,111,search,2025-01-18T02:57:00
7,111,view,2025-01-18T02:59:00
7,111,click,2025-01-18T03:01:00
7,129,view,2025-01-18T03:03:00
7,129,click,2025-01-18T03:04:00
7,129,add_to_cart,2025-01-18T03:07:00
7,129,remove_cart,2025-01-18T03:08:00
7,112,view,2025-01-18T03:09:00
7,112,click,2025-01-18T03:12:00
7,112,add_to_cart,2025-01-18T03:14:00
7,112,purchase,2025-01-18T03:16:00
7,195,view,2025-01-19T06:51:00
7,195,click,2025-01-19T06:53:00
7,195,add_to_cart,2025-01-19T06:56:00
7,195,purchase,2025-01-19T06:58:00
7,197,view,2025-01-19T07:07:00
7,197,click,2025-01-19T07:09:00
7,112,review,2025-01-20T03:20:00
7,123,search,2025-01-22T01:30:00
7,123,view,2025-01-22T01:32:00
7,123,click,2025-01-22T01:36:00
7,118,view,2025-01-22T01:38:00
7,118,add_to_cart,2025-01-22T01:41:00
7,118,purchase,2025-01-22T01:43:00
7,124,view,2025-01-22T01:54:00
8,94,search,2025-01-12T04:48:00
8,94,view,2025-01-12T04:51:00
8,94,click,2025-01-12T04:53:00
8,107,view,2025-01-12T04:56:00
8,107,click,2025-01-12T04:59:00
8,96,view,2025-01-12T05:00:00
8,96,click,2025-01-12T05:02:00
8,96,add_to_cart,2025-01-12T05:04:00
8,96,remove_cart,2025-01-12T05:06:00
8,192,search,2025-01-14T22:17:00
8,192,view,2025-01-14T22:19:00
8,192,click,2025-01-14T22:22:00
8,184,view,2025-01-14T22:24:00
8,184,add_to_cart,2025-01-14T22:28:00
8,184,purchase,2025-01-14T22:29:00
8,178,search,2025-01-15T10:57:00
8,178,view,2025-01-15T10:59:00
8,178,click,2025-01-15T11:02:00
8,178,add_to_cart,2025-01-15T11:05:00
8,178,purchase,2025-01-15T11:07:00
8,188,view,2025-01-15T11:14:00
8,188,click,2025-01-15T11:18:00
8,188,add_to_cart,2025-01-15T11:21:00
8,188,purchase,2025-01-15T11:22:00
8,196,search,2025-01-16T06:42:00
8,196,view,2025-01-16T06:43:00
8,196,add_to_cart,2025-01-16T06:46:00
8,196,purchase,2025-01-16T06:47:00
8,189,view,2025-01-16T06:51:00
8,189,click,2025-01-16T06:55:00
8,189,add_to_cart,2025-01-16T06:58:00
8,189,purchase,2025-01-16T07:00:00
8,77,search,2025-01-17T08:37:00
8,77,view,2025-01-17T08:38:00
8,77,click,2025-01-17T08:41:00
8,77,add_to_cart,2025-01-17T08:44:00
8,77,remove_cart,2025-01-17T08:46:00
8,102,search,2025-01-18T02:30:00
8,102,view,2025-01-18T02:33:00
8,102,click,2025-01-18T02:34:00
8,102,add_to_cart,2025-01-18T02:36:00
8,102,purchase,2025-01-18T02:37:00
8,194,view,2025-01-19T04:34:00
8,194,click,2025-01-19T04:37:00
8,194,add_to_cart,2025-01-19T04:40:00
8,194,purchase,2025-01-19T04:41:00
8,178,review,2025-01-19T11:14:00
8,88,search,2025-01-21T19:41:00
8,88,view,2025-01-21T19:43:00
8,88,click,2025-01-21T19:44:00
8,88,add_to_cart,2025-01-21T19:45:00
8,88,purchase,2025-01-21T19:47:00
8,92,view,2025-01-21T19:50:00
8,92,click,2025-01-21T19:53:00
8,99,view,2025-01-21T19:54:00
8,99,add_to_cart,2025-01-21T19:56:00
8,99,purchase,2025-01-21T19:58:00
8,194,review,2025-01-22T04:51:00
8,196,review,2025-01-22T06:51:00
8,99,review,2025-01-29T20:00:00
8,102,review,2025-01-31T02:42:00
8,88,review,2025-02-03T19:50:00
9,112,search,2025-01-04T13:09:00
9,112,view,2025-01-04T13:11:00
9,112,click,2025-01-04T13:14:00
9,120,view,2025-01-04T13:17:00
9,120,click,2025-01-04T13:21:00
9,120,add_to_cart,2025-01-04T13:23:00
9,120,purchase,2025-01-04T13:24:00
9,116,search,2025-01-07T09:50:00
9,116,view,2025-01-07T09:52:00
9,116,click,2025-01-07T09:56:00
9,116,add_to_cart,2025-01-07T09:57:00
9,116,purchase,2025-01-07T09:59:00
9,123,view,2025-01-07T10:06:00
9,123,click,2025-01-07T10:10:00
9,123,add_to_cart,2025-01-07T10:11:00
9,123,purchase,2025-01-07T10:12:00
9,124,view,2025-01-07T10:19:00
9,124,click,2025-01-07T10:20:00
9,123,search,2025-01-08T21:18:00
9,123,view,2025-01-08T21:20:00
9,194,search,2025-01-10T17:34:00
9,194,view,2025-01-10T17:36:00
9,194,click,2025-01-10T17:38:00
9,200,search,2025-01-11T23:16:00
9,200,view,2025-01-11T23:18:00
9,200,click,2025-01-11T23:19:00
9,181,view,2025-01-13T05:06:00
9,181,click,2025-01-13T05:09:00
9,122,view,2025-01-15T16:50:00
9,122,click,2025-01-15T16:51:00
9,122,add_to_cart,2025-01-15T16:52:00
9,122,purchase,2025-01-15T16:54:00
9,112,view,2025-01-15T17:01:00
9,112,add_to_cart,2025-01-15T17:02:00
9,112,purchase,2025-01-15T17:03:00
9,114,view,2025-01-15T17:09:00
9,114,click,2025-01-15T17:13:00
9,114,add_to_cart,2025-01-15T17:15:00
9,114,purchase,2025-01-15T17:16:00
9,126,search,2025-01-17T00:21:00
9,126,view,2025-01-17T00:24:00
9,126,click,2025-01-17T00:25:00
9,131,view,2025-01-17T00:27:00
9,131,click,2025-01-17T00:29:00
9,131,add_to_cart,2025-01-17T00:31:00
9,131,purchase,2025-01-17T00:32:00
9,117,view,2025-01-19T18:22:00
9,117,click,2025-01-19T18:23:00
9,117,add_to_cart,2025-01-19T18:26:00
9,117,purchase,2025-01-19T18:27:00
9,126,view,2025-01-19T18:30:00
9,126,click,2025-01-19T18:34:00
9,127,view,2025-01-19T18:37:00
9,127,click,2025-01-19T18:40:00
9,122,review,2025-01-21T17:01:00
9,112,review,2025-01-22T17:09:00
9,131,review,2025-01-24T00:40:00
9,114,review,2025-01-26T17:19:00
10,46,search,2025-01-10T07:37:00
10,46,view,2025-01-10T07:38:00
10,50,view,2025-01-10T07:42:00
10,50,click,2025-01-10T07:44:00
10,50,add_to_cart,2025-01-10T07:45:00
10,50,purchase,2025-01-10T07:46:00
10,174,search,2025-01-11T10:57:00
10,174,view,2025-01-11T10:58:00
10,174,click,2025-01-11T11:00:00
10,174,add_to_cart,2025-01-11T11:03:00
10,174,purchase,2025-01-11T11:05:00
10,158,view,2025-01-11T11:16:00
10,158,click,2025-01-11T11:20:00
10,152,search,2025-01-12T08:51:00
10,152,view,2025-01-12T08:53:00
10,152,click,2025-01-12T08:56:00
10,152,add_to_cart,2025-01-12T08:59:00
10,152,purchase,2025-01-12T09:00:00
10,142,view,2025-01-12T09:09:00
10,142,click,2025-01-12T09:12:00
10,146,search,2025-01-14T09:03:00
10,146,view,2025-01-14T09:04:00
10,150,view,2025-01-14T09:08:00
10,150,click,2025-01-14T09:10:00
10,46,search,2025-01-16T18:17:00
10,46,view,2025-01-16T18:18:00
10,46,click,2025-01-16T18:19:00
10,53,view,2025-01-16T18:21:00
10,53,click,2025-01-16T18:23:00
10,53,add_to_cart,2025-01-16T18:25:00
10,53,purchase,2025-01-16T18:27:00
10,134,search,2025-01-17T13:04:00
10,134,view,2025-01-17T13:06:00
10,134,click,2025-01-17T13:09:00
10,142,view,2025-01-17T13:12:00
10,142,click,2025-01-17T13:14:00
10,152,review,2025-01-18T09:09:00
10,174,search,2025-01-19T02:25:00
10,174,view,2025-01-19T02:26:00
10,174,click,2025-01-19T02:29:00
10,175,view,2025-01-19T02:32:00
10,175,click,2025-01-19T02:34:00
10,152,search,2025-01-21T09:04:00
10,152,view,2025-01-21T09:05:00
10,152,click,2025-01-21T09:08:00
10,152,add_to_cart,2025-01-21T09:09:00
10,152,remove_cart,2025-01-21T09:11:00
11,199,view,2025-01-12T14:21:00
11,199,click,2025-01-12T14:23:00
11,199,add_to_cart,2025-01-12T14:24:00
11,199,purchase,2025-01-12T14:25:00
11,192,view,2025-01-12T14:27:00
11,177,view,2025-01-12T14:29:00
11,177,click,2025-01-12T14:33:00
11,177,add_to_cart,2025-01-12T14:34:00
11,177,purchase,2025-01-12T14:36:00
11,32,search,2025-01-14T11:14:00
11,32,view,2025-01-14T11:15:00
11,32,click,2025-01-14T11:17:00
11,35,view,2025-01-14T11:18:00
11,35,click,2025-01-14T11:19:00
11,59,search,2025-01-15T05:09:00
11,59,view,2025-01-15T05:11:00
11,59,click,2025-01-15T05:13:00
11,46,view,2025-01-15T05:14:00
11,46,click,2025-01-15T05:16:00
11,52,view,2025-01-15T05:18:00
11,52,click,2025-01-15T05:22:00
11,52,add_to_cart,2025-01-15T05:25:00
11,52,purchase,2025-01-15T05:27:00
11,63,search,2025-01-16T01:36:00
11,63,view,2025-01-16T01:38:00
11,63,click,2025-01-16T01:40:00
11,63,add_to_cart,2025-01-16T01:42:00
11,63,purchase,2025-01-16T01:43:00
11,53,view,2025-01-16T01:45:00
11,53,click,2025-01-16T01:47:00
11,47,view,2025-01-16T01:50:00
11,47,click,2025-01-16T01:54:00
11,47,add_to_cart,2025-01-16T01:56:00
11,47,remove_cart,2025-01-16T01:57:00
11,190,search,2025-01-18T19:56:00
11,190,view,2025-01-18T19:59:00
11,190,click,2025-01-18T20:00:00
11,190,add_to_cart,2025-01-18T20:03:00
11,190,purchase,2025-01-18T20:04:00
11,178,view,2025-01-18T20:06:00
11,178,click,2025-01-18T20:08:00
11,179,view,2025-01-18T20:09:00
11,179,click,2025-01-18T20:10:00
11,179,add_to_cart,2025-01-18T20:12:00
11,179,purchase,2025-01-18T20:13:00
11,52,review,2025-01-21T05:34:00
11,23,search,2025-01-21T10:26:00
11,23,view,2025-01-21T10:29:00
11,23,click,2025-01-21T10:30:00
11,34,view,2025-01-21T10:33:00
11,34,click,2025-01-21T10:35:00
11,34,add_to_cart,2025-01-21T10:38:00
11,34,purchase,2025-01-21T10:39:00
11,177,review,2025-01-22T14:41:00
11,199,review,2025-01-23T14:27:00
11,179,review,2025-01-25T20:22:00
11,63,review,2025-01-30T01:45:00
11,34,review,2025-02-02T10:51:00
12,133,view,2025-01-03T18:02:00
12,133,click,2025-01-03T18:03:00
12,141,view,2025-01-03T18:05:00
12,141,click,2025-01-03T18:09:00
12,141,add_to_cart,2025-01-03T18:12:00
12,141,purchase,2025-01-03T18:14:00
12,46,search,2025-01-05T10:12:00
12,46,view,2025-01-05T10:14:00
12,46,click,2025-01-05T10:18:00
12,54,view,2025-01-05T10:19:00
12,54,click,2025-01-05T10:23:00
12,54,add_to_cart,2025-01-05T10:26:00
12,54,purchase,2025-01-05T10:27:00
12,163,search,2025-01-06T03:50:00
12,163,view,2025-01-06T03:52:00
12,163,click,2025-01-06T03:56:00
12,163,add_to_cart,2025-01-06T03:58:00
12,163,purchase,2025-01-06T04:00:00
12,164,view,2025-01-06T04:02:00
12,164,click,2025-01-06T04:05:00
12,164,add_to_cart,2025-01-06T04:07:00
12,164,remove_cart,2025-01-06T04:08:00
12,157,view,2025-01-06T04:10:00
12,157,click,2025-01-06T04:13:00
12,173,search,2025-01-08T12:06:00
12,173,view,2025-01-08T12:07:00
12,173,click,2025-01-08T12:08:00
12,173,add_to_cart,2025-01-08T12:11:00
12,173,purchase,2025-01-08T12:13:00
12,143,search,2025-01-11T00:19:00
12,143,view,2025-01-11T00:22:00
12,143,click,2025-01-11T00:25:00
12,143,add_to_cart,2025-01-11T00:28:00
12,143,remove_cart,2025-01-11T00:29:00
12,146,view,2025-01-11T00:30:00
12,146,click,2025-01-11T00:34:00
12,146,add_to_cart,2025-01-11T00:37:00
12,146,purchase,2025-01-11T00:39:00
12,58,search,2025-01-11T21:38:00
12,58,view,2025-01-11T21:39:00
12,49,view,2025-01-11T21:43:00
12,49,click,2025-01-11T21:46:00
12,49,add_to_cart,2025-01-11T21:49:00
12,49,purchase,2025-01-11T21:51:00
12,46,view,2025-01-11T21:55:00
12,46,click,2025-01-11T21:57:00
12,46,add_to_cart,2025-01-11T22:00:00
12,46,purchase,2025-01-11T22:01:00
12,54,review,2025-01-19T10:30:00
13,114,search,2025-01-08T02:19:00
13,114,view,2025-01-08T02:22:00
13,114,click,2025-01-08T02:26:00
13,129,view,2025-01-08T02:28:00
13,129,click,2025-01-08T02:29:00
13,112,view,2025-01-08T02:31:00
13,112,click,2025-01-08T02:35:00
13,112,add_to_cart,2025-01-08T02:38:00
13,112,purchase,2025-01-08T02:39:00
13,17,search,2025-01-09T00:02:00
13,17,view,2025-01-09T00:04:00
13,17,click,2025-01-09T00:06:00
13,7,search,2025-01-10T23:26:00
13,7,view,2025-01-10T23:28:00
13,7,click,2025-01-10T23:29:00
13,21,view,2025-01-10T23:30:00
13,21,click,2025-01-10T23:32:00
13,106,search,2025-01-13T16:30:00
13,106,view,2025-01-13T16:31:00
13,106,click,2025-01-13T16:34:00
13,106,add_to_cart,2025-01-13T16:37:00
13,106,purchase,2025-01-13T16:38:00
13,89,view,2025-01-13T16:50:00
13,89,click,2025-01-13T16:53:00
13,89,add_to_cart,2025-01-13T16:56:00
13,89,remove_cart,2025-01-13T16:58:00
13,14,search,2025-01-15T10:12:00
13,14,view,2025-01-15T10:13:00
13,14,add_to_cart,2025-01-15T10:16:00
13,14,purchase,2025-01-15T10:18:00
13,16,view,2025-01-15T10:22:00
13,16,click,2025-01-15T10:23:00
13,16,add_to_cart,2025-01-15T10:25:00
13,16,remove_cart,2025-01-15T10:27:00
13,13,view,2025-01-17T00:43:00
13,13,click,2025-01-17T00:45:00
13,20,view,2025-01-17T00:48:00
13,20,click,2025-01-17T00:50:00
13,119,view,2025-01-17T13:57:00
13,119,add_to_cart,2025-01-17T14:01:00
13,119,remove_cart,2025-01-17T14:03:00
13,125,view,2025-01-17T14:05:00
13,125,click,2025-01-17T14:09:00
13,110,search,2025-01-18T11:08:00
13,110,view,2025-01-18T11:10:00
13,110,click,2025-01-18T11:14:00
13,110,add_to_cart,2025-01-18T11:16:00
13,110,purchase,2025-01-18T11:17:00
13,113,view,2025-01-18T11:23:00
13,113,click,2025-01-18T11:27:00
13,123,view,2025-01-18T11:29:00
13,123,click,2025-01-18T11:30:00
13,123,add_to_cart,2025-01-18T11:31:00
13,123,purchase,2025-01-18T11:33:00
13,112,review,2025-01-22T02:43:00
13,106,review,2025-01-24T16:50:00
13,110,review,2025-01-27T11:23:00
14,76,search,2025-01-04T09:30:00
14,76,view,2025-01-04T09:31:00
14,76,click,2025-01-04T09:33:00
14,76,add_to_cart,2025-01-04T09:36:00
14,76,purchase,2025-01-04T09:38:00
14,105,view,2025-01-05T17:14:00
14,105,click,2025-01-05T17:17:00
14,103,view,2025-01-05T17:18:00
14,103,click,2025-01-05T17:21:00
14,106,view,2025-01-05T17:24:00
14,106,click,2025-01-05T17:25:00
14,95,search,2025-01-07T11:37:00
14,95,view,2025-01-07T11:40:00
14,95,click,2025-01-07T11:44:00
14,95,add_to_cart,2025-01-07T11:47:00
14,95,remove_cart,2025-01-07T11:48:00
14,89,view,2025-01-07T11:50:00
14,89,click,2025-01-07T11:53:00
14,106,view,2025-01-07T11:55:00
14,106,click,2025-01-07T11:59:00
14,89,search,2025-01-08T13:37:00
14,89,view,2025-01-08T13:40:00
14,89,click,2025-01-08T13:44:00
14,92,view,2025-01-08T13:46:00
14,92,add_to_cart,2025-01-08T13:50:00
14,92,purchase,2025-01-08T13:52:00
14,104,view,2025-01-08T14:04:00
14,104,click,2025-01-08T14:07:00
14,141,search,2025-01-10T22:53:00
14,141,view,2025-01-10T22:55:00
14,141,click,2025-01-10T22:58:00
14,141,add_to_cart,2025-01-10T23:01:00
14,141,purchase,2025-01-10T23:02:00
14,139,view,2025-01-10T23:12:00
14,138,view,2025-01-10T23:15:00
14,138,click,2025-01-10T23:18:00
14,138,add_to_cart,2025-01-10T23:21:00
14,138,purchase,2025-01-10T23:23:00
14,105,search,2025-01-11T19:38:00
14,105,view,2025-01-11T19:41:00
14,105,click,2025-01-11T19:43:00
14,96,view,2025-01-11T19:46:00
14,96,click,2025-01-11T19:48:00
14,96,add_to_cart,2025-01-11T19:49:00
14,96,purchase,2025-01-11T19:51:00
14,141,review,2025-01-17T23:12:00
14,138,review,2025-01-24T23:32:00
15,16,search,2025-01-13T17:18:00
15,16,view,2025-01-13T17:21:00
15,16,add_to_cart,2025-01-13T17:22:00
15,16,purchase,2025-01-13T17:23:00
15,21,view,2025-01-13T17:25:00
15,21,click,2025-01-13T17:27:00
15,7,view,2025-01-13T17:28:00
15,7,add_to_cart,2025-01-13T17:29:00
15,7,remove_cart,2025-01-13T17:31:00
15,52,search,2025-01-15T18:11:00
15,52,view,2025-01-15T18:13:00
15,52,click,2025-01-15T18:16:00
15,17,search,2025-01-17T11:36:00
15,17,view,2025-01-17T11:37:00
15,17,click,2025-01-17T11:40:00
15,88,view,2025-01-19T23:03:00
15,88,click,2025-01-19T23:05:00
15,11,search,2025-01-22T05:14:00
15,11,view,2025-01-22T05:15:00
15,11,click,2025-01-22T05:19:00
15,11,add_to_cart,2025-01-22T05:20:00
15,11,remove_cart,2025-01-22T05:22:00
15,3,view,2025-01-22T05:24:00
15,3,click,2025-01-22T05:27:00
15,13,view,2025-01-22T05:30:00
15,13,click,2025-01-22T05:33:00
15,13,add_to_cart,2025-01-22T05:36:00
15,13,purchase,2025-01-22T05:37:00
15,91,search,2025-01-25T03:59:00
15,91,view,2025-01-25T04:00:00
15,108,view,2025-01-25T04:02:00
15,108,click,2025-01-25T04:06:00
15,108,add_to_cart,2025-01-25T04:09:00
15,108,purchase,2025-01-25T04:11:00
15,62,search,2025-01-26T20:56:00
15,62,view,2025-01-26T20:57:00
15,62,click,2025-01-26T20:58:00
15,45,view,2025-01-26T21:01:00
15,45,click,2025-01-26T21:03:00
15,45,add_to_cart,2025-01-26T21:04:00
15,45,remove_cart,2025-01-26T21:06:00
15,59,view,2025-01-26T21:07:00
15,59,click,2025-01-26T21:11:00
15,59,add_to_cart,2025-01-26T21:14:00
15,59,purchase,2025-01-26T21:15:00
15,13,review,2025-01-31T05:41:00
15,59,review,2025-02-05T21:25:00
16,122,search,2025-01-11T02:52:00
16,122,view,2025-01-11T02:53:00
16,122,click,2025-01-11T02:54:00
16,112,search,2025-01-14T02:26:00
16,112,view,2025-01-14T02:28:00
16,112,click,2025-01-14T02:30:00
16,121,view,2025-01-15T19:28:00
16,121,click,2025-01-15T19:32:00
16,122,view,2025-01-15T19:35:00
16,122,click,2025-01-15T19:37:00
16,122,add_to_cart,2025-01-15T19:39:00
16,122,purchase,2025-01-15T19:41:00
16,15,search,2025-01-18T06:20:00
16,15,view,2025-01-18T06:22:00
16,15,click,2025-01-18T06:24:00
16,15,add_to_cart,2025-01-18T06:26:00
16,15,purchase,2025-01-18T06:27:00
16,22,view,2025-01-18T06:30:00
16,22,click,2025-01-18T06:34:00
16,22,add_to_cart,2025-01-18T06:35:00
16,22,remove_cart,2025-01-18T06:36:00
16,175,search,2025-01-20T17:39:00
16,175,view,2025-01-20T17:40:00
16,175,click,2025-01-20T17:42:00
16,175,add_to_cart,2025-01-20T17:43:00
16,175,remove_cart,2025-01-20T17:45:00
16,155,view,2025-01-20T17:47:00
16,155,click,2025-01-20T17:50:00
16,161,view,2025-01-20T17:51:00
16,161,click,2025-01-20T17:53:00
16,161,add_to_cart,2025-01-20T17:55:00
16,161,purchase,2025-01-20T17:56:00
16,21,search,2025-01-22T06:54:00
16,21,view,2025-01-22T06:57:00
16,21,click,2025-01-22T07:01:00
16,21,add_to_cart,2025-01-22T07:03:00
16,21,remove_cart,2025-01-22T07:05:00
16,22,view,2025-01-22T07:06:00
16,22,add_to_cart,2025-01-22T07:09:00
16,22,purchase,2025-01-22T07:11:00
16,114,search,2025-01-23T11:34:00
16,114,view,2025-01-23T11:35:00
16,114,click,2025-01-23T11:39:00
16,122,view,2025-01-23T11:40:00
16,122,click,2025-01-23T11:42:00
16,117,view,2025-01-23T11:44:00
16,117,add_to_cart,2025-01-23T11:45:00
16,117,purchase,2025-01-23T11:46:00
16,117,review,2025-01-24T11:53:00
16,4,search,2025-01-25T23:41:00
16,4,view,2025-01-25T23:42:00
16,4,click,2025-01-25T23:44:00
16,15,review,2025-01-29T06:30:00
16,22,review,2025-01-29T07:21:00
17,143,search,2025-01-09T20:31:00
17,143,view,2025-01-09T20:34:00
17,143,click,2025-01-09T20:38:00
17,148,view,2025-01-09T20:40:00
17,148,click,2025-01-09T20:43:00
17,92,search,2025-01-11T20:43:00
17,92,view,2025-01-11T20:46:00
17,92,click,2025-01-11T20:50:00
17,92,add_to_cart,2025-01-11T20:51:00
17,92,purchase,2025-01-11T20:53:00
17,88,view,2025-01-11T20:58:00
17,88,click,2025-01-11T21:01:00
17,96,view,2025-01-11T21:03:00
17,96,click,2025-01-11T21:07:00
17,105,view,2025-01-13T16:21:00
17,105,click,2025-01-13T16:22:00
17,66,view,2025-01-15T06:31:00
17,66,click,2025-01-15T06:33:00
17,66,add_to_cart,2025-01-15T06:34:00
17,66,purchase,2025-01-15T06:36:00
17,87,search,2025-01-15T19:47:00
17,87,view,2025-01-15T19:49:00
17,87,click,2025-01-15T19:50:00
17,87,add_to_cart,2025-01-15T19:53:00
17,87,remove_cart,2025-01-15T19:55:00
17,81,view,2025-01-15T19:57:00
17,81,click,2025-01-15T19:59:00
17,107,view,2025-01-17T17:16:00
17,107,click,2025-01-17T17:19:00
17,107,add_to_cart,2025-01-17T17:20:00
17,107,purchase,2025-01-17T17:22:00
17,109,search,2025-01-19T23:21:00
17,109,view,2025-01-19T23:22:00
17,109,click,2025-01-19T23:23:00
17,90,view,2025-01-19T23:25:00
17,90,click,2025-01-19T23:26:00
17,90,add_to_cart,2025-01-19T23:29:00
17,90,purchase,2025-01-19T23:31:00
17,92,review,2025-01-22T20:58:00
17,82,search,2025-01-22T21:45:00
17,82,view,2025-01-22T21:48:00
17,82,click,2025-01-22T21:52:00
18,106,view,2025-01-12T02:48:00
18,106,add_to_cart,2025-01-12T02:52:00
18,106,purchase,2025-01-12T02:53:00
18,35,search,2025-01-14T17:45:00
18,35,view,2025-01-14T17:48:00
18,35,click,2025-01-14T17:51:00
18,35,add_to_cart,2025-01-14T17:53:00
18,35,purchase,2025-01-14T17:54:00
18,27,view,2025-01-14T18:05:00
18,27,add_to_cart,2025-01-14T18:09:00
18,27,purchase,2025-01-14T18:11:00
18,36,search,2025-01-17T01:57:00
18,36,view,2025-01-17T01:58:00
18,36,click,2025-01-17T02:01:00
18,36,add_to_cart,2025-01-17T02:04:00
18,36,remove_cart,2025-01-17T02:06:00
18,28,view,2025-01-17T02:07:00
18,28,click,2025-01-17T02:11:00
18,28,add_to_cart,2025-01-17T02:12:00
18,28,purchase,2025-01-17T02:14:00
18,102,search,2025-01-19T01:52:00
18,102,view,2025-01-19T01:53:00
18,102,click,2025-01-19T01:54:00
18,105,view,2025-01-19T01:55:00
18,105,add_to_cart,2025-01-19T01:58:00
18,105,purchase,2025-01-19T02:00:00
18,28,review,2025-01-19T02:20:00
18,27,review,2025-01-20T18:20:00
18,41,search,2025-01-20T23:13:00
18,41,view,2025-01-20T23:14:00
18,41,click,2025-01-20T23:16:00
18,101,search,2025-01-22T04:44:00
18,101,view,2025-01-22T04:45:00
18,101,click,2025-01-22T04:48:00
18,20,search,2025-01-22T22:57:00
18,20,view,2025-01-22T22:59:00
18,20,click,2025-01-22T23:02:00
18,7,view,2025-01-22T23:04:00
18,7,click,2025-01-22T23:07:00
18,15,view,2025-01-22T23:09:00
18,15,click,2025-01-22T23:11:00
18,98,search,2025-01-24T12:34:00
18,98,view,2025-01-24T12:37:00
18,93,view,2025-01-24T12:41:00
18,93,click,2025-01-24T12:44:00
18,93,add_to_cart,2025-01-24T12:46:00
18,93,purchase,2025-01-24T12:47:00
18,93,review,2025-02-06T12:57:00
19,3,search,2025-01-08T13:31:00
19,3,view,2025-01-08T13:33:00
19,3,click,2025-01-08T13:35:00
19,14,view,2025-01-08T13:36:00
19,14,click,2025-01-08T13:40:00
19,17,view,2025-01-09T04:33:00
19,17,click,2025-01-09T04:34:00
19,14,view,2025-01-09T04:35:00
19,14,click,2025-01-09T04:38:00
19,14,add_to_cart,2025-01-09T04:41:00
19,14,purchase,2025-01-09T04:43:00
19,18,view,2025-01-09T04:50:00
19,18,click,2025-01-09T04:54:00
19,18,add_to_cart,2025-01-09T04:55:00
19,18,purchase,2025-01-09T04:56:00
19,126,search,2025-01-09T18:34:00
19,126,view,2025-01-09T18:36:00
19,126,click,2025-01-09T18:37:00
19,126,add_to_cart,2025-01-09T18:40:00
19,126,purchase,2025-01-09T18:42:00
19,114,view,2025-01-09T18:47:00
19,114,click,2025-01-09T18:51:00
19,121,view,2025-01-09T18:54:00
19,121,click,2025-01-09T18:57:00
19,186,search,2025-01-12T00:04:00
19,186,view,2025-01-12T00:05:00
19,186,click,2025-01-12T00:07:00
19,186,add_to_cart,2025-01-12T00:10:00
19,186,purchase,2025-01-12T00:12:00
19,115,search,2025-01-14T04:59:00
19,115,view,2025-01-14T05:00:00
19,115,click,2025-01-14T05:02:00
19,115,add_to_cart,2025-01-14T05:04:00
19,115,remove_cart,2025-01-14T05:05:00
19,127,search,2025-01-15T04:29:00
19,127,view,2025-01-15T04:31:00
19,127,click,2025-01-15T04:32:00
19,126,review,2025-01-15T18:47:00
19,129,search,2025-01-17T07:59:00
19,129,view,2025-01-17T08:01:00
19,129,click,2025-01-17T08:04:00
19,129,add_to_cart,2025-01-17T08:07:00
19,129,purchase,2025-01-17T08:09:00
19,122,view,2025-01-17T08:20:00
19,122,click,2025-01-17T08:23:00
19,122,add_to_cart,2025-01-17T08:25:00
19,122,purchase,2025-01-17T08:27:00
19,18,review,2025-01-20T05:04:00
19,129,review,2025-01-20T08:20:00
19,122,review,2025-01-27T08:37:00
20,86,search,2025-01-04T05:31:00
20,86,view,2025-01-04T05:32:00
20,86,click,2025-01-04T05:35:00
20,86,add_to_cart,2025-01-04T05:38:00
20,86,purchase,2025-01-04T05:40:00
20,71,view,2025-01-04T05:49:00
20,83,view,2025-01-04T05:53:00
20,83,click,2025-01-04T05:57:00
20,83,add_to_cart,2025-01-04T05:59:00
20,83,purchase,2025-01-04T06:01:00
20,44,search,2025-01-05T08:38:00
20,44,view,2025-01-05T08:40:00
20,44,click,2025-01-05T08:44:00
20,51,view,2025-01-05T08:45:00
20,51,click,2025-01-05T08:48:00
20,57,search,2025-01-06T23:56:00
20,57,view,2025-01-06T23:59:00
20,57,click,2025-01-07T00:01:00
20,57,add_to_cart,2025-01-07T00:02:00
20,57,purchase,2025-01-07T00:04:00
20,60,view,2025-01-07T00:07:00
20,60,click,2025-01-07T00:09:00
20,49,view,2025-01-07T00:12:00
20,151,search,2025-01-07T21:05:00
20,151,view,2025-01-07T21:06:00
20,151,click,2025-01-07T21:07:00
20,151,add_to_cart,2025-01-07T21:10:00
20,151,purchase,2025-01-07T21:11:00
20,57,review,2025-01-09T00:07:00
20,69,view,2025-01-10T19:20:00
20,69,click,2025-01-10T19:22:00
20,69,add_to_cart,2025-01-10T19:23:00
20,69,purchase,2025-01-10T19:25:00
20,70,view,2025-01-10T19:37:00
20,70,click,2025-01-10T19:40:00
20,79,view,2025-01-10T19:42:00
20,79,click,2025-01-10T19:43:00
20,79,add_to_cart,2025-01-10T19:46:00
20,79,purchase,2025-01-10T19:48:00
20,79,review,2025-01-11T19:57:00
20,151,review,2025-01-12T21:17:00
20,80,search,2025-01-13T00:39:00
20,80,view,2025-01-13T00:40:00
20,80,click,2025-01-13T00:44:00
20,69,review,2025-01-13T19:37:00
20,142,search,2025-01-14T10:21:00
20,142,view,2025-01-14T10:24:00
20,142,click,2025-01-14T10:28:00
20,141,view,2025-01-14T10:31:00
20,141,click,2025-01-14T10:32:00
20,141,add_to_cart,2025-01-14T10:34:00
20,141,purchase,2025-01-14T10:35:00
20,136,search,2025-01-17T07:18:00
20,136,view,2025-01-17T07:20:00
20,136,click,2025-01-17T07:21:00
20,136,add_to_cart,2025-01-17T07:23:00
20,136,remove_cart,2025-01-17T07:24:00
20,73,search,2025-01-18T01:11:00
20,73,view,2025-01-18T01:12:00
20,73,click,2025-01-18T01:16:00
20,73,add_to_cart,2025-01-18T01:19:00
20,73,remove_cart,2025-01-18T01:21:00
20,79,view,2025-01-18T01:23:00
20,79,add_to_cart,2025-01-18T01:24:00
20,79,purchase,2025-01-18T01:25:00
20,86,view,2025-01-18T01:30:00
20,86,click,2025-01-18T01:31:00
20,86,review,2025-01-18T05:49:00
20,79,review,2025-01-30T01:30:00
21,158,search,2025-01-12T00:00:00
21,158,view,2025-01-12T00:01:00
21,158,click,2025-01-12T00:05:00
21,156,view,2025-01-12T00:06:00
21,170,view,2025-01-12T00:08:00
21,170,add_to_cart,2025-01-12T00:12:00
21,170,remove_cart,2025-01-12T00:13:00
21,166,search,2025-01-13T09:04:00
21,166,view,2025-01-13T09:06:00
21,166,click,2025-01-13T09:07:00
21,165,view,2025-01-13T09:10:00
21,165,click,2025-01-13T09:13:00
21,165,add_to_cart,2025-01-13T09:16:00
21,165,remove_cart,2025-01-13T09:18:00
21,167,view,2025-01-13T09:19:00
21,167,click,2025-01-13T09:23:00
21,55,search,2025-01-14T12:55:00
21,55,view,2025-01-14T12:56:00
21,46,view,2025-01-14T12:57:00
21,46,click,2025-01-14T12:59:00
21,46,add_to_cart,2025-01-14T13:02:00
21,46,purchase,2025-01-14T13:03:00
21,46,review,2025-01-16T13:06:00
21,49,view,2025-01-17T12:09:00
21,49,click,2025-01-17T12:13:00
21,44,view,2025-01-17T12:16:00
21,44,click,2025-01-17T12:20:00
21,44,add_to_cart,2025-01-17T12:22:00
21,44,purchase,2025-01-17T12:23:00
21,53,view,2025-01-19T17:17:00
21,53,click,2025-01-19T17:18:00
21,55,view,2025-01-19T17:20:00
21,55,click,2025-01-19T17:22:00
21,61,view,2025-01-19T17:23:00
21,61,click,2025-01-19T17:24:00
21,61,add_to_cart,2025-01-19T17:27:00
21,61,remove_cart,2025-01-19T17:28:00
21,44,review,2025-01-21T12:29:00
21,159,search,2025-01-21T12:51:00
21,159,view,2025-01-21T12:54:00
21,159,click,2025-01-21T12:57:00
21,135,search,2025-01-24T04:25:00
21,135,view,2025-01-24T04:26:00
21,135,click,2025-01-24T04:29:00
21,132,view,2025-01-24T04:32:00
21,132,click,2025-01-24T04:36:00
21,132,add_to_cart,2025-01-24T04:38:00
21,132,purchase,2025-01-24T04:39:00
21,142,view,2025-01-24T04:45:00
21,142,click,2025-01-24T04:46:00
21,142,add_to_cart,2025-01-24T04:49:00
21,142,remove_cart,2025-01-24T04:50:00
22,36,view,2025-01-04T08:26:00
22,36,click,2025-01-04T08:29:00
22,30,view,2025-01-04T08:30:00
22,30,click,2025-01-04T08:31:00
22,30,add_to_cart,2025-01-04T08:32:00
22,30,purchase,2025-01-04T08:33:00
22,33,view,2025-01-04T08:36:00
22,33,click,2025-01-04T08:39:00
22,33,add_to_cart,2025-01-04T08:41:00
22,33,remove_cart,2025-01-04T08:43:00
22,141,search,2025-01-06T02:07:00
22,141,view,2025-01-06T02:09:00
22,141,click,2025-01-06T02:11:00
22,151,view,2025-01-06T02:14:00
22,151,click,2025-01-06T02:16:00
22,151,add_to_cart,2025-01-06T02:18:00
22,151,purchase,2025-01-06T02:20:00
22,139,view,2025-01-06T02:22:00
22,139,click,2025-01-06T02:23:00
22,26,search,2025-01-07T23:40:00
22,26,view,2025-01-07T23:41:00
22,26,click,2025-01-07T23:43:00
22,26,add_to_cart,2025-01-07T23:44:00
22,26,purchase,2025-01-07T23:45:00
22,29,view,2025-01-07T23:55:00
22,29,add_to_cart,2025-01-07T23:59:00
22,29,purchase,2025-01-08T00:00:00
22,128,search,2025-01-10T06:20:00
22,128,view,2025-01-10T06:22:00
22,128,add_to_cart,2025-01-10T06:25:00
22,128,purchase,2025-01-10T06:27:00
22,111,view,2025-01-10T06:33:00
22,111,click,2025-01-10T06:35:00
22,111,add_to_cart,2025-01-10T06:38:00
22,111,remove_cart,2025-01-10T06:39:00
22,123,view,2025-01-10T06:41:00
22,123,click,2025-01-10T06:44:00
22,123,add_to_cart,2025-01-10T06:47:00
22,123,purchase,2025-01-10T06:48:00
22,131,search,2025-01-11T14:49:00
22,131,view,2025-01-11T14:52:00
22,131,click,2025-01-11T14:53:00
22,131,add_to_cart,2025-01-11T14:55:00
22,131,purchase,2025-01-11T14:56:00
22,123,review,2025-01-12T06:57:00
22,26,review,2025-01-13T23:55:00
22,128,review,2025-01-14T06:33:00
22,137,view,2025-01-14T15:29:00
22,137,click,2025-01-14T15:31:00
22,132,view,2025-01-14T15:32:00
22,132,click,2025-01-14T15:34:00
22,131,review,2025-01-22T15:04:00
23,63,view,2025-01-12T03:16:00
23,63,click,2025-01-12T03:17:00
23,63,add_to_cart,2025-01-12T03:18:00
23,63,purchase,2025-01-12T03:20:00
23,45,view,2025-01-12T03:23:00
23,45,click,2025-01-12T03:26:00
23,45,add_to_cart,2025-01-12T03:28:00
23,45,purchase,2025-01-12T03:30:00
23,61,view,2025-01-12T03:38:00
23,61,click,2025-01-12T03:42:00
23,57,search,2025-01-12T18:22:00
23,57,view,2025-01-12T18:23:00
23,57,click,2025-01-12T18:26:00
23,47,view,2025-01-12T18:29:00
23,47,click,2025-01-12T18:30:00
23,47,add_to_cart,2025-01-12T18:31:00
23,47,purchase,2025-01-12T18:32:00
23,54,search,2025-01-15T09:13:00
23,54,view,2025-01-15T09:16:00
23,54,click,2025-01-15T09:19:00
23,54,add_to_cart,2025-01-15T09:20:00
23,54,remove_cart,2025-01-15T09:21:00
23,58,view,2025-01-15T09:23:00
23,58,click,2025-01-15T09:24:00
23,60,view,2025-01-15T09:26:00
23,60,add_to_cart,2025-01-15T09:28:00
23,60,purchase,2025-01-15T09:29:00
23,78,search,2025-01-16T08:46:00
23,78,view,2025-01-16T08:49:00
23,78,add_to_cart,2025-01-16T08:52:00
23,78,purchase,2025-01-16T08:54:00
23,77,view,2025-01-16T09:05:00
23,77,click,2025-01-16T09:09:00
23,71,view,2025-01-16T09:10:00
23,71,click,2025-01-16T09:11:00
23,71,add_to_cart,2025-01-16T09:14:00
23,71,remove_cart,2025-01-16T09:16:00
23,71,search,2025-01-17T00:18:00
23,71,view,2025-01-17T00:21:00
23,71,click,2025-01-17T00:23:00
23,76,view,2025-01-17T00:26:00
23,76,click,2025-01-17T00:27:00
23,76,add_to_cart,2025-01-17T00:30:00
23,76,purchase,2025-01-17T00:31:00
23,38,view,2025-01-18T00:23:00
23,38,click,2025-01-18T00:26:00
23,33,view,2025-01-18T00:29:00
23,33,click,2025-01-18T00:33:00
23,33,add_to_cart,2025-01-18T00:36:00
23,33,purchase,2025-01-18T00:37:00
23,45,review,2025-01-19T03:38:00
23,76,review,2025-01-20T00:38:00
23,28,view,2025-01-20T03:08:00
23,28,click,2025-01-20T03:10:00
23,78,review,2025-01-20T09:05:00
23,68,search,2025-01-21T13:31:00
23,68,view,2025-01-21T13:32:00
23,68,click,2025-01-21T13:35:00
23,68,add_to_cart,2025-01-21T13:37:00
23,68,purchase,2025-01-21T13:38:00
23,73,view,2025-01-21T13:41:00
23,73,click,2025-01-21T13:42:00
23,73,add_to_cart,2025-01-21T13:45:00
23,73,purchase,2025-01-21T13:46:00
23,55,search,2025-01-24T04:50:00
23,55,view,2025-01-24T04:53:00
23,55,click,2025-01-24T04:55:00
23,46,view,2025-01-24T04:56:00
23,46,click,2025-01-24T04:57:00
23,46,add_to_cart,2025-01-24T04:59:00
23,46,remove_cart,2025-01-24T05:00:00
23,58,view,2025-01-24T05:01:00
23,58,click,2025-01-24T05:05:00
23,33,review,2025-01-31T00:48:00
24,101,search,2025-01-10T21:41:00
24,101,view,2025-01-10T21:43:00
24,101,click,2025-01-10T21:45:00
24,101,add_to_cart,2025-01-10T21:47:00
24,101,purchase,2025-01-10T21:48:00
24,96,search,2025-01-12T05:13:00
24,96,view,2025-01-12T05:15:00
24,96,click,2025-01-12T05:19:00
24,96,add_to_cart,2025-01-12T05:21:00
24,96,purchase,2025-01-12T05:22:00
24,109,view,2025-01-12T05:34:00
24,109,click,2025-01-12T05:38:00
24,109,add_to_cart,2025-01-12T05:39:00
24,109,purchase,2025-01-12T05:41:00
24,97,view,2025-01-12T05:50:00
24,97,click,2025-01-12T05:53:00
24,90,search,2025-01-14T04:19:00
24,90,view,2025-01-14T04:21:00
24,90,click,2025-01-14T04:24:00
24,90,add_to_cart,2025-01-14T04:25:00
24,90,purchase,2025-01-14T04:27:00
24,108,view,2025-01-14T04:33:00
24,108,click,2025-01-14T04:35:00
24,108,add_to_cart,2025-01-14T04:38:00
24,108,purchase,2025-01-14T04:40:00
24,105,search,2025-01-14T20:41:00
24,105,view,2025-01-14T20:44:00
24,117,view,2025-01-15T14:13:00
24,117,click,2025-01-15T14:14:00
24,125,view,2025-01-15T14:17:00
24,125,click,2025-01-15T14:19:00
24,125,add_to_cart,2025-01-15T14:21:00
24,125,purchase,2025-01-15T14:22:00
24,119,view,2025-01-15T14:27:00
24,119,add_to_cart,2025-01-15T14:28:00
24,119,purchase,2025-01-15T14:29:00
24,35,search,2025-01-17T14:00:00
24,35,view,2025-01-17T14:02:00
24,35,add_to_cart,2025-01-17T14:06:00
24,35,remove_cart,2025-01-17T14:08:00
24,41,search,2025-01-20T13:15:00
24,41,view,2025-01-20T13:16:00
24,42,view,2025-01-20T13:19:00
24,42,click,2025-01-20T13:23:00
24,26,view,2025-01-20T13:26:00
24,26,click,2025-01-20T13:30:00
24,26,add_to_cart,2025-01-20T13:32:00
24,26,remove_cart,2025-01-20T13:34:00
24,125,review,2025-01-22T14:27:00
24,89,view,2025-01-23T01:06:00
24,89,click,2025-01-23T01:09:00
24,89,add_to_cart,2025-01-23T01:11:00
24,89,purchase,2025-01-23T01:13:00
24,32,view,2025-01-25T12:53:00
24,32,click,2025-01-25T12:56:00
24,119,review,2025-01-27T14:35:00
24,89,review,2025-02-06T01:25:00
25,170,search,2025-01-06T06:03:00
25,170,view,2025-01-06T06:04:00
25,170,click,2025-01-06T06:05:00
25,170,add_to_cart,2025-01-06T06:08:00
25,170,remove_cart,2025-01-06T06:09:00
25,165,view,2025-01-06T06:10:00
25,165,click,2025-01-06T06:11:00
25,165,add_to_cart,2025-01-06T06:13:00
25,165,purchase,2025-01-06T06:15:00
25,174,search,2025-01-08T13:22:00
25,174,view,2025-01-08T13:24:00
25,174,click,2025-01-08T13:28:00
25,157,view,2025-01-08T13:30:00
25,157,click,2025-01-08T13:33:00
25,163,search,2025-01-09T02:59:00
25,163,view,2025-01-09T03:02:00
25,162,search,2025-01-11T08:30:00
25,162,view,2025-01-11T08:33:00
25,162,click,2025-01-11T08:34:00
25,161,view,2025-01-12T13:13:00
25,161,click,2025-01-12T13:16:00
25,77,search,2025-01-13T17:32:00
25,77,view,2025-01-13T17:35:00
25,77,click,2025-01-13T17:39:00
25,80,view,2025-01-13T17:40:00
25,80,click,2025-01-13T17:43:00
25,165,review,2025-01-14T06:21:00
25,69,search,2025-01-15T03:03:00
25,69,view,2025-01-15T03:05:00
25,69,click,2025-01-15T03:08:00
25,69,add_to_cart,2025-01-15T03:11:00
25,69,purchase,2025-01-15T03:12:00
25,81,view,2025-01-15T03:17:00
25,81,click,2025-01-15T03:21:00
25,81,add_to_cart,2025-01-15T03:24:00
25,81,purchase,2025-01-15T03:25:00
25,68,view,2025-01-15T03:31:00
25,68,click,2025-01-15T03:35:00
25,164,search,2025-01-17T14:21:00
25,164,view,2025-01-17T14:24:00
25,159,search,2025-01-20T11:03:00
25,159,view,2025-01-20T11:04:00
25,159,click,2025-01-20T11:08:00
25,175,view,2025-01-20T11:10:00
25,81,review,2025-01-22T03:31:00
26,77,search,2025-01-05T18:18:00
26,77,view,2025-01-05T18:19:00
26,77,click,2025-01-05T18:23:00
26,74,view,2025-01-05T18:26:00
26,74,click,2025-01-05T18:27:00
26,59,view,2025-01-07T08:31:00
26,59,click,2025-01-07T08:33:00
26,59,add_to_cart,2025-01-07T08:34:00
26,59,remove_cart,2025-01-07T08:36:00
26,52,view,2025-01-07T08:37:00
26,52,click,2025-01-07T08:38:00
26,67,view,2025-01-08T13:54:00
26,67,click,2025-01-08T13:56:00
26,66,view,2025-01-08T13:57:00
26,66,click,2025-01-08T13:58:00
26,80,view,2025-01-08T14:00:00
26,80,click,2025-01-08T14:04:00
26,80,add_to_cart,2025-01-08T14:06:00
26,80,purchase,2025-01-08T14:07:00
26,72,search,2025-01-09T02:54:00
26,72,view,2025-01-09T02:55:00
26,72,click,2025-01-09T02:58:00
26,72,add_to_cart,2025-01-09T02:59:00
26,72,remove_cart,2025-01-09T03:01:00
26,66,view,2025-01-09T03:02:00
26,87,view,2025-01-09T03:05:00
26,87,click,2025-01-09T03:08:00
26,77,view,2025-01-10T02:09:00
26,77,click,2025-01-10T02:13:00
26,72,view,2025-01-10T02:14:00
26,72,click,2025-01-10T02:16:00
26,34,view,2025-01-12T11:58:00
26,34,add_to_cart,2025-01-12T12:02:00
26,34,purchase,2025-01-12T12:03:00
26,44,search,2025-01-14T20:12:00
26,44,view,2025-01-14T20:14:00
26,44,click,2025-01-14T20:15:00
26,23,search,2025-01-17T02:23:00
26,23,view,2025-01-17T02:25:00
26,23,click,2025-01-17T02:27:00
26,32,view,2025-01-17T02:28:00
26,32,click,2025-01-17T02:29:00
26,36,view,2025-01-17T02:30:00
26,36,click,2025-01-17T02:32:00
27,49,search,2025-01-06T00:30:00
27,49,view,2025-01-06T00:31:00
27,49,click,2025-01-06T00:32:00
27,65,view,2025-01-06T00:33:00
27,65,click,2025-01-06T00:37:00
27,113,view,2025-01-07T03:07:00
27,113,click,2025-01-07T03:10:00
27,113,add_to_cart,2025-01-07T03:11:00
27,113,purchase,2025-01-07T03:12:00
27,118,view,2025-01-07T03:18:00
27,118,click,2025-01-07T03:21:00
27,118,add_to_cart,2025-01-07T03:22:00
27,118,remove_cart,2025-01-07T03:23:00
27,130,view,2025-01-07T03:24:00
27,130,click,2025-01-07T03:26:00
27,134,search,2025-01-08T02:35:00
27,134,view,2025-01-08T02:37:00
27,134,click,2025-01-08T02:40:00
27,143,view,2025-01-08T02:43:00
27,143,click,2025-01-08T02:47:00
27,143,add_to_cart,2025-01-08T02:48:00
27,143,purchase,2025-01-08T02:49:00
27,142,view,2025-01-08T02:53:00
27,142,click,2025-01-08T02:57:00
27,142,add_to_cart,2025-01-08T03:00:00
27,142,purchase,2025-01-08T03:02:00
27,58,search,2025-01-11T01:44:00
27,58,view,2025-01-11T01:46:00
27,58,click,2025-01-11T01:50:00
27,131,search,2025-01-13T12:28:00
27,131,view,2025-01-13T12:31:00
27,131,click,2025-01-13T12:34:00
27,126,view,2025-01-13T12:37:00
27,126,click,2025-01-13T12:38:00
27,126,add_to_cart,2025-01-13T12:41:00
27,126,purchase,2025-01-13T12:43:00
27,128,view,2025-01-13T12:55:00
27,128,click,2025-01-13T12:56:00
27,137,search,2025-01-16T01:28:00
27,137,view,2025-01-16T01:30:00
27,137,click,2025-01-16T01:33:00
27,134,view,2025-01-16T01:34:00
27,134,click,2025-01-16T01:38:00
27,134,add_to_cart,2025-01-16T01:39:00
27,134,purchase,2025-01-16T01:41:00
27,143,review,2025-01-18T02:53:00
27,113,review,2025-01-18T03:18:00
27,142,review,2025-01-19T03:13:00
27,134,review,2025-01-24T01:50:00
27,126,review,2025-01-27T12:55:00
28,167,search,2025-01-08T14:35:00
28,167,view,2025-01-08T14:36:00
28,155,view,2025-01-08T14:39:00
28,155,add_to_cart,2025-01-08T14:43:00
28,155,purchase,2025-01-08T14:44:00
28,16,search,2025-01-11T00:21:00
28,16,view,2025-01-11T00:24:00
28,16,click,2025-01-11T00:26:00
28,22,view,2025-01-11T00:28:00
28,22,click,2025-01-11T00:31:00
28,12,view,2025-01-11T00:33:00
28,14,search,2025-01-13T03:46:00
28,14,view,2025-01-13T03:48:00
28,14,click,2025-01-13T03:50:00
28,4,view,2025-01-13T03:51:00
28,4,click,2025-01-13T03:52:00
28,9,view,2025-01-13T03:53:00
28,9,click,2025-01-13T03:54:00
28,5,search,2025-01-15T01:43:00
28,5,view,2025-01-15T01:45:00
28,16,view,2025-01-15T01:49:00
28,16,click,2025-01-15T01:51:00
28,1,view,2025-01-15T01:52:00
28,1,click,2025-01-15T01:54:00
28,122,view,2025-01-18T00:41:00
28,122,click,2025-01-18T00:44:00
28,123,view,2025-01-18T00:46:00
28,123,click,2025-01-18T00:50:00
28,123,add_to_cart,2025-01-18T00:51:00
28,123,purchase,2025-01-18T00:53:00
28,129,view,2025-01-18T01:03:00
28,129,click,2025-01-18T01:05:00
28,22,view,2025-01-20T10:49:00
28,22,click,2025-01-20T10:51:00
28,5,view,2025-01-20T10:54:00
28,5,click,2025-01-20T10:55:00
28,155,review,2025-01-21T14:53:00
29,176,search,2025-01-07T08:09:00
29,176,view,2025-01-07T08:10:00
29,176,click,2025-01-07T08:12:00
29,180,search,2025-01-09T17:03:00
29,180,view,2025-01-09T17:06:00
29,180,click,2025-01-09T17:07:00
29,180,add_to_cart,2025-01-09T17:09:00
29,180,purchase,2025-01-09T17:10:00
29,177,view,2025-01-09T17:20:00
29,177,click,2025-01-09T17:23:00
29,109,search,2025-01-11T16:27:00
29,109,view,2025-01-11T16:29:00
29,109,click,2025-01-11T16:31:00
29,98,view,2025-01-11T16:33:00
29,98,click,2025-01-11T16:36:00
29,138,search,2025-01-12T16:22:00
29,138,view,2025-01-12T16:23:00
29,138,click,2025-01-12T16:24:00
29,138,add_to_cart,2025-01-12T16:26:00
29,138,remove_cart,2025-01-12T16:28:00
29,141,view,2025-01-12T16:30:00
29,141,click,2025-01-12T16:31:00
29,146,view,2025-01-12T16:34:00
29,146,click,2025-01-12T16:35:00
29,197,search,2025-01-15T07:13:00
29,197,view,2025-01-15T07:14:00
29,197,click,2025-01-15T07:17:00
29,185,view,2025-01-15T07:18:00
29,185,click,2025-01-15T07:20:00
29,185,add_to_cart,2025-01-15T07:23:00
29,185,remove_cart,2025-01-15T07:25:00
29,191,view,2025-01-15T07:26:00
29,191,click,2025-01-15T07:29:00
29,191,add_to_cart,2025-01-15T07:31:00
29,191,purchase,2025-01-15T07:33:00
29,95,search,2025-01-17T11:43:00
29,95,view,2025-01-17T11:44:00
29,95,click,2025-01-17T11:47:00
29,95,add_to_cart,2025-01-17T11:48:00
29,95,remove_cart,2025-01-17T11:50:00
29,108,view,2025-01-17T11:52:00
29,108,click,2025-01-17T11:56:00
29,180,review,2025-01-18T17:20:00
29,191,review,2025-01-26T07:45:00
30,83,search,2025-01-02T21:13:00
30,83,view,2025-01-02T21:14:00
30,83,click,2025-01-02T21:18:00
30,66,view,2025-01-02T21:19:00
30,66,click,2025-01-02T21:23:00
30,86,view,2025-01-02T21:24:00
30,86,click,2025-01-02T21:26:00
30,86,add_to_cart,2025-01-02T21:29:00
30,86,remove_cart,2025-01-02T21:30:00
30,112,search,2025-01-05T19:47:00
30,112,view,2025-01-05T19:49:00
30,112,click,2025-01-05T19:53:00
30,112,add_to_cart,2025-01-05T19:54:00
30,112,purchase,2025-01-05T19:55:00
30,128,view,2025-01-05T20:07:00
30,128,click,2025-01-05T20:08:00
30,128,add_to_cart,2025-01-05T20:11:00
30,128,purchase,2025-01-05T20:12:00
30,117,view,2025-01-05T20:22:00
30,117,click,2025-01-05T20:25:00
30,122,search,2025-01-06T09:57:00
30,122,view,2025-01-06T09:58:00
30,122,click,2025-01-06T10:00:00
30,122,add_to_cart,2025-01-06T10:03:00
30,122,purchase,2025-01-06T10:04:00
30,131,view,2025-01-06T10:16:00
30,131,click,2025-01-06T10:18:00
30,122,review,2025-01-07T10:16:00
30,127,search,2025-01-07T12:06:00
30,127,view,2025-01-07T12:09:00
30,127,click,2025-01-07T12:12:00
30,112,view,2025-01-07T12:15:00
30,112,click,2025-01-07T12:17:00
30,119,view,2025-01-07T12:18:00
30,119,click,2025-01-07T12:21:00
30,105,search,2025-01-09T06:03:00
30,105,view,2025-01-09T06:05:00
30,105,click,2025-01-09T06:06:00
30,121,search,2025-01-11T12:48:00
30,121,view,2025-01-11T12:50:00
30,121,add_to_cart,2025-01-11T12:51:00
30,121,purchase,2025-01-11T12:53:00
30,114,view,2025-01-11T13:05:00
30,114,click,2025-01-11T13:07:00
30,128,review,2025-01-18T20:22:00
30,121,review,2025-01-21T13:05:00
31,152,search,2025-01-07T09:23:00
31,152,view,2025-01-07T09:26:00
31,145,view,2025-01-07T09:29:00
31,145,click,2025-01-07T09:32:00
31,140,view,2025-01-07T09:34:00
31,140,click,2025-01-07T09:36:00
31,138,search,2025-01-08T02:23:00
31,138,view,2025-01-08T02:24:00
31,138,click,2025-01-08T02:25:00
31,138,add_to_cart,2025-01-08T02:28:00
31,138,purchase,2025-01-08T02:29:00
31,140,view,2025-01-08T02:39:00
31,140,click,2025-01-08T02:43:00
31,140,add_to_cart,2025-01-08T02:44:00
31,140,purchase,2025-01-08T02:45:00
31,152,view,2025-01-08T02:56:00
31,152,click,2025-01-08T02:59:00
31,59,view,2025-01-10T09:17:00
31,59,click,2025-01-10T09:19:00
31,59,add_to_cart,2025-01-10T09:20:00
31,59,purchase,2025-01-10T09:21:00
31,43,view,2025-01-10T09:32:00
31,43,click,2025-01-10T09:34:00
31,147,search,2025-01-11T11:40:00
31,147,view,2025-01-11T11:41:00
31,147,click,2025-01-11T11:42:00
31,58,search,2025-01-14T07:47:00
31,58,view,2025-01-14T07:50:00
31,58,click,2025-01-14T07:53:00
31,57,view,2025-01-14T07:56:00
31,57,click,2025-01-14T07:59:00
31,13,search,2025-01-16T13:25:00
31,13,view,2025-01-16T13:28:00
31,13,click,2025-01-16T13:29:00
31,138,review,2025-01-17T02:39:00
31,144,view,2025-01-19T04:01:00
31,144,click,2025-01-19T04:02:00
31,144,add_to_cart,2025-01-19T04:03:00
31,144,remove_cart,2025-01-19T04:04:00
31,143,view,2025-01-19T04:06:00
31,143,click,2025-01-19T04:08:00
31,143,add_to_cart,2025-01-19T04:09:00
31,143,purchase,2025-01-19T04:10:00
31,147,view,2025-01-19T04:18:00
31,147,click,2025-01-19T04:19:00
32,61,search,2025-01-06T02:32:00
32,61,view,2025-01-06T02:35:00
32,61,click,2025-01-06T02:37:00
32,48,view,2025-01-06T02:39:00
32,48,click,2025-01-06T02:43:00
32,47,view,2025-01-06T02:46:00
32,47,add_to_cart,2025-01-06T02:49:00
32,47,purchase,2025-01-06T02:51:00
32,19,search,2025-01-08T19:44:00
32,19,view,2025-01-08T19:47:00
32,19,click,2025-01-08T19:50:00
32,19,add_to_cart,2025-01-08T19:53:00
32,19,purchase,2025-01-08T19:55:00
32,43,view,2025-01-09T20:31:00
32,43,click,2025-01-09T20:35:00
32,43,add_to_cart,2025-01-09T20:38:00
32,43,purchase,2025-01-09T20:40:00
32,4,view,2025-01-12T02:59:00
32,3,view,2025-01-12T03:00:00
32,3,click,2025-01-12T03:04:00
32,16,view,2025-01-12T03:06:00
32,16,click,2025-01-12T03:10:00
32,47,review,2025-01-13T02:55:00
32,150,search,2025-01-13T18:20:00
32,150,view,2025-01-13T18:21:00
32,150,click,2025-01-13T18:22:00
32,150,add_to_cart,2025-01-13T18:25:00
32,150,remove_cart,2025-01-13T18:26:00
32,135,view,2025-01-13T18:27:00
32,135,click,2025-01-13T18:28:00
32,14,search,2025-01-14T12:39:00
32,14,view,2025-01-14T12:42:00
32,14,click,2025-01-14T12:45:00
32,14,add_to_cart,2025-01-14T12:48:00
32,14,purchase,2025-01-14T12:50:00
32,12,view,2025-01-14T13:02:00
32,12,click,2025-01-14T13:06:00
32,19,review,2025-01-15T19:58:00
32,14,review,2025-01-18T13:02:00
32,43,review,2025-01-22T20:51:00
33,166,search,2025-01-05T09:47:00
33,166,view,2025-01-05T09:50:00
33,166,click,2025-01-05T09:52:00
33,166,add_to_cart,2025-01-05T09:55:00
33,166,purchase,2025-01-05T09:57:00
33,158,view,2025-01-05T10:08:00
33,158,click,2025-01-05T10:09:00
33,158,add_to_cart,2025-01-05T10:12:00
33,158,purchase,2025-01-05T10:13:00
33,175,view,2025-01-05T10:22:00
33,175,click,2025-01-05T10:26:00
33,175,add_to_cart,2025-01-05T10:28:00
33,175,purchase,2025-01-05T10:29:00
33,174,search,2025-01-07T20:15:00
33,174,view,2025-01-07T20:16:00
33,174,click,2025-01-07T20:20:00
33,170,view,2025-01-07T20:21:00
33,170,click,2025-01-07T20:24:00
33,163,view,2025-01-07T20:27:00
33,163,click,2025-01-07T20:29:00
33,163,add_to_cart,2025-01-07T20:32:00
33,163,purchase,2025-01-07T20:33:00
33,175,search,2025-01-09T10:14:00
33,175,view,2025-01-09T10:15:00
33,166,view,2025-01-09T10:16:00
33,166,click,2025-01-09T10:19:00
33,166,add_to_cart,2025-01-09T10:21:00
33,166,purchase,2025-01-09T10:22:00
33,167,search,2025-01-11T06:36:00
33,167,view,2025-01-11T06:39:00
33,167,click,2025-01-11T06:42:00
33,172,search,2025-01-12T19:19:00
33,172,view,2025-01-12T19:20:00
33,162,view,2025-01-12T19:23:00
33,168,view,2025-01-12T19:27:00
33,168,click,2025-01-12T19:31:00
33,168,add_to_cart,2025-01-12T19:32:00
33,168,purchase,2025-01-12T19:33:00
33,163,review,2025-01-12T20:37:00
33,170,view,2025-01-13T08:22:00
33,170,click,2025-01-13T08:24:00
33,171,view,2025-01-13T08:26:00
33,171,click,2025-01-13T08:29:00
33,172,view,2025-01-14T13:41:00
33,172,click,2025-01-14T13:43:00
33,172,add_to_cart,2025-01-14T13:44:00
33,172,purchase,2025-01-14T13:45:00
33,121,search,2025-01-15T09:48:00
33,121,view,2025-01-15T09:51:00
33,121,click,2025-01-15T09:55:00
33,114,view,2025-01-15T09:58:00
33,114,click,2025-01-15T10:02:00
33,113,view,2025-01-15T10:04:00
33,113,click,2025-01-15T10:07:00
33,113,add_to_cart,2025-01-15T10:10:00
33,113,purchase,2025-01-15T10:11:00
33,171,search,2025-01-17T06:37:00
33,171,view,2025-01-17T06:40:00
33,171,click,2025-01-17T06:42:00
33,155,view,2025-01-17T06:43:00
33,155,click,2025-01-17T06:47:00
33,155,add_to_cart,2025-01-17T06:48:00
33,155,purchase,2025-01-17T06:49:00
33,171,search,2025-01-18T11:07:00
33,171,view,2025-01-18T11:10:00
33,171,click,2025-01-18T11:13:00
33,171,add_to_cart,2025-01-18T11:15:00
33,171,purchase,2025-01-18T11:17:00
33,171,review,2025-01-25T11:24:00
33,155,review,2025-01-27T06:52:00
33,113,review,2025-01-28T10:15:00
33,172,review,2025-01-28T13:50:00
34,30,search,2025-01-10T01:15:00
34,30,view,2025-01-10T01:17:00
34,30,click,2025-01-10T01:19:00
34,30,add_to_cart,2025-01-10T01:22:00
34,30,remove_cart,2025-01-10T01:23:00
34,26,view,2025-01-10T01:25:00
34,31,view,2025-01-10T01:27:00
34,31,click,2025-01-10T01:30:00
34,31,add_to_cart,2025-01-10T01:32:00
34,31,purchase,2025-01-10T01:33:00
34,174,search,2025-01-11T18:24:00
34,174,view,2025-01-11T18:26:00
34,174,click,2025-01-11T18:29:00
34,174,add_to_cart,2025-01-11T18:31:00
34,174,remove_cart,2025-01-11T18:33:00
34,157,view,2025-01-11T18:34:00
34,157,add_to_cart,2025-01-11T18:36:00
34,157,purchase,2025-01-11T18:38:00
34,166,search,2025-01-13T22:05:00
34,166,view,2025-01-13T22:06:00
34,166,click,2025-01-13T22:08:00
34,166,add_to_cart,2025-01-13T22:10:00
34,166,purchase,2025-01-13T22:12:00
34,98,search,2025-01-15T05:00:00
34,98,view,2025-01-15T05:03:00
34,98,click,2025-01-15T05:07:00
34,108,view,2025-01-15T05:09:00
34,108,click,2025-01-15T05:12:00
34,159,search,2025-01-17T23:16:00
34,159,view,2025-01-17T23:17:00
34,93,search,2025-01-19T12:26:00
34,93,view,2025-01-19T12:28:00
34,93,click,2025-01-19T12:29:00
34,166,review,2025-01-19T22:15:00
34,96,search,2025-01-21T15:40:00
34,96,view,2025-01-21T15:42:00
34,96,click,2025-01-21T15:45:00
34,96,add_to_cart,2025-01-21T15:48:00
34,96,remove_cart,2025-01-21T15:49:00
34,31,review,2025-01-24T01:37:00
35,193,search,2025-01-07T02:28:00
35,193,view,2025-01-07T02:31:00
35,193,click,2025-01-07T02:33:00
35,184,view,2025-01-07T02:35:00
35,184,click,2025-01-07T02:39:00
35,193,search,2025-01-09T17:47:00
35,193,view,2025-01-09T17:49:00
35,193,click,2025-01-09T17:53:00
35,193,add_to_cart,2025-01-09T17:55:00
35,193,purchase,2025-01-09T17:56:00
35,183,view,2025-01-09T18:05:00
35,10,search,2025-01-10T20:59:00
35,10,view,2025-01-10T21:01:00
35,10,click,2025-01-10T21:03:00
35,10,add_to_cart,2025-01-10T21:06:00
35,10,remove_cart,2025-01-10T21:07:00
35,20,view,2025-01-10T21:09:00
35,20,click,2025-01-10T21:13:00
35,20,add_to_cart,2025-01-10T21:14:00
35,20,purchase,2025-01-10T21:15:00
35,119,view,2025-01-13T09:00:00
35,119,click,2025-01-13T09:04:00
35,119,add_to_cart,2025-01-13T09:05:00
35,119,remove_cart,2025-01-13T09:07:00
35,130,view,2025-01-13T09:09:00
35,130,click,2025-01-13T09:13:00
35,180,search,2025-01-14T00:50:00
35,180,view,2025-01-14T00:51:00
35,180,click,2025-01-14T00:54:00
35,180,add_to_cart,2025-01-14T00:57:00
35,180,remove_cart,2025-01-14T00:58:00
35,7,view,2025-01-15T15:18:00
35,11,view,2025-01-15T15:22:00
35,11,click,2025-01-15T15:23:00
35,11,add_to_cart,2025-01-15T15:24:00
35,11,remove_cart,2025-01-15T15:26:00
35,9,view,2025-01-18T07:52:00
35,183,search,2025-01-18T22:05:00
35,183,view,2025-01-18T22:06:00
35,183,click,2025-01-18T22:08:00
35,199,view,2025-01-18T22:11:00
35,199,click,2025-01-18T22:14:00
35,199,add_to_cart,2025-01-18T22:17:00
35,199,purchase,2025-01-18T22:18:00
35,193,review,2025-01-21T18:05:00
35,199,review,2025-01-24T22:30:00
36,71,search,2025-01-06T10:17:00
36,71,view,2025-01-06T10:19:00
36,71,click,2025-01-06T10:21:00
36,198,view,2025-01-07T07:45:00
36,198,click,2025-01-07T07:47:00
36,195,view,2025-01-07T07:48:00
36,177,search,2025-01-08T18:32:00
36,177,view,2025-01-08T18:35:00
36,177,click,2025-01-08T18:36:00
36,177,add_to_cart,2025-01-08T18:37:00
36,177,purchase,2025-01-08T18:39:00
36,13,search,2025-01-09T23:45:00
36,13,view,2025-01-09T23:48:00
36,13,click,2025-01-09T23:52:00
36,12,view,2025-01-09T23:55:00
36,12,click,2025-01-09T23:57:00
36,12,add_to_cart,2025-01-10T00:00:00
36,12,purchase,2025-01-10T00:02:00
36,5,view,2025-01-10T00:13:00
36,5,click,2025-01-10T00:15:00
36,5,add_to_cart,2025-01-10T00:16:00
36,5,purchase,2025-01-10T00:18:00
36,199,search,2025-01-12T20:28:00
36,199,view,2025-01-12T20:30:00
36,199,click,2025-01-12T20:32:00
36,181,view,2025-01-12T20:33:00
36,181,click,2025-01-12T20:37:00
36,195,search,2025-01-14T03:00:00
36,195,view,2025-01-14T03:02:00
36,195,click,2025-01-14T03:03:00
36,195,add_to_cart,2025-01-14T03:06:00
36,195,remove_cart,2025-01-14T03:07:00
36,16,search,2025-01-15T03:14:00
36,16,view,2025-01-15T03:17:00
36,16,click,2025-01-15T03:21:00
36,177,search,2025-01-16T06:02:00
36,177,view,2025-01-16T06:03:00
36,177,click,2025-01-16T06:05:00
36,187,view,2025-01-16T06:06:00
36,187,click,2025-01-16T06:07:00
36,67,search,2025-01-17T11:43:00
36,67,view,2025-01-17T11:44:00
36,67,click,2025-01-17T11:47:00
36,85,view,2025-01-17T11:48:00
36,85,click,2025-01-17T11:49:00
36,5,review,2025-01-21T00:27:00
37,93,view,2025-01-10T19:06:00
37,93,click,2025-01-10T19:09:00
37,105,view,2025-01-10T19:12:00
37,105,click,2025-01-10T19:13:00
37,101,view,2025-01-10T19:14:00
37,101,click,2025-01-10T19:17:00
37,186,search,2025-01-12T04:14:00
37,186,view,2025-01-12T04:17:00
37,186,click,2025-01-12T04:21:00
37,193,view,2025-01-12T04:23:00
37,193,click,2025-01-12T04:25:00
37,190,search,2025-01-12T17:14:00
37,190,view,2025-01-12T17:16:00
37,190,click,2025-01-12T17:17:00
37,190,add_to_cart,2025-01-12T17:19:00
37,190,remove_cart,2025-01-12T17:20:00
37,188,view,2025-01-12T17:22:00
37,188,click,2025-01-12T17:23:00
37,105,search,2025-01-13T11:28:00
37,105,view,2025-01-13T11:29:00
37,105,click,2025-01-13T11:31:00
37,105,add_to_cart,2025-01-13T11:34:00
37,105,purchase,2025-01-13T11:36:00
37,106,view,2025-01-13T11:39:00
37,106,click,2025-01-13T11:41:00
37,106,add_to_cart,2025-01-13T11:44:00
37,106,remove_cart,2025-01-13T11:46:00
37,92,view,2025-01-13T11:47:00
37,92,click,2025-01-13T11:50:00
37,92,add_to_cart,2025-01-13T11:53:00
37,92,purchase,2025-01-13T11:54:00
37,179,search,2025-01-14T14:48:00
37,179,view,2025-01-14T14:51:00
37,179,click,2025-01-14T14:52:00
37,179,add_to_cart,2025-01-14T14:55:00
37,179,purchase,2025-01-14T14:57:00
37,200,view,2025-01-14T15:04:00
37,200,click,2025-01-14T15:07:00
37,200,add_to_cart,2025-01-14T15:08:00
37,200,purchase,2025-01-14T15:10:00
37,79,search,2025-01-15T22:11:00
37,79,view,2025-01-15T22:12:00
37,79,click,2025-01-15T22:15:00
37,96,search,2025-01-17T11:50:00
37,96,view,2025-01-17T11:53:00
37,96,click,2025-01-17T11:55:00
37,90,view,2025-01-17T11:57:00
37,90,click,2025-01-17T12:01:00
37,90,add_to_cart,2025-01-17T12:04:00
37,90,remove_cart,2025-01-17T12:05:00
37,179,review,2025-01-17T15:04:00
37,92,review,2025-01-27T12:01:00
38,153,search,2025-01-12T18:27:00
38,153,view,2025-01-12T18:28:00
38,153,click,2025-01-12T18:31:00
38,153,add_to_cart,2025-01-12T18:34:00
38,153,remove_cart,2025-01-12T18:36:00
38,173,view,2025-01-14T10:40:00
38,173,click,2025-01-14T10:42:00
38,173,add_to_cart,2025-01-14T10:44:00
38,173,remove_cart,2025-01-14T10:45:00
38,158,view,2025-01-14T10:46:00
38,120,search,2025-01-16T19:39:00
38,120,view,2025-01-16T19:41:00
38,120,click,2025-01-16T19:45:00
38,149,search,2025-01-18T17:34:00
38,149,view,2025-01-18T17:36:00
38,149,click,2025-01-18T17:38:00
38,149,add_to_cart,2025-01-18T17:41:00
38,149,purchase,2025-01-18T17:42:00
38,162,search,2025-01-20T22:44:00
38,162,view,2025-01-20T22:47:00
38,162,click,2025-01-20T22:50:00
38,162,add_to_cart,2025-01-20T22:53:00
38,162,remove_cart,2025-01-20T22:54:00
38,155,view,2025-01-20T22:56:00
38,168,view,2025-01-20T22:58:00
38,156,search,2025-01-22T19:28:00
38,156,view,2025-01-22T19:31:00
38,156,click,2025-01-22T19:32:00
38,156,add_to_cart,2025-01-22T19:35:00
38,156,purchase,2025-01-22T19:37:00
38,159,view,2025-01-22T19:41:00
38,159,click,2025-01-22T19:44:00
38,159,add_to_cart,2025-01-22T19:46:00
38,159,purchase,2025-01-22T19:48:00
38,160,view,2025-01-22T20:00:00
38,142,search,2025-01-25T17:26:00
38,142,view,2025-01-25T17:27:00
38,142,click,2025-01-25T17:31:00
38,161,view,2025-01-26T15:01:00
38,161,click,2025-01-26T15:04:00
38,161,add_to_cart,2025-01-26T15:05:00
38,161,purchase,2025-01-26T15:06:00
38,167,view,2025-01-26T15:18:00
38,167,click,2025-01-26T15:20:00
38,172,view,2025-01-26T15:23:00
38,172,click,2025-01-26T15:25:00
38,164,search,2025-01-27T08:01:00
38,164,view,2025-01-27T08:04:00
38,164,click,2025-01-27T08:05:00
38,123,view,2025-01-29T00:53:00
38,123,click,2025-01-29T00:56:00
38,123,add_to_cart,2025-01-29T00:57:00
38,123,remove_cart,2025-01-29T00:58:00
38,119,view,2025-01-29T01:00:00
38,119,click,2025-01-29T01:02:00
38,159,review,2025-01-29T20:00:00
38,149,review,2025-01-31T17:44:00
38,156,review,2025-02-02T19:41:00
39,129,view,2025-01-11T02:11:00
39,129,click,2025-01-11T02:15:00
39,129,add_to_cart,2025-01-11T02:16:00
39,129,purchase,2025-01-11T02:17:00
39,125,view,2025-01-11T02:19:00
39,125,click,2025-01-11T02:23:00
39,130,view,2025-01-11T02:26:00
39,130,click,2025-01-11T02:28:00
39,33,view,2025-01-12T17:55:00
39,33,click,2025-01-12T17:59:00
39,37,view,2025-01-12T18:01:00
39,37,click,2025-01-12T18:02:00
39,30,view,2025-01-12T18:04:00
39,30,add_to_cart,2025-01-12T18:05:00
39,30,purchase,2025-01-12T18:07:00
39,177,view,2025-01-14T10:34:00
39,177,click,2025-01-14T10:37:00
39,177,add_to_cart,2025-01-14T10:39:00
39,177,purchase,2025-01-14T10:40:00
39,182,view,2025-01-14T10:44:00
39,182,click,2025-01-14T10:48:00
39,182,add_to_cart,2025-01-14T10:51:00
39,182,purchase,2025-01-14T10:52:00
39,185,view,2025-01-14T10:59:00
39,185,click,2025-01-14T11:03:00
39,31,search,2025-01-15T19:50:00
39,31,view,2025-01-15T19:53:00
39,31,click,2025-01-15T19:55:00
39,31,add_to_cart,2025-01-15T19:56:00
39,31,purchase,2025-01-15T19:58:00
39,182,review,2025-01-17T10:59:00
39,195,search,2025-01-17T19:25:00
39,195,view,2025-01-17T19:26:00
39,195,click,2025-01-17T19:29:00
39,181,view,2025-01-17T19:32:00
39,181,add_to_cart,2025-01-17T19:34:00
39,181,purchase,2025-01-17T19:35:00
39,188,view,2025-01-17T19:41:00
39,188,click,2025-01-17T19:45:00
39,188,add_to_cart,2025-01-17T19:46:00
39,188,purchase,2025-01-17T19:47:00
39,37,search,2025-01-19T15:43:00
39,37,view,2025-01-19T15:44:00
39,37,click,2025-01-19T15:48:00
39,37,search,2025-01-21T18:29:00
39,37,view,2025-01-21T18:32:00
39,37,click,2025-01-21T18:35:00
39,25,view,2025-01-21T18:38:00
39,25,click,2025-01-21T18:40:00
39,25,add_to_cart,2025-01-21T18:41:00
39,25,remove_cart,2025-01-21T18:43:00
39,31,review,2025-01-22T20:01:00
39,195,search,2025-01-24T16:49:00
39,195,view,2025-01-24T16:51:00
39,195,click,2025-01-24T16:53:00
39,185,view,2025-01-24T16:55:00
39,186,view,2025-01-24T16:57:00
39,186,add_to_cart,2025-01-24T17:00:00
39,186,purchase,2025-01-24T17:02:00
39,177,review,2025-01-25T10:44:00
39,25,search,2025-01-25T13:17:00
39,25,view,2025-01-25T13:19:00
39,25,click,2025-01-25T13:22:00
39,25,add_to_cart,2025-01-25T13:25:00
39,25,purchase,2025-01-25T13:26:00
39,32,view,2025-01-25T13:29:00
39,32,click,2025-01-25T13:30:00
39,38,view,2025-01-25T13:33:00
39,38,click,2025-01-25T13:36:00
39,38,add_to_cart,2025-01-25T13:38:00
39,38,purchase,2025-01-25T13:40:00
40,75,search,2025-01-10T22:00:00
40,75,view,2025-01-10T22:02:00
40,75,click,2025-01-10T22:03:00
40,155,view,2025-01-12T08:39:00
40,155,click,2025-01-12T08:41:00
40,164,view,2025-01-12T08:42:00
40,164,click,2025-01-12T08:45:00
40,164,add_to_cart,2025-01-12T08:47:00
40,164,purchase,2025-01-12T08:49:00
40,172,search,2025-01-12T22:45:00
40,172,view,2025-01-12T22:47:00
40,173,view,2025-01-12T22:50:00
40,173,click,2025-01-12T22:54:00
40,173,add_to_cart,2025-01-12T22:57:00
40,173,purchase,2025-01-12T22:58:00
40,155,search,2025-01-14T06:44:00
40,155,view,2025-01-14T06:46:00
40,155,click,2025-01-14T06:47:00
40,155,add_to_cart,2025-01-14T06:50:00
40,155,remove_cart,2025-01-14T06:52:00
40,170,view,2025-01-14T06:53:00
40,170,click,2025-01-14T06:56:00
40,71,search,2025-01-15T19:09:00
40,71,view,2025-01-15T19:11:00
40,71,click,2025-01-15T19:14:00
40,71,add_to_cart,2025-01-15T19:16:00
40,71,purchase,2025-01-15T19:18:00
40,84,view,2025-01-15T19:25:00
40,84,click,2025-01-15T19:27:00
40,84,add_to_cart,2025-01-15T19:28:00
40,84,purchase,2025-01-15T19:29:00
40,85,view,2025-01-15T19:32:00
40,85,add_to_cart,2025-01-15T19:36:00
40,85,purchase,2025-01-15T19:38:00
40,84,review,2025-01-16T19:32:00
40,192,search,2025-01-18T02:56:00
40,192,view,2025-01-18T02:57:00
40,192,click,2025-01-18T03:01:00
40,192,add_to_cart,2025-01-18T03:04:00
40,192,purchase,2025-01-18T03:06:00
40,190,view,2025-01-18T21:51:00
40,190,click,2025-01-18T21:54:00
40,177,view,2025-01-18T21:56:00
40,177,click,2025-01-18T21:58:00
40,177,add_to_cart,2025-01-18T21:59:00
40,177,purchase,2025-01-18T22:01:00
40,71,review,2025-01-20T19:25:00
40,85,review,2025-01-21T19:48:00
40,177,review,2025-01-21T22:13:00
41,4,search,2025-01-02T21:35:00
41,4,view,2025-01-02T21:36:00
41,4,click,2025-01-02T21:39:00
41,4,add_to_cart,2025-01-02T21:40:00
41,4,purchase,2025-01-02T21:42:00
41,7,view,2025-01-02T21:44:00
41,7,click,2025-01-02T21:45:00
41,7,add_to_cart,2025-01-02T21:46:00
41,7,remove_cart,2025-01-02T21:48:00
41,18,view,2025-01-02T21:50:00
41,18,click,2025-01-02T21:53:00
41,3,view,2025-01-03T17:59:00
41,3,click,2025-01-03T18:03:00
41,15,view,2025-01-03T18:05:00
41,15,click,2025-01-03T18:09:00
41,15,add_to_cart,2025-01-03T18:10:00
41,15,purchase,2025-01-03T18:12:00
41,19,view,2025-01-03T18:20:00
41,19,click,2025-01-03T18:23:00
41,58,search,2025-01-04T13:47:00
41,58,view,2025-01-04T13:48:00
41,58,click,2025-01-04T13:51:00
41,13,view,2025-01-07T06:39:00
41,13,click,2025-01-07T06:42:00
41,13,search,2025-01-08T20:58:00
41,13,view,2025-01-08T21:01:00
41,13,add_to_cart,2025-01-08T21:03:00
41,13,remove_cart,2025-01-08T21:05:00
41,19,view,2025-01-08T21:07:00
41,19,click,2025-01-08T21:11:00
41,4,review,2025-01-10T21:44:00
41,64,search,2025-01-11T03:17:00
41,64,view,2025-01-11T03:20:00
41,64,click,2025-01-11T03:24:00
41,15,view,2025-01-12T02:46:00
41,15,click,2025-01-12T02:47:00
41,103,search,2025-01-14T08:53:00
41,103,view,2025-01-14T08:54:00
41,103,click,2025-01-14T08:55:00
41,103,add_to_cart,2025-01-14T08:58:00
41,103,purchase,2025-01-14T09:00:00
41,108,view,2025-01-14T09:11:00
41,108,click,2025-01-14T09:14:00
41,108,add_to_cart,2025-01-14T09:17:00
41,108,purchase,2025-01-14T09:19:00
41,15,review,2025-01-14T18:20:00
41,20,view,2025-01-16T05:51:00
41,20,click,2025-01-16T05:54:00
41,103,review,2025-01-18T09:11:00
41,60,view,2025-01-19T01:15:00
41,60,click,2025-01-19T01:17:00
41,60,add_to_cart,2025-01-19T01:20:00
41,60,purchase,2025-01-19T01:22:00
41,54,view,2025-01-19T01:30:00
41,54,click,2025-01-19T01:32:00
41,54,add_to_cart,2025-01-19T01:34:00
41,54,purchase,2025-01-19T01:36:00
41,46,view,2025-01-19T01:43:00
41,46,click,2025-01-19T01:45:00
41,46,add_to_cart,2025-01-19T01:48:00
41,46,remove_cart,2025-01-19T01:49:00
41,60,review,2025-01-28T01:30:00
42,63,view,2025-01-08T14:26:00
42,63,click,2025-01-08T14:30:00
42,122,search,2025-01-09T16:43:00
42,122,view,2025-01-09T16:44:00
42,122,click,2025-01-09T16:48:00
42,121,view,2025-01-09T16:49:00
42,121,click,2025-01-09T16:52:00
42,61,search,2025-01-11T11:40:00
42,61,view,2025-01-11T11:43:00
42,61,add_to_cart,2025-01-11T11:47:00
42,61,purchase,2025-01-11T11:49:00
42,58,search,2025-01-13T16:39:00
42,58,view,2025-01-13T16:42:00
42,58,click,2025-01-13T16:43:00
42,155,search,2025-01-16T05:46:00
42,155,view,2025-01-16T05:49:00
42,155,click,2025-01-16T05:53:00
42,155,add_to_cart,2025-01-16T05:55:00
42,155,purchase,2025-01-16T05:57:00
42,164,view,2025-01-16T05:59:00
42,164,click,2025-01-16T06:02:00
42,164,add_to_cart,2025-01-16T06:05:00
42,164,purchase,2025-01-16T06:07:00
42,171,view,2025-01-16T06:18:00
42,171,click,2025-01-16T06:19:00
42,171,add_to_cart,2025-01-16T06:20:00
42,171,purchase,2025-01-16T06:21:00
42,162,search,2025-01-18T17:34:00
42,162,view,2025-01-18T17:37:00
42,162,click,2025-01-18T17:39:00
42,154,view,2025-01-18T17:41:00
42,154,click,2025-01-18T17:44:00
42,120,search,2025-01-19T10:54:00
42,120,view,2025-01-19T10:55:00
42,120,click,2025-01-19T10:59:00
42,164,review,2025-01-21T06:18:00
42,61,review,2025-01-21T11:52:00
42,171,review,2025-01-26T06:27:00
43,77,view,2025-01-09T07:48:00
43,77,click,2025-01-09T07:49:00
43,67,view,2025-01-09T07:51:00
43,67,click,2025-01-09T07:55:00
43,67,add_to_cart,2025-01-09T07:58:00
43,67,purchase,2025-01-09T08:00:00
43,86,view,2025-01-09T08:04:00
43,86,click,2025-01-09T08:05:00
43,86,add_to_cart,2025-01-09T08:07:00
43,86,purchase,2025-01-09T08:09:00
43,86,search,2025-01-11T12:19:00
43,86,view,2025-01-11T12:21:00
43,86,click,2025-01-11T12:24:00
43,86,add_to_cart,2025-01-11T12:25:00
43,86,purchase,2025-01-11T12:27:00
43,77,view,2025-01-11T12:39:00
43,77,click,2025-01-11T12:41:00
43,79,view,2025-01-11T12:44:00
43,79,click,2025-01-11T12:46:00
43,79,search,2025-01-12T07:20:00
43,79,view,2025-01-12T07:22:00
43,79,click,2025-01-12T07:25:00
43,79,add_to_cart,2025-01-12T07:27:00
43,79,remove_cart,2025-01-12T07:28:00
43,87,search,2025-01-14T11:36:00
43,87,view,2025-01-14T11:37:00
43,87,add_to_cart,2025-01-14T11:38:00
43,87,purchase,2025-01-14T11:39:00
43,72,view,2025-01-14T11:43:00
43,72,click,2025-01-14T11:44:00
43,85,view,2025-01-14T11:46:00
43,85,click,2025-01-14T11:49:00
43,85,add_to_cart,2025-01-14T11:50:00
43,85,purchase,2025-01-14T11:51:00
43,159,view,2025-01-15T04:29:00
43,159,click,2025-01-15T04:31:00
43,168,view,2025-01-15T04:32:00
43,168,click,2025-01-15T04:33:00
43,168,add_to_cart,2025-01-15T04:35:00
43,168,purchase,2025-01-15T04:36:00
43,67,review,2025-01-16T08:04:00
43,168,review,2025-01-17T04:42:00
43,74,search,2025-01-18T02:13:00
43,74,view,2025-01-18T02:16:00
43,80,view,2025-01-18T02:17:00
43,80,click,2025-01-18T02:20:00
43,66,view,2025-01-18T02:22:00
43,66,click,2025-01-18T02:23:00
43,156,view,2025-01-18T14:49:00
43,156,click,2025-01-18T14:53:00
43,171,view,2025-01-18T14:56:00
43,171,click,2025-01-18T14:59:00
43,171,add_to_cart,2025-01-18T15:01:00
43,171,purchase,2025-01-18T15:02:00
43,161,view,2025-01-18T15:09:00
43,161,click,2025-01-18T15:12:00
43,87,review,2025-01-22T11:43:00
43,171,review,2025-01-26T15:09:00
44,143,search,2025-01-11T14:40:00
44,143,view,2025-01-11T14:41:00
44,143,click,2025-01-11T14:43:00
44,147,view,2025-01-11T14:44:00
44,147,click,2025-01-11T14:46:00
44,134,view,2025-01-11T14:47:00
44,134,click,2025-01-11T14:50:00
44,142,view,2025-01-12T06:13:00
44,142,click,2025-01-12T06:14:00
44,57,search,2025-01-13T04:02:00
44,57,view,2025-01-13T04:03:00
44,57,click,2025-01-13T04:04:00
44,64,view,2025-01-13T04:06:00
44,60,view,2025-01-13T04:10:00
44,60,click,2025-01-13T04:12:00
44,60,add_to_cart,2025-01-13T04:13:00
44,60,purchase,2025-01-13T04:14:00
44,46,search,2025-01-13T23:48:00
44,46,view,2025-01-13T23:51:00
44,46,click,2025-01-13T23:53:00
44,46,add_to_cart,2025-01-13T23:54:00
44,46,purchase,2025-01-13T23:56:00
44,138,search,2025-01-16T01:19:00
44,138,view,2025-01-16T01:20:00
44,138,click,2025-01-16T01:23:00
44,138,add_to_cart,2025-01-16T01:25:00
44,138,purchase,2025-01-16T01:27:00
44,133,view,2025-01-16T01:36:00
44,133,click,2025-01-16T01:37:00
44,60,review,2025-01-16T04:17:00
44,147,search,2025-01-16T18:40:00
44,147,view,2025-01-16T18:41:00
44,147,click,2025-01-16T18:44:00
44,152,search,2025-01-18T00:19:00
44,152,view,2025-01-18T00:20:00
44,152,click,2025-01-18T00:22:00
44,62,view,2025-01-20T05:15:00
44,62,click,2025-01-20T05:18:00
44,62,add_to_cart,2025-01-20T05:21:00
44,62,purchase,2025-01-20T05:22:00
44,45,view,2025-01-20T05:25:00
44,45,click,2025-01-20T05:27:00
44,72,search,2025-01-21T01:20:00
44,72,view,2025-01-21T01:22:00
44,72,click,2025-01-21T01:26:00
44,138,review,2025-01-26T01:36:00
45,129,search,2025-01-04T03:06:00
45,129,view,2025-01-04T03:09:00
45,129,click,2025-01-04T03:11:00
45,124,view,2025-01-04T03:12:00
45,124,click,2025-01-04T03:13:00
45,53,view,2025-01-06T14:57:00
45,53,click,2025-01-06T14:59:00
45,53,add_to_cart,2025-01-06T15:01:00
45,53,purchase,2025-01-06T15:02:00
45,56,view,2025-01-06T15:07:00
45,56,click,2025-01-06T15:08:00
45,56,add_to_cart,2025-01-06T15:10:00
45,56,remove_cart,2025-01-06T15:12:00
45,49,view,2025-01-06T15:14:00
45,49,click,2025-01-06T15:16:00
45,12,search,2025-01-08T00:25:00
45,12,view,2025-01-08T00:28:00
45,12,click,2025-01-08T00:29:00
45,9,view,2025-01-08T00:30:00
45,9,click,2025-01-08T00:34:00
45,9,add_to_cart,2025-01-08T00:36:00
45,9,purchase,2025-01-08T00:38:00
45,7,view,2025-01-08T00:50:00
45,7,click,2025-01-08T00:52:00
45,53,review,2025-01-10T15:07:00
45,17,search,2025-01-10T20:08:00
45,17,view,2025-01-10T20:10:00
45,17,click,2025-01-10T20:13:00
45,16,view,2025-01-10T20:15:00
45,16,click,2025-01-10T20:17:00
45,61,search,2025-01-13T17:19:00
45,61,view,2025-01-13T17:20:00
45,56,search,2025-01-15T14:46:00
45,56,view,2025-01-15T14:49:00
45,56,click,2025-01-15T14:50:00
45,56,add_to_cart,2025-01-15T14:51:00
45,56,purchase,2025-01-15T14:52:00
45,10,search,2025-01-17T20:05:00
45,10,view,2025-01-17T20:08:00
45,10,click,2025-01-17T20:11:00
45,8,view,2025-01-17T20:13:00
45,13,search,2025-01-20T00:43:00
45,13,view,2025-01-20T00:44:00
45,13,click,2025-01-20T00:45:00
45,13,add_to_cart,2025-01-20T00:48:00
45,13,purchase,2025-01-20T00:49:00
45,6,view,2025-01-20T00:55:00
45,6,click,2025-01-20T00:57:00
45,12,view,2025-01-20T00:58:00
45,12,click,2025-01-20T01:01:00
45,44,search,2025-01-21T13:25:00
45,44,view,2025-01-21T13:26:00
45,44,click,2025-01-21T13:29:00
45,46,view,2025-01-21T13:32:00
45,46,click,2025-01-21T13:33:00
45,46,add_to_cart,2025-01-21T13:34:00
45,46,remove_cart,2025-01-21T13:36:00
46,74,search,2025-01-11T13:27:00
46,74,view,2025-01-11T13:28:00
46,74,click,2025-01-11T13:31:00
46,82,view,2025-01-11T13:33:00
46,82,click,2025-01-11T13:34:00
46,146,search,2025-01-13T01:28:00
46,146,view,2025-01-13T01:31:00
46,146,click,2025-01-13T01:32:00
46,146,add_to_cart,2025-01-13T01:34:00
46,146,purchase,2025-01-13T01:36:00
46,151,view,2025-01-13T01:42:00
46,151,click,2025-01-13T01:43:00
46,151,add_to_cart,2025-01-13T01:45:00
46,151,purchase,2025-01-13T01:46:00
46,167,search,2025-01-15T00:50:00
46,167,view,2025-01-15T00:52:00
46,167,click,2025-01-15T00:56:00
46,167,add_to_cart,2025-01-15T00:59:00
46,167,remove_cart,2025-01-15T01:00:00
46,175,view,2025-01-15T01:01:00
46,175,click,2025-01-15T01:04:00
46,84,view,2025-01-17T09:39:00
46,84,click,2025-01-17T09:43:00
46,84,add_to_cart,2025-01-17T09:46:00
46,84,remove_cart,2025-01-17T09:48:00
46,87,view,2025-01-17T09:50:00
46,87,click,2025-01-17T09:52:00
46,165,view,2025-01-18T16:23:00
46,165,click,2025-01-18T16:25:00
46,165,add_to_cart,2025-01-18T16:27:00
46,165,purchase,2025-01-18T16:28:00
46,157,search,2025-01-19T07:00:00
46,157,view,2025-01-19T07:02:00
46,157,click,2025-01-19T07:05:00
46,164,search,2025-01-20T18:34:00
46,164,view,2025-01-20T18:35:00
46,164,click,2025-01-20T18:38:00
46,164,add_to_cart,2025-01-20T18:39:00
46,164,purchase,2025-01-20T18:41:00
46,165,view,2025-01-20T18:50:00
46,165,click,2025-01-20T18:52:00
46,158,view,2025-01-20T18:55:00
46,158,click,2025-01-20T18:58:00
46,151,review,2025-01-24T01:51:00
47,46,search,2025-01-08T04:43:00
47,46,view,2025-01-08T04:45:00
47,46,click,2025-01-08T04:46:00
47,46,add_to_cart,2025-01-08T04:47:00
47,46,purchase,2025-01-08T04:48:00
47,58,view,2025-01-08T04:59:00
47,58,click,2025-01-08T05:01:00
47,58,add_to_cart,2025-01-08T05:03:00
47,58,purchase,2025-01-08T05:04:00
47,44,view,2025-01-08T05:13:00
47,44,add_to_cart,2025-01-08T05:14:00
47,44,purchase,2025-01-08T05:16:00
47,44,review,2025-01-09T05:27:00
47,144,search,2025-01-10T15:21:00
47,144,view,2025-01-10T15:23:00
47,144,click,2025-01-10T15:26:00
47,144,add_to_cart,2025-01-10T15:28:00
47,144,purchase,2025-01-10T15:30:00
47,136,view,2025-01-10T15:33:00
47,136,click,2025-01-10T15:37:00
47,136,add_to_cart,2025-01-10T15:39:00
47,136,purchase,2025-01-10T15:41:00
47,136,search,2025-01-11T17:08:00
47,136,view,2025-01-11T17:11:00
47,136,click,2025-01-11T17:14:00
47,101,search,2025-01-13T22:15:00
47,101,view,2025-01-13T22:16:00
47,101,click,2025-01-13T22:20:00
47,101,add_to_cart,2025-01-13T22:21:00
47,101,purchase,2025-01-13T22:23:00
47,52,search,2025-01-16T10:01:00
47,52,view,2025-01-16T10:02:00
47,52,click,2025-01-16T10:04:00
47,58,view,2025-01-16T10:07:00
47,58,click,2025-01-16T10:11:00
47,60,view,2025-01-16T10:14:00
47,60,click,2025-01-16T10:18:00
47,96,search,2025-01-18T05:25:00
47,96,view,2025-01-18T05:27:00
47,96,click,2025-01-18T05:31:00
47,144,review,2025-01-18T15:33:00
47,136,review,2025-01-20T15:49:00
47,46,search,2025-01-20T16:09:00
47,46,view,2025-01-20T16:11:00
47,46,click,2025-01-20T16:13:00
47,46,add_to_cart,2025-01-20T16:14:00
47,46,purchase,2025-01-20T16:15:00
47,54,view,2025-01-20T16:17:00
47,54,click,2025-01-20T16:20:00
47,59,view,2025-01-20T16:22:00
47,59,click,2025-01-20T16:23:00
47,59,add_to_cart,2025-01-20T16:26:00
47,59,purchase,2025-01-20T16:27:00
47,52,search,2025-01-23T01:15:00
47,52,view,2025-01-23T01:18:00
47,52,click,2025-01-23T01:21:00
47,52,add_to_cart,2025-01-23T01:22:00
47,52,purchase,2025-01-23T01:24:00
47,51,view,2025-01-23T01:33:00
47,51,click,2025-01-23T01:34:00
47,51,add_to_cart,2025-01-23T01:37:00
47,51,purchase,2025-01-23T01:38:00
47,64,view,2025-01-23T01:48:00
47,64,click,2025-01-23T01:49:00
47,64,add_to_cart,2025-01-23T01:50:00
47,64,purchase,2025-01-23T01:51:00
47,57,search,2025-01-25T22:38:00
47,57,view,2025-01-25T22:40:00
47,57,click,2025-01-25T22:42:00
47,52,review,2025-01-26T01:33:00
47,46,review,2025-01-27T16:17:00
47,101,review,2025-01-27T22:32:00
47,59,review,2025-02-03T16:31:00
47,64,review,2025-02-04T02:00:00
48,185,search,2025-01-11T07:13:00
48,185,view,2025-01-11T07:14:00
48,185,click,2025-01-11T07:18:00
48,185,add_to_cart,2025-01-11T07:19:00
48,185,purchase,2025-01-11T07:21:00
48,194,search,2025-01-12T03:21:00
48,194,view,2025-01-12T03:22:00
48,194,click,2025-01-12T03:25:00
48,177,view,2025-01-12T03:26:00
48,177,click,2025-01-12T03:28:00
48,177,add_to_cart,2025-01-12T03:29:00
48,177,remove_cart,2025-01-12T03:31:00
48,191,view,2025-01-12T03:32:00
48,191,add_to_cart,2025-01-12T03:35:00
48,191,purchase,2025-01-12T03:36:00
48,185,review,2025-01-12T07:23:00
48,41,search,2025-01-14T15:47:00
48,41,view,2025-01-14T15:50:00
48,41,add_to_cart,2025-01-14T15:52:00
48,41,purchase,2025-01-14T15:53:00
48,191,search,2025-01-16T17:07:00
48,191,view,2025-01-16T17:08:00
48,191,click,2025-01-16T17:10:00
48,191,add_to_cart,2025-01-16T17:12:00
48,191,purchase,2025-01-16T17:13:00
48,187,view,2025-01-16T17:20:00
48,187,click,2025-01-16T17:22:00
48,198,view,2025-01-16T17:24:00
48,198,click,2025-01-16T17:25:00
48,198,add_to_cart,2025-01-16T17:27:00
48,198,purchase,2025-01-16T17:29:00
48,83,view,2025-01-18T07:53:00
48,83,click,2025-01-18T07:57:00
48,191,review,2025-01-18T17:20:00
48,77,search,2025-01-20T15:29:00
48,77,view,2025-01-20T15:31:00
48,77,click,2025-01-20T15:35:00
48,77,add_to_cart,2025-01-20T15:38:00
48,77,purchase,2025-01-20T15:39:00
48,71,view,2025-01-20T15:50:00
48,71,click,2025-01-20T15:52:00
48,71,add_to_cart,2025-01-20T15:53:00
48,71,remove_cart,2025-01-20T15:55:00
48,66,view,2025-01-20T15:57:00
48,66,click,2025-01-20T16:01:00
48,191,review,2025-01-22T03:47:00
48,200,search,2025-01-23T16:29:00
48,200,view,2025-01-23T16:32:00
48,196,view,2025-01-23T16:36:00
48,196,click,2025-01-23T16:38:00
48,196,add_to_cart,2025-01-23T16:39:00
48,196,purchase,2025-01-23T16:41:00
49,23,search,2025-01-03T23:43:00
49,23,view,2025-01-03T23:45:00
49,23,click,2025-01-03T23:46:00
49,28,view,2025-01-03T23:49:00
49,28,click,2025-01-03T23:53:00
49,28,add_to_cart,2025-01-03T23:54:00
49,28,purchase,2025-01-03T23:56:00
49,35,view,2025-01-04T00:02:00
49,35,add_to_cart,2025-01-04T00:03:00
49,35,purchase,2025-01-04T00:05:00
49,37,search,2025-01-04T14:19:00
49,37,view,2025-01-04T14:21:00
49,37,click,2025-01-04T14:23:00
49,37,add_to_cart,2025-01-04T14:24:00
49,37,purchase,2025-01-04T14:26:00
49,24,view,2025-01-04T14:29:00
49,24,click,2025-01-04T14:33:00
49,40,search,2025-01-06T10:39:00
49,40,view,2025-01-06T10:41:00
49,40,click,2025-01-06T10:45:00
49,28,view,2025-01-06T10:47:00
49,28,click,2025-01-06T10:50:00
49,12,view,2025-01-07T00:39:00
49,12,click,2025-01-07T00:42:00
49,12,add_to_cart,2025-01-07T00:44:00
49,12,purchase,2025-01-07T00:46:00
49,19,view,2025-01-07T00:48:00
49,19,click,2025-01-07T00:50:00
49,119,search,2025-01-07T20:13:00
49,119,view,2025-01-07T20:16:00
49,119,click,2025-01-07T20:19:00
49,35,review,2025-01-10T00:08:00
49,123,search,2025-01-10T04:52:00
49,123,view,2025-01-10T04:54:00
49,123,click,2025-01-10T04:58:00
49,118,view,2025-01-10T05:00:00
49,118,click,2025-01-10T05:04:00
49,118,add_to_cart,2025-01-10T05:07:00
49,118,purchase,2025-01-10T05:09:00
49,110,view,2025-01-10T05:21:00
49,110,click,2025-01-10T05:24:00
49,110,add_to_cart,2025-01-10T05:26:00
49,110,purchase,2025-01-10T05:27:00
49,110,review,2025-01-15T05:37:00
49,28,review,2025-01-17T00:02:00
49,118,review,2025-01-20T05:21:00
50,156,search,2025-01-07T15:21:00
50,156,view,2025-01-07T15:24:00
50,156,click,2025-01-07T15:28:00
50,172,view,2025-01-07T15:30:00
50,172,click,2025-01-07T15:33:00
50,172,add_to_cart,2025-01-07T15:35:00
50,172,remove_cart,2025-01-07T15:37:00
50,157,view,2025-01-07T15:39:00
50,157,click,2025-01-07T15:42:00
50,154,search,2025-01-09T20:29:00
50,154,view,2025-01-09T20:30:00
50,154,click,2025-01-09T20:34:00
50,105,search,2025-01-12T20:13:00
50,105,view,2025-01-12T20:14:00
50,105,click,2025-01-12T20:16:00
50,105,add_to_cart,2025-01-12T20:17:00
50,105,purchase,2025-01-12T20:19:00
50,107,view,2025-01-12T20:27:00
50,107,click,2025-01-12T20:28:00
50,107,add_to_cart,2025-01-12T20:30:00
50,107,purchase,2025-01-12T20:32:00
50,101,view,2025-01-12T20:38:00
50,101,click,2025-01-12T20:40:00
50,101,add_to_cart,2025-01-12T20:41:00
50,101,remove_cart,2025-01-12T20:42:00
50,105,view,2025-01-14T12:25:00
50,105,click,2025-01-14T12:27:00
50,105,add_to_cart,2025-01-14T12:28:00
50,105,purchase,2025-01-14T12:30:00
50,101,view,2025-01-14T12:34:00
50,3,search,2025-01-15T21:13:00
50,3,view,2025-01-15T21:14:00
50,5,search,2025-01-16T16:54:00
50,5,view,2025-01-16T16:55:00
50,5,click,2025-01-16T16:58:00
50,5,add_to_cart,2025-01-16T16:59:00
50,5,purchase,2025-01-16T17:00:00
50,8,view,2025-01-16T17:07:00
50,8,click,2025-01-16T17:11:00
50,8,add_to_cart,2025-01-16T17:14:00
50,8,remove_cart,2025-01-16T17:16:00
50,9,search,2025-01-18T09:43:00
50,9,view,2025-01-18T09:46:00
50,9,click,2025-01-18T09:47:00
50,5,review,2025-01-26T17:07:00
50,105,review,2025-01-26T20:27:00
51,96,view,2025-01-08T16:50:00
51,96,click,2025-01-08T16:53:00
51,42,view,2025-01-11T01:53:00
51,42,click,2025-01-11T01:55:00
51,42,add_to_cart,2025-01-11T01:57:00
51,42,purchase,2025-01-11T01:59:00
51,24,view,2025-01-11T02:11:00
51,24,add_to_cart,2025-01-11T02:13:00
51,24,purchase,2025-01-11T02:15:00
51,41,view,2025-01-11T02:21:00
51,41,click,2025-01-11T02:23:00
51,108,search,2025-01-13T16:26:00
51,108,view,2025-01-13T16:27:00
51,108,click,2025-01-13T16:31:00
51,101,view,2025-01-13T16:33:00
51,101,click,2025-01-13T16:36:00
51,104,search,2025-01-15T03:03:00
51,104,view,2025-01-15T03:06:00
51,104,click,2025-01-15T03:09:00
51,90,view,2025-01-15T03:10:00
51,90,click,2025-01-15T03:12:00
51,90,add_to_cart,2025-01-15T03:15:00
51,90,remove_cart,2025-01-15T03:17:00
51,112,search,2025-01-16T06:52:00
51,112,view,2025-01-16T06:55:00
51,112,click,2025-01-16T06:57:00
51,112,add_to_cart,2025-01-16T07:00:00
51,112,purchase,2025-01-16T07:02:00
51,113,view,2025-01-16T07:06:00
51,113,click,2025-01-16T07:09:00
51,113,add_to_cart,2025-01-16T07:10:00
51,113,remove_cart,2025-01-16T07:12:00
51,115,view,2025-01-16T07:14:00
51,115,click,2025-01-16T07:16:00
51,108,search,2025-01-18T00:29:00
51,108,view,2025-01-18T00:30:00
51,108,click,2025-01-18T00:31:00
51,95,view,2025-01-18T00:33:00
51,95,click,2025-01-18T00:35:00
51,95,add_to_cart,2025-01-18T00:37:00
51,95,remove_cart,2025-01-18T00:38:00
51,90,view,2025-01-18T00:40:00
51,90,click,2025-01-18T00:44:00
51,90,add_to_cart,2025-01-18T00:46:00
51,90,remove_cart,2025-01-18T00:47:00
51,125,search,2025-01-19T16:43:00
51,125,view,2025-01-19T16:44:00
51,125,click,2025-01-19T16:47:00
51,125,add_to_cart,2025-01-19T16:48:00
51,125,purchase,2025-01-19T16:50:00
51,122,view,2025-01-19T16:52:00
51,122,click,2025-01-19T16:54:00
51,122,add_to_cart,2025-01-19T16:55:00
51,122,remove_cart,2025-01-19T16:57:00
51,114,view,2025-01-19T16:59:00
51,116,search,2025-01-22T04:39:00
51,116,view,2025-01-22T04:40:00
51,116,click,2025-01-22T04:41:00
51,122,view,2025-01-22T04:42:00
51,123,view,2025-01-22T04:45:00
51,123,click,2025-01-22T04:46:00
51,131,search,2025-01-23T01:46:00
51,131,view,2025-01-23T01:49:00
51,131,click,2025-01-23T01:51:00
51,121,view,2025-01-23T01:54:00
51,121,add_to_cart,2025-01-23T01:57:00
51,121,purchase,2025-01-23T01:59:00
51,125,review,2025-01-24T16:52:00
51,121,review,2025-01-25T02:07:00
51,42,review,2025-01-25T02:11:00
51,24,review,2025-01-25T02:21:00
51,112,review,2025-01-27T07:06:00
52,36,search,2025-01-09T12:56:00
52,36,view,2025-01-09T12:58:00
52,36,click,2025-01-09T13:01:00
52,36,add_to_cart,2025-01-09T13:02:00
52,36,purchase,2025-01-09T13:04:00
52,32,view,2025-01-09T13:08:00
52,32,click,2025-01-09T13:12:00
52,32,add_to_cart,2025-01-09T13:13:00
52,32,remove_cart,2025-01-09T13:14:00
52,124,search,2025-01-12T11:15:00
52,124,view,2025-01-12T11:17:00
52,123,view,2025-01-12T11:20:00
52,123,click,2025-01-12T11:24:00
52,113,view,2025-01-12T11:27:00
52,113,click,2025-01-12T11:28:00
52,126,search,2025-01-15T03:46:00
52,126,view,2025-01-15T03:49:00
52,126,click,2025-01-15T03:51:00
52,36,search,2025-01-18T01:56:00
52,36,view,2025-01-18T01:58:00
52,36,add_to_cart,2025-01-18T01:59:00
52,36,purchase,2025-01-18T02:00:00
52,114,view,2025-01-18T19:40:00
52,114,click,2025-01-18T19:44:00
52,110,view,2025-01-18T19:46:00
52,110,click,2025-01-18T19:47:00
52,19,search,2025-01-19T21:43:00
52,19,view,2025-01-19T21:46:00
52,19,click,2025-01-19T21:49:00
52,5,view,2025-01-19T21:50:00
52,5,click,2025-01-19T21:54:00
52,5,add_to_cart,2025-01-19T21:56:00
52,5,remove_cart,2025-01-19T21:58:00
52,122,view,2025-01-22T03:47:00
52,122,click,2025-01-22T03:49:00
52,119,view,2025-01-22T03:51:00
52,4,search,2025-01-23T04:25:00
52,4,view,2025-01-23T04:27:00
52,4,click,2025-01-23T04:31:00
52,4,add_to_cart,2025-01-23T04:34:00
52,4,purchase,2025-01-23T04:36:00
52,12,view,2025-01-23T04:47:00
52,12,click,2025-01-23T04:51:00
52,12,add_to_cart,2025-01-23T04:54:00
52,12,purchase,2025-01-23T04:56:00
52,17,view,2025-01-23T05:08:00
52,4,review,2025-02-03T04:47:00
53,185,view,2025-01-07T03:43:00
53,185,click,2025-01-07T03:45:00
53,180,view,2025-01-07T03:47:00
53,56,search,2025-01-08T21:30:00
53,56,view,2025-01-08T21:32:00
53,56,click,2025-01-08T21:35:00
53,46,view,2025-01-08T21:36:00
53,46,click,2025-01-08T21:37:00
53,177,search,2025-01-10T12:36:00
53,177,view,2025-01-10T12:38:00
53,177,click,2025-01-10T12:42:00
53,178,view,2025-01-10T12:44:00
53,178,click,2025-01-10T12:47:00
53,178,add_to_cart,2025-01-10T12:48:00
53,178,purchase,2025-01-10T12:49:00
53,193,search,2025-01-11T01:25:00
53,193,view,2025-01-11T01:26:00
53,193,click,2025-01-11T01:30:00
53,176,view,2025-01-11T01:32:00
53,176,click,2025-01-11T01:36:00
53,176,add_to_cart,2025-01-11T01:39:00
53,176,purchase,2025-01-11T01:41:00
53,176,review,2025-01-12T01:44:00
53,176,view,2025-01-13T09:56:00
53,176,click,2025-01-13T09:58:00
53,40,search,2025-01-14T17:48:00
53,40,view,2025-01-14T17:50:00
53,40,click,2025-01-14T17:54:00
53,29,view,2025-01-14T17:55:00
53,25,view,2025-01-14T17:59:00
53,25,click,2025-01-14T18:03:00
53,25,add_to_cart,2025-01-14T18:04:00
53,25,remove_cart,2025-01-14T18:06:00
53,198,search,2025-01-17T05:44:00
53,198,view,2025-01-17T05:47:00
53,198,click,2025-01-17T05:50:00
53,189,view,2025-01-17T05:52:00
53,189,click,2025-01-17T05:56:00
53,191,view,2025-01-17T05:57:00
53,191,click,2025-01-17T06:01:00
53,191,add_to_cart,2025-01-17T06:04:00
53,191,purchase,2025-01-17T06:06:00
53,36,search,2025-01-18T04:27:00
53,36,view,2025-01-18T04:29:00
53,36,click,2025-01-18T04:32:00
53,36,add_to_cart,2025-01-18T04:35:00
53,36,purchase,2025-01-18T04:37:00
53,23,view,2025-01-18T04:49:00
53,54,search,2025-01-20T08:06:00
53,54,view,2025-01-20T08:09:00
53,54,click,2025-01-20T08:10:00
53,54,add_to_cart,2025-01-20T08:11:00
53,54,purchase,2025-01-20T08:12:00
53,58,view,2025-01-20T08:15:00
53,58,click,2025-01-20T08:19:00
53,48,view,2025-01-20T08:20:00
53,48,click,2025-01-20T08:21:00
53,48,add_to_cart,2025-01-20T08:23:00
53,48,remove_cart,2025-01-20T08:24:00
53,178,review,2025-01-21T13:00:00
53,36,review,2025-01-23T04:49:00
53,191,review,2025-01-28T06:09:00
54,40,search,2025-01-03T15:31:00
54,40,view,2025-01-03T15:33:00
54,40,click,2025-01-03T15:36:00
54,40,add_to_cart,2025-01-03T15:39:00
54,40,purchase,2025-01-03T15:40:00
54,24,search,2025-01-06T09:38:00
54,24,view,2025-01-06T09:39:00
54,24,click,2025-01-06T09:40:00
54,37,view,2025-01-06T09:41:00
54,37,click,2025-01-06T09:43:00
54,41,view,2025-01-06T09:44:00
54,41,click,2025-01-06T09:46:00
54,41,add_to_cart,2025-01-06T09:49:00
54,41,purchase,2025-01-06T09:51:00
54,113,search,2025-01-09T04:06:00
54,113,view,2025-01-09T04:08:00
54,113,click,2025-01-09T04:09:00
54,113,add_to_cart,2025-01-09T04:11:00
54,113,remove_cart,2025-01-09T04:12:00
54,77,search,2025-01-11T10:29:00
54,77,view,2025-01-11T10:32:00
54,77,click,2025-01-11T10:36:00
54,86,view,2025-01-11T10:37:00
54,77,search,2025-01-12T08:30:00
54,77,view,2025-01-12T08:33:00
54,77,click,2025-01-12T08:34:00
54,77,add_to_cart,2025-01-12T08:36:00
54,77,purchase,2025-01-12T08:37:00
54,66,view,2025-01-12T08:45:00
54,66,add_to_cart,2025-01-12T08:47:00
54,66,purchase,2025-01-12T08:49:00
54,80,view,2025-01-12T09:01:00
54,80,click,2025-01-12T09:04:00
54,41,review,2025-01-12T09:54:00
54,39,search,2025-01-14T17:31:00
54,39,view,2025-01-14T17:32:00
54,39,click,2025-01-14T17:36:00
54,39,add_to_cart,2025-01-14T17:39:00
54,39,purchase,2025-01-14T17:40:00
54,27,view,2025-01-14T17:43:00
54,27,click,2025-01-14T17:47:00
54,75,search,2025-01-16T14:25:00
54,75,view,2025-01-16T14:27:00
54,75,click,2025-01-16T14:29:00
54,72,view,2025-01-16T14:32:00
54,72,click,2025-01-16T14:34:00
54,68,view,2025-01-16T14:36:00
54,68,click,2025-01-16T14:37:00
54,68,add_to_cart,2025-01-16T14:39:00
54,68,remove_cart,2025-01-16T14:41:00
54,128,view,2025-01-18T08:03:00
54,128,click,2025-01-18T08:05:00
54,110,view,2025-01-18T08:07:00
54,110,click,2025-01-18T08:09:00
54,39,view,2025-01-19T09:04:00
54,39,click,2025-01-19T09:08:00
54,39,add_to_cart,2025-01-19T09:11:00
54,39,remove_cart,2025-01-19T09:13:00
54,41,view,2025-01-19T09:14:00
54,39,review,2025-01-20T17:43:00
54,121,search,2025-01-21T16:51:00
54,121,view,2025-01-21T16:54:00
55,115,search,2025-01-13T02:08:00
55,115,view,2025-01-13T02:10:00
55,114,view,2025-01-13T02:12:00
55,114,click,2025-01-13T02:13:00
55,127,view,2025-01-14T14:13:00
55,127,click,2025-01-14T14:17:00
55,136,search,2025-01-15T21:42:00
55,136,view,2025-01-15T21:44:00
55,136,click,2025-01-15T21:45:00
55,135,view,2025-01-15T21:46:00
55,135,click,2025-01-15T21:50:00
55,143,view,2025-01-15T21:52:00
55,143,click,2025-01-15T21:54:00
55,143,search,2025-01-17T12:27:00
55,143,view,2025-01-17T12:30:00
55,134,view,2025-01-17T12:34:00
55,134,click,2025-01-17T12:38:00
55,134,add_to_cart,2025-01-17T12:41:00
55,134,purchase,2025-01-17T12:42:00
55,133,view,2025-01-17T12:51:00
55,133,click,2025-01-17T12:55:00
55,133,add_to_cart,2025-01-17T12:58:00
55,133,purchase,2025-01-17T13:00:00
55,118,search,2025-01-18T07:03:00
55,118,view,2025-01-18T07:04:00
55,118,click,2025-01-18T07:07:00
55,130,view,2025-01-18T07:08:00
55,130,click,2025-01-18T07:09:00
55,133,review,2025-01-18T13:08:00
55,148,search,2025-01-20T04:09:00
55,148,view,2025-01-20T04:12:00
55,148,add_to_cart,2025-01-20T04:14:00
55,148,remove_cart,2025-01-20T04:15:00
55,138,view,2025-01-20T04:17:00
55,138,click,2025-01-20T04:18:00
55,138,add_to_cart,2025-01-20T04:21:00
55,138,purchase,2025-01-20T04:22:00
55,147,view,2025-01-20T04:24:00
55,147,click,2025-01-20T04:28:00
55,147,add_to_cart,2025-01-20T04:31:00
55,147,remove_cart,2025-01-20T04:33:00
55,119,search,2025-01-21T01:45:00
55,119,view,2025-01-21T01:46:00
55,119,click,2025-01-21T01:48:00
55,138,review,2025-01-23T04:24:00
55,142,search,2025-01-23T10:53:00
55,142,view,2025-01-23T10:54:00
55,142,click,2025-01-23T10:57:00
55,142,add_to_cart,2025-01-23T10:59:00
55,142,remove_cart,2025-01-23T11:00:00
55,137,view,2025-01-23T11:01:00
55,137,click,2025-01-23T11:03:00
55,137,add_to_cart,2025-01-23T11:06:00
55,137,purchase,2025-01-23T11:07:00
55,132,view,2025-01-23T11:14:00
55,132,click,2025-01-23T11:15:00
55,149,search,2025-01-25T18:23:00
55,149,view,2025-01-25T18:26:00
55,149,click,2025-01-25T18:28:00
55,149,add_to_cart,2025-01-25T18:30:00
55,149,purchase,2025-01-25T18:31:00
55,150,view,2025-01-25T18:35:00
55,150,click,2025-01-25T18:37:00
55,149,review,2025-01-28T18:35:00
55,137,review,2025-01-30T11:14:00
56,21,view,2025-01-01T20:03:00
56,21,click,2025-01-01T20:07:00
56,6,view,2025-01-01T20:09:00
56,192,search,2025-01-02T19:00:00
56,192,view,2025-01-02T19:01:00
56,192,click,2025-01-02T19:04:00
56,192,add_to_cart,2025-01-02T19:07:00
56,192,purchase,2025-01-02T19:08:00
56,185,view,2025-01-02T19:14:00
56,185,click,2025-01-02T19:16:00
56,177,view,2025-01-02T19:18:00
56,177,click,2025-01-02T19:21:00
56,186,search,2025-01-04T21:45:00
56,186,view,2025-01-04T21:48:00
56,186,click,2025-01-04T21:50:00
56,182,view,2025-01-04T21:51:00
56,190,view,2025-01-04T21:52:00
56,190,click,2025-01-04T21:56:00
56,156,view,2025-01-05T11:56:00
56,156,click,2025-01-05T12:00:00
56,174,view,2025-01-05T12:02:00
56,174,click,2025-01-05T12:06:00
56,174,add_to_cart,2025-01-05T12:08:00
56,174,remove_cart,2025-01-05T12:09:00
56,171,view,2025-01-05T12:11:00
56,171,click,2025-01-05T12:13:00
56,165,search,2025-01-08T04:53:00
56,165,view,2025-01-08T04:56:00
56,165,click,2025-01-08T04:58:00
56,160,view,2025-01-08T05:00:00
56,160,click,2025-01-08T05:01:00
56,156,view,2025-01-08T05:04:00
56,156,click,2025-01-08T05:06:00
56,156,add_to_cart,2025-01-08T05:09:00
56,156,purchase,2025-01-08T05:11:00
56,19,search,2025-01-10T05:31:00
56,19,view,2025-01-10T05:32:00
56,19,click,2025-01-10T05:33:00
56,22,view,2025-01-10T05:36:00
56,22,click,2025-01-10T05:39:00
56,22,add_to_cart,2025-01-10T05:42:00
56,22,purchase,2025-01-10T05:44:00
56,20,view,2025-01-10T05:53:00
56,20,add_to_cart,2025-01-10T05:54:00
56,20,purchase,2025-01-10T05:56:00
56,156,review,2025-01-12T05:20:00
56,155,search,2025-01-13T04:34:00
56,155,view,2025-01-13T04:36:00
56,155,click,2025-01-13T04:37:00
56,155,add_to_cart,2025-01-13T04:39:00
56,155,purchase,2025-01-13T04:40:00
56,161,view,2025-01-13T04:45:00
56,162,view,2025-01-13T04:49:00
56,162,click,2025-01-13T04:51:00
56,162,add_to_cart,2025-01-13T04:53:00
56,162,remove_cart,2025-01-13T04:54:00
56,196,search,2025-01-14T08:02:00
56,196,view,2025-01-14T08:04:00
56,196,click,2025-01-14T08:05:00
56,186,view,2025-01-14T08:08:00
56,186,click,2025-01-14T08:09:00
56,186,add_to_cart,2025-01-14T08:12:00
56,186,purchase,2025-01-14T08:13:00
56,184,view,2025-01-14T08:24:00
56,184,click,2025-01-14T08:25:00
56,184,add_to_cart,2025-01-14T08:28:00
56,184,remove_cart,2025-01-14T08:29:00
56,186,review,2025-01-15T08:24:00
56,195,search,2025-01-15T23:35:00
56,195,view,2025-01-15T23:36:00
56,195,click,2025-01-15T23:37:00
56,195,add_to_cart,2025-01-15T23:39:00
56,195,remove_cart,2025-01-15T23:41:00
56,196,view,2025-01-15T23:42:00
56,196,click,2025-01-15T23:46:00
56,22,review,2025-01-17T05:53:00
56,20,review,2025-01-18T06:08:00
57,120,search,2025-01-12T02:06:00
57,120,view,2025-01-12T02:09:00
57,120,click,2025-01-12T02:10:00
57,128,view,2025-01-12T02:11:00
57,128,click,2025-01-12T02:13:00
57,128,add_to_cart,2025-01-12T02:15:00
57,128,purchase,2025-01-12T02:17:00
57,116,view,2025-01-12T02:26:00
57,116,click,2025-01-12T02:27:00
57,165,view,2025-01-14T23:03:00
57,165,click,2025-01-14T23:05:00
57,165,add_to_cart,2025-01-14T23:08:00
57,165,purchase,2025-01-14T23:10:00
57,163,view,2025-01-14T23:20:00
57,163,click,2025-01-14T23:22:00
57,172,view,2025-01-14T23:25:00
57,172,click,2025-01-14T23:26:00
57,128,review,2025-01-15T02:26:00
57,156,search,2025-01-16T08:39:00
57,156,view,2025-01-16T08:42:00
57,156,click,2025-01-16T08:46:00
57,173,search,2025-01-17T23:09:00
57,173,view,2025-01-17T23:11:00
57,173,click,2025-01-17T23:12:00
57,163,view,2025-01-17T23:13:00
57,163,click,2025-01-17T23:15:00
57,163,add_to_cart,2025-01-17T23:16:00
57,163,purchase,2025-01-17T23:18:00
57,23,search,2025-01-19T09:27:00
57,23,view,2025-01-19T09:28:00
57,23,click,2025-01-19T09:31:00
57,25,view,2025-01-19T09:34:00
57,25,click,2025-01-19T09:37:00
57,25,add_to_cart,2025-01-19T09:38:00
57,25,remove_cart,2025-01-19T09:40:00
57,163,review,2025-01-20T23:26:00
57,164,search,2025-01-22T04:17:00
57,164,view,2025-01-22T04:18:00
57,164,click,2025-01-22T04:19:00
58,52,search,2025-01-10T00:15:00
58,52,view,2025-01-10T00:17:00
58,68,view,2025-01-10T22:15:00
58,68,click,2025-01-10T22:17:00
58,69,view,2025-01-10T22:19:00
58,69,click,2025-01-10T22:22:00
58,69,add_to_cart,2025-01-10T22:25:00
58,69,purchase,2025-01-10T22:26:00
58,53,search,2025-01-12T01:40:00
58,53,view,2025-01-12T01:42:00
58,45,view,2025-01-14T16:14:00
58,45,click,2025-01-14T16:15:00
58,77,search,2025-01-16T09:28:00
58,77,view,2025-01-16T09:30:00
58,77,click,2025-01-16T09:34:00
58,81,view,2025-01-16T09:36:00
58,81,click,2025-01-16T09:40:00
58,82,view,2025-01-16T09:43:00
58,82,click,2025-01-16T09:45:00
58,7,search,2025-01-18T01:42:00
58,7,view,2025-01-18T01:43:00
58,7,click,2025-01-18T01:46:00
58,7,add_to_cart,2025-01-18T01:47:00
58,7,purchase,2025-01-18T01:48:00
58,10,view,2025-01-18T01:58:00
58,10,click,2025-01-18T01:59:00
58,10,add_to_cart,2025-01-18T02:02:00
58,10,purchase,2025-01-18T02:04:00
58,69,review,2025-01-19T22:37:00
58,10,review,2025-01-26T02:12:00
58,7,review,2025-01-28T01:58:00
59,96,search,2025-01-03T19:04:00
59,96,view,2025-01-03T19:05:00
59,96,click,2025-01-03T19:08:00
59,117,search,2025-01-04T14:15:00
59,117,view,2025-01-04T14:18:00
59,117,click,2025-01-04T14:20:00
59,117,add_to_cart,2025-01-04T14:23:00
59,117,purchase,2025-01-04T14:25:00
59,113,view,2025-01-04T14:37:00
59,113,click,2025-01-04T14:39:00
59,83,search,2025-01-07T03:59:00
59,83,view,2025-01-07T04:01:00
59,74,view,2025-01-07T04:05:00
59,74,click,2025-01-07T04:06:00
59,66,view,2025-01-07T04:09:00
59,66,add_to_cart,2025-01-07T04:11:00
59,66,purchase,2025-01-07T04:12:00
59,80,search,2025-01-09T18:27:00
59,80,view,2025-01-09T18:28:00
59,80,click,2025-01-09T18:32:00
59,80,add_to_cart,2025-01-09T18:35:00
59,80,purchase,2025-01-09T18:37:00
59,76,view,2025-01-09T18:47:00
59,76,click,2025-01-09T18:49:00
59,76,add_to_cart,2025-01-09T18:52:00
59,76,purchase,2025-01-09T18:54:00
59,105,search,2025-01-11T20:03:00
59,105,view,2025-01-11T20:04:00
59,105,click,2025-01-11T20:06:00
59,97,view,2025-01-11T20:08:00
59,97,add_to_cart,2025-01-11T20:12:00
59,97,remove_cart,2025-01-11T20:14:00
59,98,view,2025-01-11T20:16:00
59,98,click,2025-01-11T20:18:00
59,97,search,2025-01-12T15:03:00
59,97,view,2025-01-12T15:04:00
59,97,click,2025-01-12T15:08:00
59,97,add_to_cart,2025-01-12T15:09:00
59,97,purchase,2025-01-12T15:11:00
59,90,view,2025-01-12T15:16:00
59,90,click,2025-01-12T15:17:00
59,93,view,2025-01-12T15:19:00
59,93,click,2025-01-12T15:21:00
59,93,add_to_cart,2025-01-12T15:23:00
59,93,remove_cart,2025-01-12T15:24:00
59,80,review,2025-01-12T18:47:00
59,90,search,2025-01-13T12:21:00
59,90,view,2025-01-13T12:23:00
59,90,click,2025-01-13T12:27:00
59,100,view,2025-01-13T12:30:00
59,100,click,2025-01-13T12:32:00
59,94,view,2025-01-13T12:35:00
59,94,click,2025-01-13T12:37:00
59,94,add_to_cart,2025-01-13T12:38:00
59,94,purchase,2025-01-13T12:40:00
59,97,review,2025-01-21T15:16:00
59,76,review,2025-01-22T19:02:00
59,94,review,2025-01-23T12:45:00
60,75,view,2025-01-09T16:56:00
60,75,click,2025-01-09T16:59:00
60,181,search,2025-01-10T16:59:00
60,181,view,2025-01-10T17:01:00
60,181,click,2025-01-10T17:05:00
60,181,add_to_cart,2025-01-10T17:08:00
60,181,purchase,2025-01-10T17:09:00
60,189,view,2025-01-10T17:11:00
60,189,click,2025-01-10T17:13:00
60,183,view,2025-01-10T17:16:00
60,183,click,2025-01-10T17:17:00
60,200,search,2025-01-11T12:43:00
60,200,view,2025-01-11T12:44:00
60,200,click,2025-01-11T12:47:00
60,200,add_to_cart,2025-01-11T12:48:00
60,200,purchase,2025-01-11T12:49:00
60,193,view,2025-01-11T12:52:00
60,193,click,2025-01-11T12:56:00
60,193,add_to_cart,2025-01-11T12:59:00
60,193,purchase,2025-01-11T13:00:00
60,175,search,2025-01-13T08:31:00
60,175,view,2025-01-13T08:34:00
60,175,click,2025-01-13T08:36:00
60,175,add_to_cart,2025-01-13T08:38:00
60,175,purchase,2025-01-13T08:40:00
60,168,view,2025-01-13T08:44:00
60,168,click,2025-01-13T08:45:00
60,178,search,2025-01-15T15:34:00
60,178,view,2025-01-15T15:36:00
60,178,click,2025-01-15T15:38:00
60,178,add_to_cart,2025-01-15T15:39:00
60,178,purchase,2025-01-15T15:40:00
60,170,view,2025-01-18T01:32:00
60,170,click,2025-01-18T01:36:00
60,170,add_to_cart,2025-01-18T01:38:00
60,170,remove_cart,2025-01-18T01:39:00
60,174,view,2025-01-18T01:41:00
60,174,add_to_cart,2025-01-18T01:43:00
60,174,remove_cart,2025-01-18T01:44:00
60,175,view,2025-01-18T01:45:00
60,175,click,2025-01-18T01:49:00
60,175,add_to_cart,2025-01-18T01:50:00
60,175,purchase,2025-01-18T01:51:00
60,175,review,2025-01-20T01:54:00
60,193,review,2025-01-23T13:02:00
60,181,review,2025-01-24T17:11:00
60,178,review,2025-01-27T15:50:00
61,53,search,2025-01-07T22:12:00
61,53,view,2025-01-07T22:15:00
61,53,add_to_cart,2025-01-07T22:19:00
61,53,remove_cart,2025-01-07T22:20:00
61,60,view,2025-01-07T22:22:00
61,60,click,2025-01-07T22:24:00
61,60,add_to_cart,2025-01-07T22:27:00
61,60,remove_cart,2025-01-07T22:29:00
61,51,search,2025-01-09T09:32:00
61,51,view,2025-01-09T09:33:00
61,51,click,2025-01-09T09:37:00
61,63,view,2025-01-09T09:40:00
61,63,click,2025-01-09T09:41:00
61,63,add_to_cart,2025-01-09T09:44:00
61,63,purchase,2025-01-09T09:45:00
61,62,view,2025-01-09T09:57:00
61,62,click,2025-01-09T09:59:00
61,22,search,2025-01-10T02:23:00
61,22,view,2025-01-10T02:26:00
61,22,click,2025-01-10T02:30:00
61,16,view,2025-01-10T02:33:00
61,16,click,2025-01-10T02:34:00
61,50,search,2025-01-12T14:52:00
61,50,view,2025-01-12T14:53:00
61,50,click,2025-01-12T14:55:00
61,50,add_to_cart,2025-01-12T14:57:00
61,50,remove_cart,2025-01-12T14:59:00
61,56,view,2025-01-12T15:00:00
61,186,view,2025-01-13T23:43:00
61,186,click,2025-01-13T23:44:00
61,180,view,2025-01-13T23:46:00
61,180,click,2025-01-13T23:49:00
61,184,view,2025-01-13T23:50:00
61,184,click,2025-01-13T23:53:00
61,22,search,2025-01-16T08:40:00
61,22,view,2025-01-16T08:42:00
61,22,click,2025-01-16T08:45:00
61,22,add_to_cart,2025-01-16T08:48:00
61,22,remove_cart,2025-01-16T08:50:00
61,47,search,2025-01-17T08:28:00
61,47,view,2025-01-17T08:29:00
61,47,click,2025-01-17T08:31:00
61,49,view,2025-01-17T08:33:00
61,49,click,2025-01-17T08:36:00
61,49,add_to_cart,2025-01-17T08:37:00
61,49,purchase,2025-01-17T08:38:00
61,45,view,2025-01-17T08:44:00
61,45,click,2025-01-17T08:46:00
61,45,add_to_cart,2025-01-17T08:48:00
61,45,purchase,2025-01-17T08:50:00
61,14,search,2025-01-17T22:42:00
61,14,view,2025-01-17T22:43:00
61,14,click,2025-01-17T22:46:00
61,5,view,2025-01-17T22:47:00
61,5,click,2025-01-17T22:49:00
61,5,add_to_cart,2025-01-17T22:51:00
61,5,purchase,2025-01-17T22:53:00
61,16,view,2025-01-17T23:04:00
61,16,click,2025-01-17T23:06:00
61,16,add_to_cart,2025-01-17T23:07:00
61,16,remove_cart,2025-01-17T23:08:00
61,189,search,2025-01-20T10:33:00
61,189,view,2025-01-20T10:35:00
61,189,click,2025-01-20T10:36:00
61,188,view,2025-01-20T10:37:00
61,188,click,2025-01-20T10:38:00
61,188,add_to_cart,2025-01-20T10:41:00
61,188,purchase,2025-01-20T10:43:00
61,12,search,2025-01-21T23:49:00
61,12,view,2025-01-21T23:50:00
61,12,click,2025-01-21T23:52:00
61,2,view,2025-01-21T23:54:00
61,2,click,2025-01-21T23:55:00
61,2,add_to_cart,2025-01-21T23:58:00
61,2,purchase,2025-01-22T00:00:00
61,21,view,2025-01-22T00:04:00
61,21,click,2025-01-22T00:06:00
61,5,review,2025-01-23T23:04:00
61,45,review,2025-01-24T08:54:00
61,49,review,2025-01-25T08:44:00
61,188,review,2025-01-28T10:50:00
61,2,review,2025-02-01T00:04:00
62,123,search,2025-01-08T12:53:00
62,123,view,2025-01-08T12:56:00
62,123,click,2025-01-08T12:59:00
62,185,view,2025-01-11T01:58:00
62,185,click,2025-01-11T01:59:00
62,199,view,2025-01-11T02:02:00
62,199,click,2025-01-11T02:05:00
62,189,view,2025-01-11T02:07:00
62,189,click,2025-01-11T02:11:00
62,179,search,2025-01-11T19:01:00
62,179,view,2025-01-11T19:04:00
62,179,click,2025-01-11T19:08:00
62,179,add_to_cart,2025-01-11T19:11:00
62,179,purchase,2025-01-11T19:12:00
62,124,search,2025-01-13T20:08:00
62,124,view,2025-01-13T20:09:00
62,124,click,2025-01-13T20:10:00
62,124,add_to_cart,2025-01-13T20:11:00
62,124,purchase,2025-01-13T20:13:00
62,141,search,2025-01-14T13:48:00
62,141,view,2025-01-14T13:49:00
62,141,click,2025-01-14T13:52:00
62,179,review,2025-01-14T19:16:00
62,110,view,2025-01-15T05:10:00
62,110,click,2025-01-15T05:11:00
62,110,add_to_cart,2025-01-15T05:12:00
62,110,purchase,2025-01-15T05:13:00
62,124,review,2025-01-24T20:24:00
63,76,search,2025-01-11T16:56:00
63,76,view,2025-01-11T16:58:00
63,77,view,2025-01-11T17:00:00
63,77,click,2025-01-11T17:04:00
63,102,search,2025-01-14T12:50:00
63,102,view,2025-01-14T12:51:00
63,102,click,2025-01-14T12:52:00
63,102,add_to_cart,2025-01-14T12:55:00
63,102,purchase,2025-01-14T12:56:00
63,167,view,2025-01-15T01:47:00
63,167,click,2025-01-15T01:50:00
63,175,view,2025-01-15T01:52:00
63,175,click,2025-01-15T01:55:00
63,160,view,2025-01-15T01:56:00
63,160,click,2025-01-15T02:00:00
63,160,add_to_cart,2025-01-15T02:01:00
63,160,purchase,2025-01-15T02:03:00
63,160,view,2025-01-17T22:42:00
63,160,click,2025-01-17T22:43:00
63,160,add_to_cart,2025-01-17T22:44:00
63,160,remove_cart,2025-01-17T22:46:00
63,158,view,2025-01-17T22:48:00
63,158,click,2025-01-17T22:49:00
63,158,add_to_cart,2025-01-17T22:52:00
63,158,remove_cart,2025-01-17T22:53:00
63,170,view,2025-01-17T22:54:00
63,170,click,2025-01-17T22:55:00
63,170,add_to_cart,2025-01-17T22:58:00
63,170,purchase,2025-01-17T23:00:00
63,87,view,2025-01-20T05:14:00
63,87,click,2025-01-20T05:18:00
63,87,add_to_cart,2025-01-20T05:21:00
63,87,purchase,2025-01-20T05:22:00
63,69,view,2025-01-20T05:33:00
63,170,review,2025-01-22T23:06:00
63,86,view,2025-01-23T00:04:00
63,86,click,2025-01-23T00:06:00
63,86,add_to_cart,2025-01-23T00:08:00
63,86,purchase,2025-01-23T00:09:00
63,83,view,2025-01-23T00:20:00
63,83,click,2025-01-23T00:21:00
63,154,search,2025-01-25T01:56:00
63,154,view,2025-01-25T01:58:00
63,154,click,2025-01-25T02:02:00
63,163,view,2025-01-25T02:04:00
63,163,click,2025-01-25T02:06:00
63,155,view,2025-01-25T02:09:00
63,155,click,2025-01-25T02:10:00
63,87,review,2025-01-26T05:33:00
63,163,search,2025-01-27T19:27:00
63,163,view,2025-01-27T19:29:00
63,163,click,2025-01-27T19:31:00
64,128,search,2025-01-09T09:13:00
64,128,view,2025-01-09T09:16:00
64,128,click,2025-01-09T09:20:00
64,128,add_to_cart,2025-01-09T09:22:00
64,128,purchase,2025-01-09T09:23:00
64,125,view,2025-01-09T09:28:00
64,130,view,2025-01-09T09:29:00
64,130,click,2025-01-09T09:33:00
64,43,search,2025-01-11T09:00:00
64,43,view,2025-01-11T09:03:00
64,126,search,2025-01-13T19:25:00
64,126,view,2025-01-13T19:26:00
64,126,click,2025-01-13T19:30:00
64,65,search,2025-01-15T03:01:00
64,65,view,2025-01-15T03:04:00
64,65,click,2025-01-15T03:06:00
64,65,add_to_cart,2025-01-15T03:08:00
64,65,remove_cart,2025-01-15T03:09:00
64,43,view,2025-01-15T21:53:00
64,43,click,2025-01-15T21:55:00
64,54,view,2025-01-15T21:57:00
64,54,add_to_cart,2025-01-15T21:59:00
64,54,remove_cart,2025-01-15T22:01:00
64,61,view,2025-01-15T22:02:00
64,47,search,2025-01-18T08:28:00
64,47,view,2025-01-18T08:29:00
64,47,click,2025-01-18T08:31:00
64,63,view,2025-01-18T08:33:00
64,63,click,2025-01-18T08:35:00
65,174,search,2025-01-10T13:07:00
65,174,view,2025-01-10T13:08:00
65,174,click,2025-01-10T13:12:00
65,174,add_to_cart,2025-01-10T13:15:00
65,174,purchase,2025-01-10T13:17:00
65,168,view,2025-01-10T13:20:00
65,168,click,2025-01-10T13:22:00
65,165,view,2025-01-10T13:25:00
65,165,click,2025-01-10T13:28:00
65,165,add_to_cart,2025-01-10T13:29:00
65,165,purchase,2025-01-10T13:30:00
65,147,search,2025-01-13T07:09:00
65,147,view,2025-01-13T07:12:00
65,147,click,2025-01-13T07:13:00
65,134,view,2025-01-13T07:14:00
65,134,click,2025-01-13T07:15:00
65,148,view,2025-01-13T07:18:00
65,148,click,2025-01-13T07:19:00
65,148,add_to_cart,2025-01-13T07:21:00
65,148,purchase,2025-01-13T07:22:00
65,156,search,2025-01-14T03:06:00
65,156,view,2025-01-14T03:09:00
65,156,click,2025-01-14T03:11:00
65,156,add_to_cart,2025-01-14T03:14:00
65,156,remove_cart,2025-01-14T03:16:00
65,146,search,2025-01-15T23:02:00
65,146,view,2025-01-15T23:04:00
65,146,click,2025-01-15T23:06:00
65,136,view,2025-01-15T23:09:00
65,136,click,2025-01-15T23:11:00
65,136,add_to_cart,2025-01-15T23:12:00
65,136,purchase,2025-01-15T23:13:00
65,150,view,2025-01-15T23:24:00
65,150,click,2025-01-15T23:27:00
65,31,search,2025-01-18T05:27:00
65,31,view,2025-01-18T05:29:00
65,42,view,2025-01-18T05:30:00
65,42,click,2025-01-18T05:32:00
65,35,view,2025-01-18T05:33:00
65,34,search,2025-01-20T07:46:00
65,34,view,2025-01-20T07:47:00
65,34,add_to_cart,2025-01-20T07:50:00
65,34,purchase,2025-01-20T07:51:00
65,41,view,2025-01-20T07:56:00
65,41,click,2025-01-20T07:57:00
65,41,add_to_cart,2025-01-20T07:59:00
65,41,purchase,2025-01-20T08:00:00
65,39,view,2025-01-20T08:07:00
65,39,add_to_cart,2025-01-20T08:09:00
65,39,remove_cart,2025-01-20T08:10:00
65,157,search,2025-01-21T07:44:00
65,157,view,2025-01-21T07:46:00
65,157,click,2025-01-21T07:50:00
65,148,review,2025-01-22T07:34:00
65,34,review,2025-01-22T07:56:00
65,162,search,2025-01-24T04:55:00
65,162,view,2025-01-24T04:57:00
65,162,click,2025-01-24T04:59:00
65,173,view,2025-01-24T05:02:00
65,173,click,2025-01-24T05:06:00
65,173,add_to_cart,2025-01-24T05:07:00
65,173,purchase,2025-01-24T05:08:00
65,157,view,2025-01-24T05:12:00
65,157,click,2025-01-24T05:15:00
65,165,review,2025-01-24T13:32:00
65,161,search,2025-01-25T20:03:00
65,161,view,2025-01-25T20:05:00
65,161,click,2025-01-25T20:08:00
65,161,add_to_cart,2025-01-25T20:11:00
65,161,purchase,2025-01-25T20:13:00
65,175,view,2025-01-25T20:18:00
65,175,add_to_cart,2025-01-25T20:19:00
65,175,purchase,2025-01-25T20:21:00
65,173,view,2025-01-25T20:33:00
65,173,add_to_cart,2025-01-25T20:35:00
65,173,remove_cart,2025-01-25T20:36:00
65,173,review,2025-02-05T05:12:00
65,175,review,2025-02-06T20:33:00
65,161,review,2025-02-08T20:18:00
66,170,search,2025-01-12T10:32:00
66,170,view,2025-01-12T10:35:00
66,170,click,2025-01-12T10:36:00
66,170,add_to_cart,2025-01-12T10:39:00
66,170,purchase,2025-01-12T10:40:00
66,158,view,2025-01-12T10:50:00
66,169,view,2025-01-12T10:52:00
66,169,click,2025-01-12T10:53:00
66,137,view,2025-01-13T03:17:00
66,137,add_to_cart,2025-01-13T03:20:00
66,137,remove_cart,2025-01-13T03:22:00
66,161,search,2025-01-14T09:42:00
66,161,view,2025-01-14T09:44:00
66,161,click,2025-01-14T09:46:00
66,171,view,2025-01-14T09:49:00
66,157,view,2025-01-14T09:51:00
66,165,search,2025-01-14T22:31:00
66,165,view,2025-01-14T22:33:00
66,165,click,2025-01-14T22:36:00
66,187,search,2025-01-15T17:05:00
66,187,view,2025-01-15T17:06:00
66,187,click,2025-01-15T17:08:00
66,187,add_to_cart,2025-01-15T17:10:00
66,187,remove_cart,2025-01-15T17:12:00
66,176,view,2025-01-15T17:14:00
66,176,click,2025-01-15T17:17:00
66,135,search,2025-01-18T00:12:00
66,135,view,2025-01-18T00:13:00
66,135,click,2025-01-18T00:16:00
66,135,add_to_cart,2025-01-18T00:17:00
66,135,remove_cart,2025-01-18T00:18:00
66,146,view,2025-01-18T00:20:00
66,146,click,2025-01-18T00:21:00
67,113,search,2025-01-05T05:35:00
67,113,view,2025-01-05T05:38:00
67,113,click,2025-01-05T05:40:00
67,123,view,2025-01-05T05:42:00
67,123,click,2025-01-05T05:46:00
67,12,view,2025-01-07T01:47:00
67,12,click,2025-01-07T01:49:00
67,12,add_to_cart,2025-01-07T01:51:00
67,12,purchase,2025-01-07T01:52:00
67,62,search,2025-01-07T23:44:00
67,62,view,2025-01-07T23:45:00
67,62,click,2025-01-07T23:48:00
67,12,review,2025-01-09T01:58:00
67,14,view,2025-01-10T09:40:00
67,14,click,2025-01-10T09:42:00
67,7,view,2025-01-10T09:45:00
67,7,click,2025-01-10T09:47:00
67,7,add_to_cart,2025-01-10T09:48:00
67,7,purchase,2025-01-10T09:50:00
67,16,view,2025-01-10T09:54:00
67,16,click,2025-01-10T09:56:00
67,16,add_to_cart,2025-01-10T09:57:00
67,16,purchase,2025-01-10T09:59:00
67,59,search,2025-01-12T01:45:00
67,59,view,2025-01-12T01:46:00
67,59,click,2025-01-12T01:49:00
67,2,search,2025-01-12T15:51:00
67,2,view,2025-01-12T15:54:00
67,2,click,2025-01-12T15:57:00
67,2,add_to_cart,2025-01-12T15:59:00
67,2,purchase,2025-01-12T16:00:00
67,6,view,2025-01-12T16:06:00
67,6,click,2025-01-12T16:09:00
67,6,add_to_cart,2025-01-12T16:10:00
67,6,purchase,2025-01-12T16:11:00
67,61,search,2025-01-14T03:30:00
67,61,view,2025-01-14T03:31:00
67,61,click,2025-01-14T03:35:00
67,61,add_to_cart,2025-01-14T03:36:00
67,61,remove_cart,2025-01-14T03:37:00
67,59,view,2025-01-14T03:38:00
67,59,click,2025-01-14T03:40:00
67,59,add_to_cart,2025-01-14T03:41:00
67,59,purchase,2025-01-14T03:43:00
67,62,view,2025-01-14T03:52:00
67,62,click,2025-01-14T03:54:00
67,62,add_to_cart,2025-01-14T03:55:00
67,62,purchase,2025-01-14T03:56:00
67,121,search,2025-01-16T08:47:00
67,121,view,2025-01-16T08:49:00
67,121,click,2025-01-16T08:50:00
67,124,view,2025-01-16T08:53:00
67,124,click,2025-01-16T08:54:00
67,2,view,2025-01-17T00:46:00
67,2,click,2025-01-17T00:48:00
67,19,view,2025-01-17T00:50:00
67,19,click,2025-01-17T00:51:00
67,19,add_to_cart,2025-01-17T00:54:00
67,19,purchase,2025-01-17T00:56:00
67,16,review,2025-01-17T10:04:00
67,19,review,2025-01-18T01:02:00
67,7,review,2025-01-20T09:54:00
67,6,review,2025-01-24T16:15:00
68,104,search,2025-01-10T01:54:00
68,104,view,2025-01-10T01:57:00
68,104,click,2025-01-10T02:00:00
68,104,add_to_cart,2025-01-10T02:01:00
68,104,purchase,2025-01-10T02:02:00
68,96,view,2025-01-10T02:14:00
68,96,click,2025-01-10T02:16:00
68,60,search,2025-01-10T21:17:00
68,60,view,2025-01-10T21:20:00
68,60,click,2025-01-10T21:23:00
68,70,view,2025-01-12T03:46:00
68,70,click,2025-01-12T03:47:00
68,79,view,2025-01-12T03:48:00
68,79,click,2025-01-12T03:51:00
68,85,view,2025-01-12T03:52:00
68,85,click,2025-01-12T03:53:00
68,85,add_to_cart,2025-01-12T03:56:00
68,85,purchase,2025-01-12T03:58:00
68,50,search,2025-01-13T09:23:00
68,50,view,2025-01-13T09:25:00
68,50,click,2025-01-13T09:27:00
68,53,view,2025-01-13T09:30:00
68,53,click,2025-01-13T09:33:00
68,53,add_to_cart,2025-01-13T09:35:00
68,53,purchase,2025-01-13T09:36:00
68,108,search,2025-01-14T15:41:00
68,108,view,2025-01-14T15:42:00
68,108,click,2025-01-14T15:46:00
68,108,add_to_cart,2025-01-14T15:47:00
68,108,purchase,2025-01-14T15:48:00
68,104,review,2025-01-15T02:14:00
68,82,view,2025-01-15T12:43:00
68,82,click,2025-01-15T12:44:00
68,82,add_to_cart,2025-01-15T12:46:00
68,82,purchase,2025-01-15T12:47:00
68,53,review,2025-01-21T09:40:00
69,62,view,2025-01-04T03:47:00
69,62,click,2025-01-04T03:48:00
69,43,view,2025-01-04T03:50:00
69,43,click,2025-01-04T03:54:00
69,43,add_to_cart,2025-01-04T03:56:00
69,43,remove_cart,2025-01-04T03:57:00
69,46,view,2025-01-04T03:59:00
69,46,click,2025-01-04T04:00:00
69,46,add_to_cart,2025-01-04T04:01:00
69,46,remove_cart,2025-01-04T04:03:00
69,50,search,2025-01-04T17:19:00
69,50,view,2025-01-04T17:20:00
69,50,click,2025-01-04T17:23:00
69,153,view,2025-01-06T12:34:00
69,153,click,2025-01-06T12:36:00
69,153,add_to_cart,2025-01-06T12:38:00
69,153,remove_cart,2025-01-06T12:40:00
69,135,view,2025-01-06T12:41:00
69,135,click,2025-01-06T12:42:00
69,135,add_to_cart,2025-01-06T12:43:00
69,135,purchase,2025-01-06T12:45:00
69,151,search,2025-01-07T23:53:00
69,151,view,2025-01-07T23:55:00
69,141,view,2025-01-07T23:58:00
69,141,click,2025-01-07T23:59:00
69,47,view,2025-01-09T16:46:00
69,47,click,2025-01-09T16:50:00
69,55,view,2025-01-09T16:51:00
69,55,click,2025-01-09T16:54:00
69,54,search,2025-01-11T12:23:00
69,54,view,2025-01-11T12:25:00
69,54,click,2025-01-11T12:28:00
69,53,view,2025-01-11T12:31:00
69,53,click,2025-01-11T12:35:00
69,83,search,2025-01-12T06:14:00
69,83,view,2025-01-12T06:17:00
69,83,click,2025-01-12T06:19:00
69,83,add_to_cart,2025-01-12T06:20:00
69,83,purchase,2025-01-12T06:21:00
69,73,view,2025-01-12T06:23:00
69,73,add_to_cart,2025-01-12T06:25:00
69,73,purchase,2025-01-12T06:27:00
69,78,view,2025-01-12T06:31:00
69,78,click,2025-01-12T06:35:00
69,78,add_to_cart,2025-01-12T06:36:00
69,78,remove_cart,2025-01-12T06:37:00
69,66,search,2025-01-12T22:22:00
69,66,view,2025-01-12T22:25:00
69,66,click,2025-01-12T22:26:00
69,79,view,2025-01-12T22:29:00
69,79,click,2025-01-12T22:30:00
69,79,add_to_cart,2025-01-12T22:31:00
69,79,remove_cart,2025-01-12T22:32:00
69,77,view,2025-01-12T22:34:00
69,77,click,2025-01-12T22:36:00
69,73,review,2025-01-15T06:31:00
69,135,review,2025-01-17T12:57:00
69,83,review,2025-01-20T06:23:00
70,88,view,2025-01-06T14:03:00
70,88,click,2025-01-06T14:04:00
70,97,view,2025-01-06T14:05:00
70,97,click,2025-01-06T14:06:00
70,91,view,2025-01-06T14:08:00
70,91,click,2025-01-06T14:12:00
70,73,search,2025-01-09T13:24:00
70,73,view,2025-01-09T13:25:00
70,73,add_to_cart,2025-01-09T13:29:00
70,73,purchase,2025-01-09T13:30:00
70,79,view,2025-01-09T13:32:00
70,79,click,2025-01-09T13:33:00
70,78,search,2025-01-12T04:58:00
70,78,view,2025-01-12T04:59:00
70,78,click,2025-01-12T05:02:00
70,78,add_to_cart,2025-01-12T05:03:00
70,78,remove_cart,2025-01-12T05:05:00
70,71,view,2025-01-12T05:07:00
70,71,click,2025-01-12T05:09:00
70,71,add_to_cart,2025-01-12T05:10:00
70,71,purchase,2025-01-12T05:11:00
70,67,view,2025-01-12T05:17:00
70,67,click,2025-01-12T05:18:00
70,73,review,2025-01-12T13:32:00
70,84,search,2025-01-14T19:49:00
70,84,view,2025-01-14T19:51:00
70,84,add_to_cart,2025-01-14T19:52:00
70,84,purchase,2025-01-14T19:54:00
70,99,search,2025-01-15T14:23:00
70,99,view,2025-01-15T14:26:00
70,99,click,2025-01-15T14:27:00
70,99,add_to_cart,2025-01-15T14:28:00
70,99,purchase,2025-01-15T14:30:00
70,92,view,2025-01-15T14:32:00
70,92,click,2025-01-15T14:36:00
70,92,add_to_cart,2025-01-15T14:39:00
70,92,purchase,2025-01-15T14:40:00
70,109,view,2025-01-15T14:52:00
70,71,review,2025-01-16T05:17:00
70,86,search,2025-01-17T07:44:00
70,86,view,2025-01-17T07:46:00
70,86,click,2025-01-17T07:49:00
70,86,add_to_cart,2025-01-17T07:51:00
70,86,remove_cart,2025-01-17T07:53:00
70,82,view,2025-01-17T07:54:00
70,82,click,2025-01-17T07:56:00
70,82,add_to_cart,2025-01-17T07:58:00
70,82,remove_cart,2025-01-17T07:59:00
70,76,view,2025-01-17T08:01:00
70,76,click,2025-01-17T08:02:00
70,76,add_to_cart,2025-01-17T08:04:00
70,76,remove_cart,2025-01-17T08:06:00
70,77,search,2025-01-18T00:19:00
70,77,view,2025-01-18T00:21:00
70,68,view,2025-01-18T00:24:00
70,68,click,2025-01-18T00:28:00
70,99,review,2025-01-18T14:32:00
70,67,search,2025-01-20T18:47:00
70,67,view,2025-01-20T18:50:00
70,67,click,2025-01-20T18:52:00
70,77,view,2025-01-20T18:55:00
70,77,click,2025-01-20T18:58:00
70,77,add_to_cart,2025-01-20T19:01:00
70,77,purchase,2025-01-20T19:03:00
70,84,review,2025-01-20T20:02:00
70,77,review,2025-01-31T19:15:00
71,4,search,2025-01-11T08:24:00
71,4,view,2025-01-11T08:26:00
71,4,click,2025-01-11T08:27:00
71,80,view,2025-01-13T07:26:00
71,80,click,2025-01-13T07:27:00
71,80,add_to_cart,2025-01-13T07:30:00
71,80,purchase,2025-01-13T07:32:00
71,86,view,2025-01-13T07:37:00
71,86,click,2025-01-13T07:40:00
71,125,search,2025-01-15T00:45:00
71,125,view,2025-01-15T00:47:00
71,125,click,2025-01-15T00:49:00
71,113,view,2025-01-15T00:51:00
71,113,click,2025-01-15T00:55:00
71,118,view,2025-01-15T00:57:00
71,118,click,2025-01-15T01:01:00
71,80,review,2025-01-15T07:37:00
71,118,search,2025-01-16T00:07:00
71,118,view,2025-01-16T00:09:00
71,118,click,2025-01-16T00:13:00
71,130,view,2025-01-16T00:16:00
71,130,click,2025-01-16T00:20:00
71,3,search,2025-01-18T22:20:00
71,3,view,2025-01-18T22:22:00
71,3,click,2025-01-18T22:24:00
71,115,search,2025-01-21T21:10:00
71,115,view,2025-01-21T21:11:00
71,115,click,2025-01-21T21:13:00
71,123,view,2025-01-21T21:16:00
71,123,click,2025-01-21T21:18:00
71,121,view,2025-01-21T21:21:00
71,121,click,2025-01-21T21:24:00
71,69,search,2025-01-23T11:42:00
71,69,view,2025-01-23T11:43:00
71,87,view,2025-01-23T11:47:00
71,87,click,2025-01-23T11:51:00
71,87,add_to_cart,2025-01-23T11:54:00
71,87,purchase,2025-01-23T11:55:00
71,13,view,2025-01-24T13:12:00
71,13,click,2025-01-24T13:13:00
71,13,add_to_cart,2025-01-24T13:15:00
71,13,purchase,2025-01-24T13:17:00
71,7,view,2025-01-24T13:20:00
71,7,click,2025-01-24T13:24:00
71,7,add_to_cart,2025-01-24T13:26:00
71,7,purchase,2025-01-24T13:28:00
71,12,view,2025-01-24T13:35:00
71,12,click,2025-01-24T13:39:00
71,14,search,2025-01-27T08:22:00
71,14,view,2025-01-27T08:24:00
71,14,click,2025-01-27T08:27:00
71,13,view,2025-01-27T08:28:00
71,13,click,2025-01-27T08:29:00
71,10,view,2025-01-27T08:30:00
71,10,click,2025-01-27T08:34:00
71,7,review,2025-01-27T13:35:00
71,130,search,2025-01-29T01:09:00
71,130,view,2025-01-29T01:10:00
71,130,add_to_cart,2025-01-29T01:13:00
71,130,purchase,2025-01-29T01:15:00
71,87,review,2025-02-01T12:00:00
71,130,review,2025-02-06T01:18:00
72,122,search,2025-01-13T15:14:00
72,122,view,2025-01-13T15:16:00
72,122,click,2025-01-13T15:19:00
72,110,view,2025-01-13T15:21:00
72,110,add_to_cart,2025-01-13T15:22:00
72,110,remove_cart,2025-01-13T15:23:00
72,121,view,2025-01-13T15:25:00
72,121,click,2025-01-13T15:28:00
72,35,view,2025-01-16T08:34:00
72,35,click,2025-01-16T08:38:00
72,35,add_to_cart,2025-01-16T08:41:00
72,35,purchase,2025-01-16T08:42:00
72,29,view,2025-01-16T08:49:00
72,29,click,2025-01-16T08:51:00
72,42,view,2025-01-16T08:52:00
72,42,click,2025-01-16T08:56:00
72,142,search,2025-01-17T10:04:00
72,142,view,2025-01-17T10:06:00
72,142,click,2025-01-17T10:07:00
72,142,add_to_cart,2025-01-17T10:10:00
72,142,purchase,2025-01-17T10:11:00
72,34,view,2025-01-18T13:54:00
72,34,click,2025-01-18T13:57:00
72,28,view,2025-01-18T13:58:00
72,28,click,2025-01-18T14:02:00
72,28,add_to_cart,2025-01-18T14:05:00
72,28,purchase,2025-01-18T14:06:00
72,37,search,2025-01-21T13:56:00
72,37,view,2025-01-21T13:57:00
72,37,click,2025-01-21T14:00:00
72,37,add_to_cart,2025-01-21T14:01:00
72,37,purchase,2025-01-21T14:03:00
72,35,review,2025-01-23T08:49:00
72,25,search,2025-01-23T18:12:00
72,25,view,2025-01-23T18:14:00
72,38,view,2025-01-23T18:18:00
72,38,click,2025-01-23T18:22:00
72,38,add_to_cart,2025-01-23T18:23:00
72,38,purchase,2025-01-23T18:24:00
72,33,view,2025-01-25T05:06:00
72,33,click,2025-01-25T05:07:00
72,33,add_to_cart,2025-01-25T05:10:00
72,33,remove_cart,2025-01-25T05:11:00
72,148,search,2025-01-27T02:00:00
72,148,view,2025-01-27T02:02:00
72,148,add_to_cart,2025-01-27T02:03:00
72,148,remove_cart,2025-01-27T02:04:00
72,125,search,2025-01-27T19:27:00
72,125,view,2025-01-27T19:30:00
72,125,click,2025-01-27T19:33:00
72,125,add_to_cart,2025-01-27T19:35:00
72,125,purchase,2025-01-27T19:37:00
72,116,view,2025-01-27T19:43:00
72,116,add_to_cart,2025-01-27T19:46:00
72,116,remove_cart,2025-01-27T19:48:00
72,28,review,2025-01-28T14:18:00
72,37,review,2025-01-29T14:08:00
72,125,review,2025-02-07T19:43:00
73,76,search,2025-01-06T14:38:00
73,76,view,2025-01-06T14:39:00
73,76,click,2025-01-06T14:42:00
73,85,view,2025-01-06T14:45:00
73,85,click,2025-01-06T14:49:00
73,145,search,2025-01-09T07:46:00
73,145,view,2025-01-09T07:49:00
73,145,click,2025-01-09T07:52:00
73,145,add_to_cart,2025-01-09T07:53:00
73,145,purchase,2025-01-09T07:55:00
73,141,view,2025-01-09T07:59:00
73,141,click,2025-01-09T08:01:00
73,141,add_to_cart,2025-01-09T08:03:00
73,141,remove_cart,2025-01-09T08:05:00
73,151,view,2025-01-09T08:07:00
73,151,click,2025-01-09T08:08:00
73,149,search,2025-01-10T00:33:00
73,149,view,2025-01-10T00:34:00
73,149,click,2025-01-10T00:36:00
73,145,review,2025-01-11T07:59:00
73,84,search,2025-01-12T22:19:00
73,84,view,2025-01-12T22:21:00
73,84,click,2025-01-12T22:24:00
73,84,add_to_cart,2025-01-12T22:25:00
73,84,purchase,2025-01-12T22:27:00
73,151,search,2025-01-14T07:10:00
73,151,view,2025-01-14T07:13:00
73,151,click,2025-01-14T07:14:00
73,84,review,2025-01-14T22:33:00
73,80,view,2025-01-15T13:25:00
73,80,click,2025-01-15T13:29:00
73,174,search,2025-01-16T06:02:00
73,174,view,2025-01-16T06:04:00
73,174,click,2025-01-16T06:07:00
73,174,add_to_cart,2025-01-16T06:09:00
73,174,purchase,2025-01-16T06:11:00
73,154,view,2025-01-16T06:13:00
73,154,click,2025-01-16T06:17:00
73,173,search,2025-01-16T19:34:00
73,173,view,2025-01-16T19:35:00
73,173,click,2025-01-16T19:37:00
73,157,view,2025-01-16T19:39:00
73,157,click,2025-01-16T19:43:00
73,157,add_to_cart,2025-01-16T19:44:00
73,157,purchase,2025-01-16T19:46:00
73,74,search,2025-01-19T16:46:00
73,74,view,2025-01-19T16:47:00
73,74,click,2025-01-19T16:50:00
73,137,search,2025-01-21T18:21:00
73,137,view,2025-01-21T18:23:00
73,137,click,2025-01-21T18:25:00
73,136,view,2025-01-21T18:27:00
73,136,click,2025-01-21T18:28:00
73,174,review,2025-01-28T06:13:00
74,162,search,2025-01-12T02:18:00
74,162,view,2025-01-12T02:20:00
74,162,click,2025-01-12T02:22:00
74,45,search,2025-01-13T21:28:00
74,45,view,2025-01-13T21:31:00
74,45,click,2025-01-13T21:33:00
74,45,add_to_cart,2025-01-13T21:35:00
74,45,purchase,2025-01-13T21:36:00
74,52,search,2025-01-15T15:28:00
74,52,view,2025-01-15T15:31:00
74,52,add_to_cart,2025-01-15T15:32:00
74,52,purchase,2025-01-15T15:34:00
74,65,view,2025-01-15T15:43:00
74,65,click,2025-01-15T15:45:00
74,65,add_to_cart,2025-01-15T15:46:00
74,65,remove_cart,2025-01-15T15:48:00
74,46,search,2025-01-18T11:56:00
74,46,view,2025-01-18T11:57:00
74,46,add_to_cart,2025-01-18T11:58:00
74,46,purchase,2025-01-18T11:59:00
74,47,view,2025-01-18T12:09:00
74,47,add_to_cart,2025-01-18T12:10:00
74,47,remove_cart,2025-01-18T12:12:00
74,57,view,2025-01-18T12:14:00
74,57,click,2025-01-18T12:18:00
74,57,add_to_cart,2025-01-18T12:19:00
74,57,remove_cart,2025-01-18T12:21:00
74,49,search,2025-01-19T12:48:00
74,49,view,2025-01-19T12:50:00
74,49,click,2025-01-19T12:54:00
74,52,view,2025-01-19T12:55:00
74,52,add_to_cart,2025-01-19T12:57:00
74,52,purchase,2025-01-19T12:58:00
74,51,search,2025-01-20T16:05:00
74,51,view,2025-01-20T16:08:00
74,51,click,2025-01-20T16:12:00
74,51,add_to_cart,2025-01-20T16:13:00
74,51,purchase,2025-01-20T16:15:00
74,97,search,2025-01-21T10:30:00
74,97,view,2025-01-21T10:33:00
74,97,click,2025-01-21T10:37:00
74,97,add_to_cart,2025-01-21T10:40:00
74,97,purchase,2025-01-21T10:42:00
74,107,view,2025-01-21T10:46:00
74,88,view,2025-01-21T10:48:00
74,88,click,2025-01-21T10:52:00
74,52,review,2025-01-21T13:09:00
74,46,review,2025-01-23T12:09:00
74,175,search,2025-01-23T23:47:00
74,175,view,2025-01-23T23:49:00
74,175,click,2025-01-23T23:53:00
74,89,search,2025-01-26T15:56:00
74,89,view,2025-01-26T15:58:00
74,89,click,2025-01-26T16:00:00
74,97,review,2025-01-29T10:46:00
75,199,search,2025-01-11T19:16:00
75,199,view,2025-01-11T19:18:00
75,199,click,2025-01-11T19:21:00
75,199,add_to_cart,2025-01-11T19:23:00
75,199,purchase,2025-01-11T19:25:00
75,187,view,2025-01-11T19:37:00
75,187,click,2025-01-11T19:41:00
75,47,search,2025-01-13T10:38:00
75,47,view,2025-01-13T10:39:00
75,47,click,2025-01-13T10:42:00
75,54,search,2025-01-15T21:48:00
75,54,view,2025-01-15T21:50:00
75,49,view,2025-01-15T21:51:00
75,34,search,2025-01-17T11:32:00
75,34,view,2025-01-17T11:34:00
75,34,click,2025-01-17T11:37:00
75,33,view,2025-01-17T11:40:00
75,33,click,2025-01-17T11:43:00
75,33,add_to_cart,2025-01-17T11:44:00
75,33,purchase,2025-01-17T11:46:00
75,180,view,2025-01-18T09:26:00
75,180,click,2025-01-18T09:28:00
75,180,add_to_cart,2025-01-18T09:30:00
75,180,remove_cart,2025-01-18T09:32:00
75,190,view,2025-01-18T09:33:00
75,190,click,2025-01-18T09:35:00
75,190,add_to_cart,2025-01-18T09:38:00
75,190,purchase,2025-01-18T09:40:00
75,197,view,2025-01-18T09:48:00
75,197,click,2025-01-18T09:49:00
75,197,add_to_cart,2025-01-18T09:50:00
75,197,purchase,2025-01-18T09:52:00
75,33,review,2025-01-18T11:53:00
75,45,search,2025-01-20T19:19:00
75,45,view,2025-01-20T19:22:00
75,45,click,2025-01-20T19:24:00
75,45,add_to_cart,2025-01-20T19:25:00
75,45,purchase,2025-01-20T19:26:00
75,56,view,2025-01-23T16:39:00
75,56,click,2025-01-23T16:42:00
75,55,view,2025-01-23T16:43:00
75,55,click,2025-01-23T16:46:00
75,27,search,2025-01-25T15:59:00
75,27,view,2025-01-25T16:00:00
75,27,click,2025-01-25T16:03:00
75,36,view,2025-01-25T16:06:00
75,36,click,2025-01-25T16:08:00
75,36,add_to_cart,2025-01-25T16:10:00
75,36,purchase,2025-01-25T16:12:00
75,45,review,2025-01-31T19:33:00
75,190,review,2025-02-01T09:48:00
76,168,search,2025-01-08T19:35:00
76,168,view,2025-01-08T19:37:00
76,168,click,2025-01-08T19:38:00
76,154,view,2025-01-08T19:41:00
76,154,click,2025-01-08T19:43:00
76,154,add_to_cart,2025-01-08T19:45:00
76,154,remove_cart,2025-01-08T19:47:00
76,131,view,2025-01-10T13:40:00
76,131,click,2025-01-10T13:44:00
76,131,add_to_cart,2025-01-10T13:45:00
76,131,purchase,2025-01-10T13:46:00
76,110,view,2025-01-10T13:49:00
76,110,click,2025-01-10T13:53:00
76,110,add_to_cart,2025-01-10T13:54:00
76,110,purchase,2025-01-10T13:55:00
76,161,search,2025-01-13T11:48:00
76,161,view,2025-01-13T11:49:00
76,161,click,2025-01-13T11:52:00
76,129,search,2025-01-14T06:59:00
76,129,view,2025-01-14T07:02:00
76,129,click,2025-01-14T07:03:00
76,129,add_to_cart,2025-01-14T07:04:00
76,129,remove_cart,2025-01-14T07:06:00
76,116,view,2025-01-14T07:08:00
76,116,click,2025-01-14T07:12:00
76,116,add_to_cart,2025-01-14T07:13:00
76,116,purchase,2025-01-14T07:15:00
76,62,search,2025-01-16T00:14:00
76,62,view,2025-01-16T00:15:00
76,62,click,2025-01-16T00:19:00
76,62,add_to_cart,2025-01-16T00:20:00
76,62,remove_cart,2025-01-16T00:21:00
76,64,view,2025-01-16T00:22:00
76,64,click,2025-01-16T00:26:00
76,54,search,2025-01-17T05:53:00
76,54,view,2025-01-17T05:54:00
76,54,click,2025-01-17T05:58:00
76,54,add_to_cart,2025-01-17T06:00:00
76,54,purchase,2025-01-17T06:02:00
76,64,view,2025-01-17T06:13:00
76,64,click,2025-01-17T06:16:00
76,44,view,2025-01-18T02:48:00
76,44,click,2025-01-18T02:52:00
76,44,add_to_cart,2025-01-18T02:53:00
76,44,purchase,2025-01-18T02:54:00
76,54,view,2025-01-18T03:04:00
76,54,click,2025-01-18T03:06:00
76,44,review,2025-01-20T03:04:00
76,57,search,2025-01-20T21:58:00
76,57,view,2025-01-20T22:01:00
76,57,add_to_cart,2025-01-20T22:04:00
76,57,purchase,2025-01-20T22:06:00
76,65,view,2025-01-20T22:15:00
76,65,click,2025-01-20T22:17:00
76,47,view,2025-01-22T06:57:00
76,47,click,2025-01-22T07:00:00
76,47,add_to_cart,2025-01-22T07:02:00
76,47,purchase,2025-01-22T07:03:00
76,65,view,2025-01-22T07:07:00
76,65,click,2025-01-22T07:08:00
76,110,review,2025-01-22T14:05:00
76,54,review,2025-01-27T06:13:00
76,47,review,2025-02-02T07:07:00
77,14,search,2025-01-11T13:39:00
77,14,view,2025-01-11T13:40:00
77,14,click,2025-01-11T13:41:00
77,3,view,2025-01-11T13:43:00
77,3,add_to_cart,2025-01-11T13:44:00
77,3,purchase,2025-01-11T13:46:00
77,74,search,2025-01-13T09:26:00
77,74,view,2025-01-13T09:27:00
77,74,click,2025-01-13T09:29:00
77,84,view,2025-01-13T23:11:00
77,84,click,2025-01-13T23:12:00
77,194,search,2025-01-16T18:17:00
77,194,view,2025-01-16T18:20:00
77,194,click,2025-01-16T18:24:00
77,193,view,2025-01-16T18:25:00
77,193,click,2025-01-16T18:29:00
77,3,search,2025-01-18T10:58:00
77,3,view,2025-01-18T10:59:00
77,3,click,2025-01-18T11:00:00
77,3,add_to_cart,2025-01-18T11:03:00
77,3,purchase,2025-01-18T11:04:00
77,183,view,2025-01-21T03:24:00
77,183,click,2025-01-21T03:27:00
77,183,add_to_cart,2025-01-21T03:29:00
77,183,purchase,2025-01-21T03:30:00
77,17,search,2025-01-23T06:36:00
77,17,view,2025-01-23T06:37:00
77,10,view,2025-01-23T06:41:00
77,10,click,2025-01-23T06:42:00
77,10,add_to_cart,2025-01-23T06:44:00
77,10,purchase,2025-01-23T06:46:00
77,13,view,2025-01-23T06:48:00
77,183,review,2025-01-25T03:33:00
77,10,review,2025-02-01T06:48:00
78,155,search,2025-01-05T02:26:00
78,155,view,2025-01-05T02:29:00
78,165,view,2025-01-05T02:30:00
78,165,click,2025-01-05T02:32:00
78,165,add_to_cart,2025-01-05T02:33:00
78,165,purchase,2025-01-05T02:35:00
78,156,view,2025-01-05T02:47:00
78,156,click,2025-01-05T02:50:00
78,156,add_to_cart,2025-01-05T02:51:00
78,156,remove_cart,2025-01-05T02:52:00
78,166,search,2025-01-07T02:23:00
78,166,view,2025-01-07T02:25:00
78,166,click,2025-01-07T02:27:00
78,175,view,2025-01-07T02:29:00
78,175,click,2025-01-07T02:30:00
78,154,view,2025-01-07T02:33:00
78,154,click,2025-01-07T02:36:00
78,154,add_to_cart,2025-01-07T02:38:00
78,154,remove_cart,2025-01-07T02:39:00
78,161,view,2025-01-08T17:27:00
78,161,add_to_cart,2025-01-08T17:28:00
78,161,purchase,2025-01-08T17:29:00
78,2,search,2025-01-10T04:10:00
78,2,view,2025-01-10T04:11:00
78,2,click,2025-01-10T04:14:00
78,11,view,2025-01-10T04:16:00
78,11,click,2025-01-10T04:17:00
78,11,add_to_cart,2025-01-10T04:18:00
78,11,purchase,2025-01-10T04:19:00
78,10,search,2025-01-12T18:01:00
78,10,view,2025-01-12T18:04:00
78,10,click,2025-01-12T18:06:00
78,10,add_to_cart,2025-01-12T18:08:00
78,10,remove_cart,2025-01-12T18:09:00
78,12,view,2025-01-12T18:11:00
78,12,click,2025-01-12T18:15:00
78,165,review,2025-01-13T02:47:00
78,163,search,2025-01-15T05:51:00
78,163,view,2025-01-15T05:53:00
78,163,click,2025-01-15T05:55:00
78,161,review,2025-01-16T17:32:00
78,157,search,2025-01-17T01:49:00
78,157,view,2025-01-17T01:51:00
78,157,click,2025-01-17T01:55:00
78,157,add_to_cart,2025-01-17T01:56:00
78,157,purchase,2025-01-17T01:58:00
78,154,view,2025-01-17T02:06:00
78,154,click,2025-01-17T02:08:00
78,157,review,2025-01-18T02:06:00
78,175,search,2025-01-18T09:11:00
78,175,view,2025-01-18T09:13:00
78,84,search,2025-01-20T21:15:00
78,84,view,2025-01-20T21:18:00
78,72,view,2025-01-20T21:22:00
78,72,click,2025-01-20T21:23:00
78,72,add_to_cart,2025-01-20T21:26:00
78,72,purchase,2025-01-20T21:28:00
78,170,search,2025-01-22T10:07:00
78,170,view,2025-01-22T10:08:00
78,170,add_to_cart,2025-01-22T10:10:00
78,170,remove_cart,2025-01-22T10:12:00
78,162,view,2025-01-22T10:13:00
78,162,click,2025-01-22T10:16:00
78,162,add_to_cart,2025-01-22T10:18:00
78,162,purchase,2025-01-22T10:20:00
78,159,view,2025-01-22T10:32:00
78,159,click,2025-01-22T10:33:00
78,72,review,2025-01-30T21:38:00
78,162,review,2025-02-02T10:32:00
79,57,search,2025-01-06T20:22:00
79,57,view,2025-01-06T20:25:00
79,57,click,2025-01-06T20:27:00
79,60,search,2025-01-08T12:41:00
79,60,view,2025-01-08T12:43:00
79,60,add_to_cart,2025-01-08T12:46:00
79,60,remove_cart,2025-01-08T12:47:00
79,53,view,2025-01-08T12:48:00
79,53,click,2025-01-08T12:50:00
79,53,add_to_cart,2025-01-08T12:51:00
79,53,purchase,2025-01-08T12:53:00
79,45,view,2025-01-08T12:55:00
79,45,click,2025-01-08T12:57:00
79,64,view,2025-01-11T07:54:00
79,64,click,2025-01-11T07:55:00
79,64,add_to_cart,2025-01-11T07:57:00
79,64,remove_cart,2025-01-11T07:59:00
79,98,view,2025-01-13T08:23:00
79,98,click,2025-01-13T08:27:00
79,98,search,2025-01-15T11:19:00
79,98,view,2025-01-15T11:21:00
79,98,click,2025-01-15T11:24:00
79,89,view,2025-01-18T10:35:00
79,89,click,2025-01-18T10:36:00
79,97,view,2025-01-18T10:37:00
79,97,add_to_cart,2025-01-18T10:40:00
79,97,purchase,2025-01-18T10:41:00
79,97,review,2025-01-29T10:45:00
80,171,search,2025-01-10T02:56:00
80,171,view,2025-01-10T02:57:00
80,171,click,2025-01-10T03:01:00
80,171,add_to_cart,2025-01-10T03:04:00
80,171,remove_cart,2025-01-10T03:06:00
80,167,view,2025-01-10T03:08:00
80,167,click,2025-01-10T03:10:00
80,167,add_to_cart,2025-01-10T03:12:00
80,167,purchase,2025-01-10T03:14:00
80,157,view,2025-01-10T03:17:00
80,157,click,2025-01-10T03:21:00
80,157,add_to_cart,2025-01-10T03:23:00
80,157,purchase,2025-01-10T03:25:00
80,173,search,2025-01-11T20:18:00
80,173,view,2025-01-11T20:21:00
80,173,add_to_cart,2025-01-11T20:23:00
80,173,purchase,2025-01-11T20:25:00
80,161,view,2025-01-11T20:37:00
80,161,click,2025-01-11T20:40:00
80,161,add_to_cart,2025-01-11T20:41:00
80,161,purchase,2025-01-11T20:43:00
80,159,search,2025-01-14T17:16:00
80,159,view,2025-01-14T17:17:00
80,159,click,2025-01-14T17:21:00
80,173,review,2025-01-16T20:37:00
80,179,search,2025-01-17T10:51:00
80,179,view,2025-01-17T10:52:00
80,179,click,2025-01-17T10:53:00
80,180,view,2025-01-17T10:56:00
80,180,click,2025-01-17T11:00:00
80,177,view,2025-01-17T11:02:00
80,177,click,2025-01-17T11:04:00
80,177,add_to_cart,2025-01-17T11:05:00
80,177,purchase,2025-01-17T11:07:00
80,34,view,2025-01-20T11:46:00
80,34,click,2025-01-20T11:50:00
80,34,add_to_cart,2025-01-20T11:52:00
80,34,purchase,2025-01-20T11:54:00
80,156,search,2025-01-22T13:35:00
80,156,view,2025-01-22T13:38:00
80,156,click,2025-01-22T13:42:00
80,156,add_to_cart,2025-01-22T13:44:00
80,156,purchase,2025-01-22T13:46:00
80,158,view,2025-01-22T13:49:00
80,158,click,2025-01-22T13:52:00
80,154,view,2025-01-22T13:55:00
80,154,click,2025-01-22T13:59:00
80,154,add_to_cart,2025-01-22T14:01:00
80,154,purchase,2025-01-22T14:02:00
80,160,view,2025-01-23T19:40:00
80,160,click,2025-01-23T19:43:00
80,160,add_to_cart,2025-01-23T19:45:00
80,160,purchase,2025-01-23T19:47:00
80,167,view,2025-01-23T19:56:00
80,167,add_to_cart,2025-01-23T19:59:00
80,167,purchase,2025-01-23T20:00:00
80,170,view,2025-01-23T20:12:00
80,170,click,2025-01-23T20:14:00
80,167,review,2025-01-25T20:12:00
80,24,search,2025-01-26T11:29:00
80,24,view,2025-01-26T11:30:00
80,24,click,2025-01-26T11:33:00
80,24,add_to_cart,2025-01-26T11:36:00
80,24,purchase,2025-01-26T11:38:00
80,40,view,2025-01-26T11:47:00
80,40,click,2025-01-26T11:48:00
80,41,view,2025-01-26T11:50:00
80,160,review,2025-01-26T19:56:00
80,24,review,2025-01-28T11:47:00
80,157,search,2025-01-28T23:41:00
80,157,view,2025-01-28T23:42:00
80,157,click,2025-01-28T23:45:00
80,157,add_to_cart,2025-01-28T23:47:00
80,157,purchase,2025-01-28T23:48:00
80,165,view,2025-01-28T23:55:00
80,165,click,2025-01-28T23:56:00
80,156,view,2025-01-28T23:59:00
80,156,click,2025-01-29T00:02:00
80,177,review,2025-01-29T11:18:00
80,156,review,2025-01-30T13:49:00
80,174,search,2025-01-31T04:05:00
80,174,view,2025-01-31T04:08:00
80,174,add_to_cart,2025-01-31T04:12:00
80,174,purchase,2025-01-31T04:13:00
80,174,review,2025-02-03T04:17:00
81,29,search,2025-01-04T02:31:00
81,29,view,2025-01-04T02:32:00
81,29,click,2025-01-04T02:34:00
81,29,add_to_cart,2025-01-04T02:37:00
81,29,purchase,2025-01-04T02:39:00
81,23,view,2025-01-04T02:44:00
81,23,click,2025-01-04T02:48:00
81,36,view,2025-01-04T02:49:00
81,100,search,2025-01-06T01:21:00
81,100,view,2025-01-06T01:22:00
81,107,view,2025-01-06T01:23:00
81,107,click,2025-01-06T01:26:00
81,107,add_to_cart,2025-01-06T01:28:00
81,107,remove_cart,2025-01-06T01:30:00
81,99,view,2025-01-06T01:32:00
81,99,click,2025-01-06T01:35:00
81,38,view,2025-01-08T19:28:00
81,38,click,2025-01-08T19:32:00
81,38,add_to_cart,2025-01-08T19:33:00
81,38,purchase,2025-01-08T19:34:00
81,109,view,2025-01-10T10:07:00
81,109,click,2025-01-10T10:11:00
81,109,add_to_cart,2025-01-10T10:12:00
81,109,purchase,2025-01-10T10:13:00
81,98,view,2025-01-10T10:15:00
81,98,click,2025-01-10T10:17:00
81,42,search,2025-01-12T13:39:00
81,42,view,2025-01-12T13:42:00
81,42,add_to_cart,2025-01-12T13:43:00
81,42,remove_cart,2025-01-12T13:45:00
81,90,search,2025-01-14T11:00:00
81,90,view,2025-01-14T11:01:00
81,90,click,2025-01-14T11:03:00
81,108,view,2025-01-14T11:05:00
81,108,click,2025-01-14T11:07:00
81,89,view,2025-01-14T11:08:00
81,89,click,2025-01-14T11:11:00
81,109,review,2025-01-17T10:15:00
81,38,review,2025-01-21T19:42:00
82,13,search,2025-01-02T11:18:00
82,13,view,2025-01-02T11:19:00
82,13,click,2025-01-02T11:21:00
82,13,add_to_cart,2025-01-02T11:24:00
82,13,purchase,2025-01-02T11:26:00
82,16,view,2025-01-02T11:30:00
82,16,add_to_cart,2025-01-02T11:33:00
82,16,remove_cart,2025-01-02T11:35:00
82,2,view,2025-01-02T11:36:00
82,2,click,2025-01-02T11:37:00
82,2,add_to_cart,2025-01-02T11:39:00
82,2,purchase,2025-01-02T11:41:00
82,190,view,2025-01-03T06:05:00
82,190,click,2025-01-03T06:09:00
82,190,add_to_cart,2025-01-03T06:11:00
82,190,purchase,2025-01-03T06:13:00
82,182,view,2025-01-03T06:22:00
82,182,click,2025-01-03T06:24:00
82,2,review,2025-01-03T11:49:00
82,198,view,2025-01-04T09:02:00
82,198,click,2025-01-04T09:06:00
82,198,add_to_cart,2025-01-04T09:08:00
82,198,purchase,2025-01-04T09:09:00
82,179,view,2025-01-04T09:16:00
82,179,click,2025-01-04T09:17:00
82,179,add_to_cart,2025-01-04T09:18:00
82,179,purchase,2025-01-04T09:20:00
82,190,view,2025-01-04T09:23:00
82,190,click,2025-01-04T09:27:00
82,9,search,2025-01-05T17:17:00
82,9,view,2025-01-05T17:18:00
82,9,click,2025-01-05T17:19:00
82,14,view,2025-01-05T17:22:00
82,14,click,2025-01-05T17:23:00
82,191,search,2025-01-06T20:44:00
82,191,view,2025-01-06T20:46:00
82,191,add_to_cart,2025-01-06T20:47:00
82,191,purchase,2025-01-06T20:48:00
82,186,view,2025-01-06T20:50:00
82,186,click,2025-01-06T20:51:00
82,196,view,2025-01-06T20:53:00
82,196,click,2025-01-06T20:54:00
82,147,search,2025-01-08T11:21:00
82,147,view,2025-01-08T11:22:00
82,136,view,2025-01-08T11:26:00
82,136,click,2025-01-08T11:29:00
82,149,view,2025-01-08T11:32:00
82,149,click,2025-01-08T11:34:00
82,143,search,2025-01-09T16:07:00
82,143,view,2025-01-09T16:09:00
82,143,click,2025-01-09T16:11:00
82,148,view,2025-01-09T16:14:00
82,148,click,2025-01-09T16:15:00
82,148,add_to_cart,2025-01-09T16:16:00
82,148,purchase,2025-01-09T16:17:00
82,151,view,2025-01-09T16:19:00
82,151,click,2025-01-09T16:21:00
82,20,search,2025-01-11T10:02:00
82,20,view,2025-01-11T10:04:00
82,20,click,2025-01-11T10:06:00
82,148,review,2025-01-13T16:19:00
82,189,search,2025-01-13T20:26:00
82,189,view,2025-01-13T20:28:00
82,189,click,2025-01-13T20:31:00
82,194,view,2025-01-13T20:34:00
82,194,click,2025-01-13T20:35:00
82,179,review,2025-01-14T09:23:00
82,190,review,2025-01-15T06:22:00
82,198,review,2025-01-15T09:16:00
82,184,search,2025-01-15T20:42:00
82,184,view,2025-01-15T20:45:00
82,184,click,2025-01-15T20:49:00
82,191,review,2025-01-18T20:50:00
83,173,search,2025-01-02T05:09:00
83,173,view,2025-01-02T05:10:00
83,173,click,2025-01-02T05:13:00
83,173,add_to_cart,2025-01-02T05:14:00
83,173,purchase,2025-01-02T05:16:00
83,171,view,2025-01-03T18:49:00
83,171,click,2025-01-03T18:53:00
83,171,add_to_cart,2025-01-03T18:56:00
83,171,purchase,2025-01-03T18:57:00
83,27,search,2025-01-05T18:30:00
83,27,view,2025-01-05T18:32:00
83,27,click,2025-01-05T18:33:00
83,36,view,2025-01-05T18:35:00
83,36,click,2025-01-05T18:37:00
83,36,view,2025-01-07T22:14:00
83,36,click,2025-01-07T22:16:00
83,29,view,2025-01-07T22:17:00
83,29,click,2025-01-07T22:18:00
83,163,view,2025-01-10T20:43:00
83,163,click,2025-01-10T20:44:00
83,164,view,2025-01-10T20:45:00
83,164,click,2025-01-10T20:49:00
83,157,view,2025-01-10T20:52:00
83,157,click,2025-01-10T20:55:00
83,173,review,2025-01-11T05:25:00
83,42,search,2025-01-12T16:09:00
83,42,view,2025-01-12T16:12:00
83,42,click,2025-01-12T16:13:00
83,37,view,2025-01-12T16:14:00
83,37,click,2025-01-12T16:16:00
83,167,search,2025-01-15T10:11:00
83,167,view,2025-01-15T10:13:00
83,167,click,2025-01-15T10:14:00
83,167,add_to_cart,2025-01-15T10:17:00
83,167,purchase,2025-01-15T10:18:00
83,167,review,2025-01-26T10:20:00
84,109,view,2025-01-10T13:26:00
84,109,click,2025-01-10T13:27:00
84,109,add_to_cart,2025-01-10T13:30:00
84,109,remove_cart,2025-01-10T13:32:00
84,129,search,2025-01-12T22:06:00
84,129,view,2025-01-12T22:09:00
84,129,click,2025-01-12T22:10:00
84,129,add_to_cart,2025-01-12T22:13:00
84,129,purchase,2025-01-12T22:15:00
84,116,view,2025-01-12T22:18:00
84,116,click,2025-01-12T22:22:00
84,116,add_to_cart,2025-01-12T22:23:00
84,116,remove_cart,2025-01-12T22:24:00
84,116,search,2025-01-15T02:48:00
84,116,view,2025-01-15T02:51:00
84,116,click,2025-01-15T02:53:00
84,114,search,2025-01-16T15:41:00
84,114,view,2025-01-16T15:43:00
84,114,click,2025-01-16T15:45:00
84,114,add_to_cart,2025-01-16T15:47:00
84,114,purchase,2025-01-16T15:48:00
84,119,view,2025-01-16T15:53:00
84,119,click,2025-01-16T15:56:00
84,119,add_to_cart,2025-01-16T15:58:00
84,119,purchase,2025-01-16T16:00:00
84,111,view,2025-01-16T16:07:00
84,111,click,2025-01-16T16:11:00
84,122,view,2025-01-18T16:27:00
84,122,click,2025-01-18T16:31:00
84,114,view,2025-01-18T16:34:00
84,114,click,2025-01-18T16:36:00
84,127,view,2025-01-18T16:39:00
84,127,click,2025-01-18T16:42:00
84,127,add_to_cart,2025-01-18T16:43:00
84,127,purchase,2025-01-18T16:45:00
84,114,search,2025-01-20T18:08:00
84,114,view,2025-01-20T18:10:00
84,114,click,2025-01-20T18:11:00
84,124,view,2025-01-20T18:12:00
84,124,click,2025-01-20T18:13:00
84,124,add_to_cart,2025-01-20T18:15:00
84,124,remove_cart,2025-01-20T18:16:00
84,114,review,2025-01-21T15:53:00
84,57,view,2025-01-22T16:29:00
84,57,click,2025-01-22T16:33:00
84,100,search,2025-01-25T09:50:00
84,100,view,2025-01-25T09:52:00
84,100,click,2025-01-25T09:55:00
84,100,add_to_cart,2025-01-25T09:57:00
84,100,purchase,2025-01-25T09:58:00
84,103,view,2025-01-25T10:08:00
84,103,add_to_cart,2025-01-25T10:11:00
84,103,remove_cart,2025-01-25T10:12:00
84,127,review,2025-01-29T16:48:00
84,100,review,2025-02-01T10:08:00
85,98,view,2025-01-10T15:50:00
85,98,click,2025-01-10T15:53:00
85,89,view,2025-01-10T15:54:00
85,89,click,2025-01-10T15:56:00
85,89,add_to_cart,2025-01-10T15:57:00
85,89,remove_cart,2025-01-10T15:58:00
85,90,view,2025-01-10T15:59:00
85,90,click,2025-01-10T16:03:00
85,90,add_to_cart,2025-01-10T16:04:00
85,90,remove_cart,2025-01-10T16:06:00
85,81,search,2025-01-12T15:50:00
85,81,view,2025-01-12T15:51:00
85,81,click,2025-01-12T15:55:00
85,92,search,2025-01-15T04:56:00
85,92,view,2025-01-15T04:58:00
85,92,click,2025-01-15T05:01:00
85,98,view,2025-01-15T05:04:00
85,98,click,2025-01-15T05:08:00
85,176,search,2025-01-16T04:59:00
85,176,view,2025-01-16T05:01:00
85,176,click,2025-01-16T05:04:00
85,183,view,2025-01-16T05:05:00
85,195,view,2025-01-16T05:09:00
85,195,click,2025-01-16T05:11:00
85,195,add_to_cart,2025-01-16T05:12:00
85,195,remove_cart,2025-01-16T05:14:00
85,189,search,2025-01-17T02:34:00
85,189,view,2025-01-17T02:37:00
85,189,click,2025-01-17T02:41:00
85,189,add_to_cart,2025-01-17T02:43:00
85,189,purchase,2025-01-17T02:45:00
85,189,review,2025-01-19T02:48:00
85,69,search,2025-01-19T18:39:00
85,69,view,2025-01-19T18:41:00
85,69,click,2025-01-19T18:43:00
85,86,view,2025-01-19T18:45:00
85,86,click,2025-01-19T18:46:00
85,86,add_to_cart,2025-01-19T18:49:00
85,86,purchase,2025-01-19T18:50:00
85,78,view,2025-01-19T18:56:00
85,78,click,2025-01-19T18:57:00
85,76,search,2025-01-20T14:49:00
85,76,view,2025-01-20T14:51:00
85,76,add_to_cart,2025-01-20T14:55:00
85,76,purchase,2025-01-20T14:56:00
85,83,view,2025-01-20T15:07:00
85,83,click,2025-01-20T15:11:00
85,83,add_to_cart,2025-01-20T15:13:00
85,83,purchase,2025-01-20T15:14:00
85,77,view,2025-01-20T15:23:00
85,77,click,2025-01-20T15:26:00
85,76,review,2025-01-29T15:07:00
85,83,review,2025-01-30T15:23:00
86,102,search,2025-01-05T19:19:00
86,102,view,2025-01-05T19:22:00
86,102,click,2025-01-05T19:23:00
86,93,search,2025-01-06T12:58:00
86,93,view,2025-01-06T13:01:00
86,93,click,2025-01-06T13:03:00
86,107,view,2025-01-09T11:57:00
86,107,click,2025-01-09T12:01:00
86,107,add_to_cart,2025-01-09T12:03:00
86,107,purchase,2025-01-09T12:04:00
86,95,view,2025-01-09T12:16:00
86,95,click,2025-01-09T12:17:00
86,95,add_to_cart,2025-01-09T12:20:00
86,95,purchase,2025-01-09T12:22:00
86,108,search,2025-01-10T08:14:00
86,108,view,2025-01-10T08:16:00
86,108,click,2025-01-10T08:19:00
86,90,view,2025-01-10T08:22:00
86,90,click,2025-01-10T08:24:00
86,90,add_to_cart,2025-01-10T08:25:00
86,90,remove_cart,2025-01-10T08:27:00
86,101,view,2025-01-10T08:29:00
86,101,click,2025-01-10T08:32:00
86,101,add_to_cart,2025-01-10T08:33:00
86,101,purchase,2025-01-10T08:34:00
86,101,view,2025-01-11T09:39:00
86,101,click,2025-01-11T09:41:00
86,26,search,2025-01-12T11:44:00
86,26,view,2025-01-12T11:45:00
86,26,click,2025-01-12T11:46:00
86,30,view,2025-01-12T11:49:00
86,30,click,2025-01-12T11:53:00
86,38,search,2025-01-13T00:17:00
86,38,view,2025-01-13T00:19:00
86,38,click,2025-01-13T00:23:00
86,40,view,2025-01-13T00:26:00
86,40,click,2025-01-13T00:28:00
86,40,add_to_cart,2025-01-13T00:30:00
86,40,purchase,2025-01-13T00:31:00
86,17,search,2025-01-14T12:00:00
86,17,view,2025-01-14T12:02:00
86,17,click,2025-01-14T12:06:00
86,17,add_to_cart,2025-01-14T12:07:00
86,17,purchase,2025-01-14T12:08:00
86,95,review,2025-01-21T12:24:00
86,17,review,2025-01-27T12:19:00
87,18,view,2025-01-10T18:38:00
87,18,click,2025-01-10T18:39:00
87,18,add_to_cart,2025-01-10T18:40:00
87,18,purchase,2025-01-10T18:41:00
87,5,view,2025-01-10T18:45:00
87,5,click,2025-01-10T18:49:00
87,96,search,2025-01-12T22:57:00
87,96,view,2025-01-12T23:00:00
87,96,click,2025-01-12T23:03:00
87,96,add_to_cart,2025-01-12T23:06:00
87,96,purchase,2025-01-12T23:08:00
87,98,view,2025-01-12T23:17:00
87,98,add_to_cart,2025-01-12T23:19:00
87,98,remove_cart,2025-01-12T23:21:00
87,99,view,2025-01-12T23:23:00
87,99,click,2025-01-12T23:27:00
87,108,search,2025-01-15T03:31:00
87,108,view,2025-01-15T03:32:00
87,108,click,2025-01-15T03:33:00
87,108,add_to_cart,2025-01-15T03:36:00
87,108,purchase,2025-01-15T03:37:00
87,101,view,2025-01-15T03:42:00
87,101,click,2025-01-15T03:46:00
87,101,add_to_cart,2025-01-15T03:48:00
87,101,purchase,2025-01-15T03:50:00
87,94,view,2025-01-15T03:55:00
87,94,click,2025-01-15T03:57:00
87,7,search,2025-01-16T00:18:00
87,7,view,2025-01-16T00:19:00
87,7,click,2025-01-16T00:21:00
87,7,add_to_cart,2025-01-16T00:23:00
87,7,purchase,2025-01-16T00:25:00
87,11,view,2025-01-16T00:29:00
87,11,click,2025-01-16T00:30:00
87,15,search,2025-01-18T10:36:00
87,15,view,2025-01-18T10:37:00
87,101,search,2025-01-19T15:37:00
87,101,view,2025-01-19T15:38:00
87,101,click,2025-01-19T15:39:00
87,101,add_to_cart,2025-01-19T15:42:00
87,101,purchase,2025-01-19T15:44:00
87,96,review,2025-01-20T23:17:00
87,174,search,2025-01-22T05:53:00
87,174,view,2025-01-22T05:55:00
87,174,click,2025-01-22T05:56:00
87,174,add_to_cart,2025-01-22T05:58:00
87,174,remove_cart,2025-01-22T06:00:00
87,168,view,2025-01-22T06:01:00
87,168,click,2025-01-22T06:05:00
87,168,add_to_cart,2025-01-22T06:06:00
87,168,purchase,2025-01-22T06:07:00
87,167,view,2025-01-22T06:16:00
87,167,click,2025-01-22T06:19:00
87,167,add_to_cart,2025-01-22T06:22:00
87,167,purchase,2025-01-22T06:24:00
87,167,review,2025-01-23T06:35:00
87,17,search,2025-01-23T12:36:00
87,17,view,2025-01-23T12:38:00
87,17,click,2025-01-23T12:41:00
87,21,search,2025-01-25T22:11:00
87,21,view,2025-01-25T22:12:00
87,21,click,2025-01-25T22:14:00
87,10,view,2025-01-25T22:16:00
87,10,click,2025-01-25T22:19:00
87,16,view,2025-01-25T22:20:00
87,16,click,2025-01-25T22:23:00
87,16,add_to_cart,2025-01-25T22:24:00
87,16,purchase,2025-01-25T22:26:00
87,108,review,2025-01-26T03:42:00
87,101,review,2025-01-31T15:46:00
88,115,view,2025-01-06T06:30:00
88,115,click,2025-01-06T06:31:00
88,115,add_to_cart,2025-01-06T06:32:00
88,115,remove_cart,2025-01-06T06:34:00
88,126,view,2025-01-06T06:35:00
88,126,click,2025-01-06T06:38:00
88,125,view,2025-01-06T06:41:00
88,125,click,2025-01-06T06:43:00
88,104,search,2025-01-09T03:59:00
88,104,view,2025-01-09T04:01:00
88,104,click,2025-01-09T04:02:00
88,96,view,2025-01-11T03:37:00
88,96,add_to_cart,2025-01-11T03:38:00
88,96,remove_cart,2025-01-11T03:39:00
88,95,search,2025-01-11T18:18:00
88,95,view,2025-01-11T18:20:00
88,95,click,2025-01-11T18:21:00
88,102,view,2025-01-11T18:24:00
88,102,add_to_cart,2025-01-11T18:25:00
88,102,remove_cart,2025-01-11T18:27:00
88,93,view,2025-01-11T18:28:00
88,93,click,2025-01-11T18:30:00
88,44,search,2025-01-12T10:45:00
88,44,view,2025-01-12T10:47:00
88,44,click,2025-01-12T10:48:00
88,53,view,2025-01-12T10:49:00
88,53,click,2025-01-12T10:51:00
88,63,view,2025-01-12T10:53:00
88,63,add_to_cart,2025-01-12T10:57:00
88,63,purchase,2025-01-12T10:59:00
88,102,search,2025-01-14T23:30:00
88,102,view,2025-01-14T23:32:00
88,102,click,2025-01-14T23:34:00
88,88,view,2025-01-14T23:36:00
88,88,click,2025-01-14T23:39:00
88,88,add_to_cart,2025-01-14T23:42:00
88,88,purchase,2025-01-14T23:44:00
88,96,view,2025-01-14T23:54:00
88,120,search,2025-01-17T21:27:00
88,120,view,2025-01-17T21:28:00
88,120,click,2025-01-17T21:30:00
88,53,view,2025-01-20T05:06:00
88,53,click,2025-01-20T05:08:00
88,53,add_to_cart,2025-01-20T05:09:00
88,53,purchase,2025-01-20T05:11:00
88,63,view,2025-01-20T05:21:00
88,63,add_to_cart,2025-01-20T05:24:00
88,63,purchase,2025-01-20T05:25:00
88,62,search,2025-01-22T11:40:00
88,62,view,2025-01-22T11:43:00
88,62,click,2025-01-22T11:47:00
88,88,review,2025-01-22T23:54:00
88,53,review,2025-01-31T05:21:00
89,75,search,2025-01-07T17:46:00
89,75,view,2025-01-07T17:49:00
89,75,click,2025-01-07T17:52:00
89,78,search,2025-01-08T09:20:00
89,78,view,2025-01-08T09:21:00
89,78,click,2025-01-08T09:25:00
89,109,search,2025-01-10T18:42:00
89,109,view,2025-01-10T18:44:00
89,109,click,2025-01-10T18:45:00
89,109,add_to_cart,2025-01-10T18:47:00
89,109,purchase,2025-01-10T18:48:00
89,68,search,2025-01-11T22:09:00
89,68,view,2025-01-11T22:11:00
89,65,view,2025-01-13T01:32:00
89,65,click,2025-01-13T01:36:00
89,58,view,2025-01-13T01:37:00
89,58,click,2025-01-13T01:40:00
89,92,search,2025-01-14T10:31:00
89,92,view,2025-01-14T10:32:00
89,92,click,2025-01-14T10:34:00
89,92,add_to_cart,2025-01-14T10:37:00
89,92,purchase,2025-01-14T10:38:00
89,90,view,2025-01-14T10:45:00
89,90,click,2025-01-14T10:48:00
89,98,view,2025-01-17T05:13:00
89,98,click,2025-01-17T05:17:00
89,98,add_to_cart,2025-01-17T05:18:00
89,98,remove_cart,2025-01-17T05:20:00
89,87,search,2025-01-19T14:38:00
89,87,view,2025-01-19T14:41:00
89,87,click,2025-01-19T14:42:00
89,87,add_to_cart,2025-01-19T14:45:00
89,87,purchase,2025-01-19T14:47:00
89,109,review,2025-01-24T18:59:00
90,11,search,2025-01-08T14:36:00
90,11,view,2025-01-08T14:37:00
90,11,click,2025-01-08T14:38:00
90,18,view,2025-01-08T14:41:00
90,18,click,2025-01-08T14:43:00
90,16,view,2025-01-08T14:44:00
90,16,click,2025-01-08T14:48:00
90,184,view,2025-01-10T07:45:00
90,184,click,2025-01-10T07:47:00
90,184,add_to_cart,2025-01-10T07:48:00
90,184,purchase,2025-01-10T07:50:00
90,190,view,2025-01-10T07:58:00
90,190,click,2025-01-10T08:02:00
90,110,search,2025-01-11T10:23:00
90,110,view,2025-01-11T10:25:00
90,110,click,2025-01-11T10:27:00
90,182,view,2025-01-14T09:51:00
90,182,click,2025-01-14T09:53:00
90,182,add_to_cart,2025-01-14T09:54:00
90,182,remove_cart,2025-01-14T09:55:00
90,200,view,2025-01-14T09:56:00
90,200,click,2025-01-14T09:58:00
90,200,add_to_cart,2025-01-14T09:59:00
90,200,purchase,2025-01-14T10:01:00
90,194,view,2025-01-14T10:13:00
90,194,click,2025-01-14T10:15:00
90,194,add_to_cart,2025-01-14T10:17:00
90,194,purchase,2025-01-14T10:18:00
90,1,view,2025-01-17T06:07:00
90,1,click,2025-01-17T06:09:00
90,1,add_to_cart,2025-01-17T06:11:00
90,1,remove_cart,2025-01-17T06:12:00
90,15,view,2025-01-17T06:14:00
90,15,click,2025-01-17T06:15:00
90,200,review,2025-01-19T10:13:00
90,192,search,2025-01-19T18:29:00
90,192,view,2025-01-19T18:31:00
90,192,click,2025-01-19T18:34:00
90,192,add_to_cart,2025-01-19T18:36:00
90,192,purchase,2025-01-19T18:37:00
90,179,view,2025-01-19T18:47:00
90,179,add_to_cart,2025-01-19T18:48:00
90,179,purchase,2025-01-19T18:50:00
90,181,view,2025-01-19T18:58:00
90,181,click,2025-01-19T18:59:00
90,119,view,2025-01-22T00:42:00
90,119,click,2025-01-22T00:46:00
90,117,view,2025-01-22T00:48:00
90,117,click,2025-01-22T00:51:00
90,117,add_to_cart,2025-01-22T00:52:00
90,117,remove_cart,2025-01-22T00:53:00
90,112,view,2025-01-22T00:54:00
90,112,click,2025-01-22T00:56:00
90,112,add_to_cart,2025-01-22T00:57:00
90,112,purchase,2025-01-22T00:58:00
90,194,review,2025-01-22T10:20:00
90,123,view,2025-01-23T00:21:00
90,123,click,2025-01-23T00:23:00
90,123,add_to_cart,2025-01-23T00:26:00
90,123,purchase,2025-01-23T00:27:00
90,121,view,2025-01-24T08:30:00
90,121,click,2025-01-24T08:33:00
90,121,add_to_cart,2025-01-24T08:35:00
90,121,purchase,2025-01-24T08:36:00
90,118,view,2025-01-24T08:38:00
90,118,click,2025-01-24T08:40:00
90,118,add_to_cart,2025-01-24T08:41:00
90,118,remove_cart,2025-01-24T08:42:00
90,129,view,2025-01-24T08:43:00
90,192,review,2025-01-24T18:47:00
90,123,review,2025-01-28T00:29:00
90,112,review,2025-02-01T01:10:00
90,121,review,2025-02-06T08:38:00
91,32,view,2025-01-12T05:30:00
91,32,click,2025-01-12T05:33:00
91,26,view,2025-01-14T17:29:00
91,26,click,2025-01-14T17:31:00
91,26,add_to_cart,2025-01-14T17:34:00
91,26,remove_cart,2025-01-14T17:35:00
91,38,view,2025-01-14T17:36:00
91,38,click,2025-01-14T17:37:00
91,41,view,2025-01-14T17:39:00
91,41,click,2025-01-14T17:40:00
91,41,add_to_cart,2025-01-14T17:42:00
91,41,purchase,2025-01-14T17:44:00
91,41,search,2025-01-16T02:20:00
91,41,view,2025-01-16T02:21:00
91,41,click,2025-01-16T02:22:00
91,31,view,2025-01-16T02:24:00
91,31,add_to_cart,2025-01-16T02:26:00
91,31,purchase,2025-01-16T02:27:00
91,27,view,2025-01-16T02:32:00
91,27,click,2025-01-16T02:33:00
91,150,search,2025-01-17T04:04:00
91,150,view,2025-01-17T04:07:00
91,150,click,2025-01-17T04:11:00
91,144,view,2025-01-17T04:13:00
91,144,click,2025-01-17T04:16:00
91,144,add_to_cart,2025-01-17T04:17:00
91,144,purchase,2025-01-17T04:19:00
91,146,view,2025-01-17T04:28:00
91,146,click,2025-01-17T04:31:00
91,146,add_to_cart,2025-01-17T04:33:00
91,146,purchase,2025-01-17T04:35:00
91,139,search,2025-01-18T22:30:00
91,139,view,2025-01-18T22:33:00
91,139,click,2025-01-18T22:36:00
91,139,add_to_cart,2025-01-18T22:38:00
91,139,purchase,2025-01-18T22:40:00
91,35,view,2025-01-21T15:39:00
91,35,click,2025-01-21T15:41:00
91,35,add_to_cart,2025-01-21T15:44:00
91,35,remove_cart,2025-01-21T15:45:00
91,31,review,2025-01-22T02:32:00
91,27,view,2025-01-23T12:50:00
91,27,click,2025-01-23T12:53:00
91,41,view,2025-01-23T12:56:00
91,41,click,2025-01-23T12:58:00
91,39,view,2025-01-23T12:59:00
91,39,click,2025-01-23T13:01:00
91,39,add_to_cart,2025-01-23T13:04:00
91,39,purchase,2025-01-23T13:06:00
91,170,search,2025-01-26T10:42:00
91,170,view,2025-01-26T10:43:00
91,170,click,2025-01-26T10:46:00
91,167,view,2025-01-26T10:48:00
91,167,click,2025-01-26T10:51:00
91,145,search,2025-01-27T07:03:00
91,145,view,2025-01-27T07:04:00
91,145,click,2025-01-27T07:06:00
91,160,view,2025-01-27T23:21:00
91,160,click,2025-01-27T23:24:00
91,160,add_to_cart,2025-01-27T23:26:00
91,160,remove_cart,2025-01-27T23:27:00
91,161,view,2025-01-27T23:28:00
91,161,click,2025-01-27T23:31:00
91,165,view,2025-01-27T23:32:00
91,165,click,2025-01-27T23:35:00
91,39,review,2025-01-30T13:12:00
92,62,view,2025-01-10T18:56:00
92,57,view,2025-01-10T18:59:00
92,57,click,2025-01-10T19:00:00
92,57,add_to_cart,2025-01-10T19:02:00
92,57,purchase,2025-01-10T19:04:00
92,47,view,2025-01-10T19:08:00
92,47,click,2025-01-10T19:12:00
92,85,search,2025-01-13T15:07:00
92,85,view,2025-01-13T15:10:00
92,85,click,2025-01-13T15:14:00
92,85,add_to_cart,2025-01-13T15:17:00
92,85,purchase,2025-01-13T15:19:00
92,77,view,2025-01-13T15:25:00
92,77,click,2025-01-13T15:28:00
92,73,view,2025-01-13T15:30:00
92,73,click,2025-01-13T15:31:00
92,81,search,2025-01-15T07:16:00
92,81,view,2025-01-15T07:19:00
92,81,click,2025-01-15T07:23:00
92,81,add_to_cart,2025-01-15T07:26:00
92,81,remove_cart,2025-01-15T07:28:00
92,73,view,2025-01-15T07:29:00
92,73,click,2025-01-15T07:30:00
92,84,view,2025-01-15T07:31:00
92,84,click,2025-01-15T07:33:00
92,55,search,2025-01-17T18:38:00
92,55,view,2025-01-17T18:40:00
92,55,click,2025-01-17T18:44:00
92,55,add_to_cart,2025-01-17T18:47:00
92,55,purchase,2025-01-17T18:49:00
92,65,view,2025-01-17T19:01:00
92,65,click,2025-01-17T19:05:00
92,65,add_to_cart,2025-01-17T19:06:00
92,65,remove_cart,2025-01-17T19:07:00
92,79,view,2025-01-20T05:38:00
92,79,click,2025-01-20T05:41:00
92,79,add_to_cart,2025-01-20T05:44:00
92,79,purchase,2025-01-20T05:45:00
92,66,view,2025-01-20T05:47:00
92,66,click,2025-01-20T05:50:00
92,66,add_to_cart,2025-01-20T05:51:00
92,66,purchase,2025-01-20T05:53:00
92,68,search,2025-01-21T16:39:00
92,68,view,2025-01-21T16:40:00
92,68,click,2025-01-21T16:43:00
92,76,view,2025-01-21T16:44:00
92,76,click,2025-01-21T16:45:00
92,79,review,2025-02-01T05:47:00
93,146,view,2025-01-06T15:10:00
93,146,click,2025-01-06T15:13:00
93,143,view,2025-01-06T15:14:00
93,143,click,2025-01-06T15:17:00
93,143,add_to_cart,2025-01-06T15:20:00
93,143,remove_cart,2025-01-06T15:21:00
93,35,search,2025-01-09T00:43:00
93,35,view,2025-01-09T00:45:00
93,35,add_to_cart,2025-01-09T00:47:00
93,35,purchase,2025-01-09T00:49:00
93,31,view,2025-01-09T00:52:00
93,31,click,2025-01-09T00:56:00
93,27,view,2025-01-09T00:57:00
93,27,click,2025-01-09T01:00:00
93,50,view,2025-01-10T17:42:00
93,50,click,2025-01-10T17:44:00
93,37,view,2025-01-12T17:20:00
93,37,click,2025-01-12T17:22:00
93,36,view,2025-01-12T17:25:00
93,36,click,2025-01-12T17:29:00
93,35,review,2025-01-13T00:52:00
93,145,view,2025-01-14T05:29:00
93,145,click,2025-01-14T05:31:00
93,145,add_to_cart,2025-01-14T05:33:00
93,145,purchase,2025-01-14T05:34:00
93,143,view,2025-01-14T05:39:00
93,143,click,2025-01-14T05:41:00
93,26,search,2025-01-16T16:06:00
93,26,view,2025-01-16T16:09:00
93,26,click,2025-01-16T16:11:00
93,30,view,2025-01-16T16:14:00
93,30,click,2025-01-16T16:18:00
93,43,search,2025-01-18T15:48:00
93,43,view,2025-01-18T15:49:00
93,43,click,2025-01-18T15:52:00
93,43,add_to_cart,2025-01-18T15:55:00
93,43,remove_cart,2025-01-18T15:57:00
93,23,view,2025-01-20T07:44:00
93,23,add_to_cart,2025-01-20T07:46:00
93,23,purchase,2025-01-20T07:48:00
93,38,view,2025-01-20T08:00:00
93,38,click,2025-01-20T08:04:00
93,23,search,2025-01-22T17:55:00
93,23,view,2025-01-22T17:56:00
93,23,click,2025-01-22T17:57:00
93,23,add_to_cart,2025-01-22T18:00:00
93,23,purchase,2025-01-22T18:01:00
93,24,view,2025-01-22T18:06:00
93,24,click,2025-01-22T18:08:00
93,23,review,2025-01-24T08:00:00
94,35,search,2025-01-04T14:30:00
94,35,view,2025-01-04T14:32:00
94,35,click,2025-01-04T14:34:00
94,35,add_to_cart,2025-01-04T14:36:00
94,35,purchase,2025-01-04T14:38:00
94,36,view,2025-01-04T14:47:00
94,36,click,2025-01-04T14:51:00
94,42,view,2025-01-04T14:53:00
94,42,click,2025-01-04T14:54:00
94,155,search,2025-01-06T02:01:00
94,155,view,2025-01-06T02:04:00
94,155,click,2025-01-06T02:05:00
94,155,add_to_cart,2025-01-06T02:07:00
94,155,purchase,2025-01-06T02:09:00
94,171,view,2025-01-06T02:13:00
94,171,click,2025-01-06T02:17:00
94,175,view,2025-01-06T02:18:00
94,61,search,2025-01-08T23:47:00
94,61,view,2025-01-08T23:48:00
94,61,click,2025-01-08T23:50:00
94,61,add_to_cart,2025-01-08T23:52:00
94,61,purchase,2025-01-08T23:53:00
94,48,view,2025-01-08T23:56:00
94,48,add_to_cart,2025-01-08T23:59:00
94,48,purchase,2025-01-09T00:00:00
94,35,review,2025-01-09T14:47:00
94,42,view,2025-01-09T21:43:00
94,26,search,2025-01-10T14:08:00
94,26,view,2025-01-10T14:09:00
94,40,view,2025-01-10T14:11:00
94,40,click,2025-01-10T14:15:00
94,41,search,2025-01-11T07:58:00
94,41,view,2025-01-11T08:01:00
94,41,click,2025-01-11T08:05:00
94,41,add_to_cart,2025-01-11T08:08:00
94,41,remove_cart,2025-01-11T08:10:00
94,26,view,2025-01-11T08:11:00
94,26,add_to_cart,2025-01-11T08:14:00
94,26,purchase,2025-01-11T08:16:00
94,39,view,2025-01-11T08:25:00
94,39,click,2025-01-11T08:28:00
94,39,add_to_cart,2025-01-11T08:31:00
94,39,purchase,2025-01-11T08:33:00
94,26,review,2025-01-13T08:25:00
94,155,review,2025-01-16T02:13:00
95,41,search,2025-01-04T11:20:00
95,41,view,2025-01-04T11:23:00
95,41,click,2025-01-04T11:24:00
95,41,add_to_cart,2025-01-04T11:26:00
95,41,purchase,2025-01-04T11:28:00
95,40,view,2025-01-04T11:30:00
95,40,click,2025-01-04T11:34:00
95,28,view,2025-01-04T11:37:00
95,28,click,2025-01-04T11:40:00
95,6,search,2025-01-06T21:01:00
95,6,view,2025-01-06T21:02:00
95,6,click,2025-01-06T21:06:00
95,8,view,2025-01-06T21:09:00
95,8,add_to_cart,2025-01-06T21:10:00
95,8,purchase,2025-01-06T21:11:00
95,28,search,2025-01-09T13:27:00
95,28,view,2025-01-09T13:29:00
95,28,click,2025-01-09T13:30:00
95,28,add_to_cart,2025-01-09T13:33:00
95,28,purchase,2025-01-09T13:35:00
95,35,view,2025-01-09T13:43:00
95,35,click,2025-01-09T13:46:00
95,198,search,2025-01-11T04:41:00
95,198,view,2025-01-11T04:43:00
95,198,click,2025-01-11T04:45:00
95,198,add_to_cart,2025-01-11T04:47:00
95,198,purchase,2025-01-11T04:48:00
95,176,view,2025-01-11T04:56:00
95,176,click,2025-01-11T05:00:00
95,176,add_to_cart,2025-01-11T05:03:00
95,176,remove_cart,2025-01-11T05:04:00
95,18,view,2025-01-12T13:16:00
95,32,view,2025-01-13T19:37:00
95,32,click,2025-01-13T19:40:00
95,32,add_to_cart,2025-01-13T19:41:00
95,32,purchase,2025-01-13T19:42:00
95,40,view,2025-01-13T19:52:00
95,40,click,2025-01-13T19:54:00
95,8,search,2025-01-14T10:48:00
95,8,view,2025-01-14T10:49:00
95,8,click,2025-01-14T10:50:00
95,8,add_to_cart,2025-01-14T10:53:00
95,8,purchase,2025-01-14T10:54:00
95,29,search,2025-01-16T21:16:00
95,29,view,2025-01-16T21:17:00
95,29,click,2025-01-16T21:19:00
95,198,review,2025-01-24T04:56:00
96,158,search,2025-01-12T18:04:00
96,158,view,2025-01-12T18:07:00
96,158,click,2025-01-12T18:09:00
96,158,add_to_cart,2025-01-12T18:12:00
96,158,remove_cart,2025-01-12T18:14:00
96,163,view,2025-01-12T18:15:00
96,163,click,2025-01-12T18:18:00
96,157,search,2025-01-15T01:23:00
96,157,view,2025-01-15T01:26:00
96,157,click,2025-01-15T01:27:00
96,155,search,2025-01-17T22:34:00
96,155,view,2025-01-17T22:35:00
96,155,click,2025-01-17T22:39:00
96,158,view,2025-01-17T22:40:00
96,127,view,2025-01-20T04:33:00
96,127,click,2025-01-20T04:37:00
96,127,add_to_cart,2025-01-20T04:40:00
96,127,purchase,2025-01-20T04:41:00
96,112,view,2025-01-20T04:52:00
96,112,click,2025-01-20T04:56:00
96,110,view,2025-01-20T04:57:00
96,110,click,2025-01-20T05:00:00
96,118,search,2025-01-21T16:49:00
96,118,view,2025-01-21T16:51:00
96,118,click,2025-01-21T16:53:00
96,115,view,2025-01-21T16:55:00
96,115,add_to_cart,2025-01-21T16:57:00
96,115,remove_cart,2025-01-21T16:59:00
96,168,search,2025-01-23T10:24:00
96,168,view,2025-01-23T10:27:00
96,168,click,2025-01-23T10:31:00
96,168,add_to_cart,2025-01-23T10:34:00
96,168,purchase,2025-01-23T10:35:00
96,166,view,2025-01-23T10:46:00
96,127,review,2025-01-31T04:52:00
96,168,review,2025-02-06T10:46:00
97,125,search,2025-01-05T08:34:00
97,125,view,2025-01-05T08:36:00
97,125,click,2025-01-05T08:40:00
97,125,add_to_cart,2025-01-05T08:41:00
97,125,purchase,2025-01-05T08:42:00
97,138,search,2025-01-07T15:03:00
97,138,view,2025-01-07T15:06:00
97,138,click,2025-01-07T15:08:00
97,144,view,2025-01-07T15:11:00
97,144,click,2025-01-07T15:13:00
97,150,view,2025-01-07T15:15:00
97,150,click,2025-01-07T15:17:00
97,150,add_to_cart,2025-01-07T15:19:00
97,150,purchase,2025-01-07T15:20:00
97,150,review,2025-01-08T15:23:00
97,134,search,2025-01-10T15:20:00
97,134,view,2025-01-10T15:23:00
97,134,add_to_cart,2025-01-10T15:25:00
97,134,purchase,2025-01-10T15:26:00
97,142,view,2025-01-10T15:33:00
97,142,click,2025-01-10T15:37:00
97,142,add_to_cart,2025-01-10T15:40:00
97,142,remove_cart,2025-01-10T15:42:00
97,145,view,2025-01-11T11:17:00
97,145,click,2025-01-11T11:21:00
97,125,review,2025-01-13T08:52:00
97,161,view,2025-01-13T17:33:00
97,161,click,2025-01-13T17:34:00
97,157,view,2025-01-13T17:35:00
97,157,click,2025-01-13T17:39:00
97,165,search,2025-01-15T17:51:00
97,165,view,2025-01-15T17:52:00
97,168,view,2025-01-15T17:56:00
97,172,view,2025-01-15T17:59:00
97,172,click,2025-01-15T18:00:00
97,172,add_to_cart,2025-01-15T18:03:00
97,172,purchase,2025-01-15T18:05:00
97,174,search,2025-01-17T02:26:00
97,174,view,2025-01-17T02:27:00
97,174,click,2025-01-17T02:30:00
97,174,add_to_cart,2025-01-17T02:32:00
97,174,purchase,2025-01-17T02:34:00
98,93,search,2025-01-13T04:15:00
98,93,view,2025-01-13T04:17:00
98,93,add_to_cart,2025-01-13T04:21:00
98,93,purchase,2025-01-13T04:23:00
98,89,view,2025-01-13T04:35:00
98,89,click,2025-01-13T04:38:00
98,172,search,2025-01-13T17:58:00
98,172,view,2025-01-13T18:00:00
98,172,click,2025-01-13T18:04:00
98,93,review,2025-01-15T04:35:00
98,164,view,2025-01-16T09:39:00
98,164,click,2025-01-16T09:43:00
98,164,add_to_cart,2025-01-16T09:45:00
98,164,purchase,2025-01-16T09:47:00
98,165,view,2025-01-16T09:57:00
98,165,click,2025-01-16T10:00:00
98,76,search,2025-01-16T23:53:00
98,76,view,2025-01-16T23:54:00
98,76,click,2025-01-16T23:56:00
98,76,add_to_cart,2025-01-16T23:58:00
98,76,purchase,2025-01-16T23:59:00
98,82,view,2025-01-17T00:02:00
98,69,view,2025-01-17T00:05:00
98,69,click,2025-01-17T00:07:00
98,76,review,2025-01-18T00:02:00
98,91,search,2025-01-19T09:17:00
98,91,view,2025-01-19T09:20:00
98,91,click,2025-01-19T09:21:00
98,107,view,2025-01-19T09:24:00
98,107,click,2025-01-19T09:25:00
98,107,add_to_cart,2025-01-19T09:28:00
98,107,purchase,2025-01-19T09:29:00
98,89,view,2025-01-19T09:37:00
98,89,click,2025-01-19T09:39:00
98,164,review,2025-01-21T09:57:00
98,93,search,2025-01-21T20:23:00
98,93,view,2025-01-21T20:24:00
98,93,click,2025-01-21T20:28:00
98,93,add_to_cart,2025-01-21T20:29:00
98,93,purchase,2025-01-21T20:30:00
98,103,view,2025-01-21T20:40:00
98,103,click,2025-01-21T20:42:00
98,97,view,2025-01-21T20:45:00
98,97,click,2025-01-21T20:47:00
98,107,review,2025-01-28T09:37:00
99,56,search,2025-01-09T08:13:00
99,56,view,2025-01-09T08:15:00
99,56,click,2025-01-09T08:17:00
99,59,view,2025-01-09T08:20:00
99,59,click,2025-01-09T08:23:00
99,59,add_to_cart,2025-01-09T08:24:00
99,59,purchase,2025-01-09T08:25:00
99,63,view,2025-01-09T08:27:00
99,63,click,2025-01-09T08:31:00
99,63,add_to_cart,2025-01-09T08:34:00
99,63,purchase,2025-01-09T08:35:00
99,178,search,2025-01-11T19:35:00
99,178,view,2025-01-11T19:37:00
99,178,click,2025-01-11T19:41:00
99,194,view,2025-01-11T19:43:00
99,194,click,2025-01-11T19:46:00
99,194,add_to_cart,2025-01-11T19:49:00
99,194,remove_cart,2025-01-11T19:50:00
99,184,view,2025-01-11T19:52:00
99,184,click,2025-01-11T19:56:00
99,184,add_to_cart,2025-01-11T19:58:00
99,184,purchase,2025-01-11T20:00:00
99,189,view,2025-01-14T15:17:00
99,176,view,2025-01-14T15:21:00
99,176,click,2025-01-14T15:25:00
99,184,review,2025-01-14T20:09:00
99,180,search,2025-01-16T16:38:00
99,180,view,2025-01-16T16:39:00
99,180,click,2025-01-16T16:43:00
99,180,add_to_cart,2025-01-16T16:45:00
99,180,purchase,2025-01-16T16:46:00
99,183,search,2025-01-18T12:28:00
99,183,view,2025-01-18T12:30:00
99,183,add_to_cart,2025-01-18T12:34:00
99,183,purchase,2025-01-18T12:35:00
99,182,view,2025-01-18T12:38:00
99,182,click,2025-01-18T12:42:00
99,182,add_to_cart,2025-01-18T12:43:00
99,182,purchase,2025-01-18T12:45:00
99,186,search,2025-01-20T17:12:00
99,186,view,2025-01-20T17:14:00
99,186,click,2025-01-20T17:15:00
99,186,add_to_cart,2025-01-20T17:18:00
99,186,purchase,2025-01-20T17:20:00
99,80,search,2025-01-22T04:50:00
99,80,view,2025-01-22T04:52:00
99,182,review,2025-01-23T12:53:00
99,184,view,2025-01-23T14:30:00
99,193,view,2025-01-23T14:32:00
99,193,click,2025-01-23T14:34:00
99,193,add_to_cart,2025-01-23T14:37:00
99,193,purchase,2025-01-23T14:38:00
99,183,review,2025-01-24T12:38:00
99,46,search,2025-01-25T18:07:00
99,46,view,2025-01-25T18:09:00
99,46,click,2025-01-25T18:13:00
99,46,add_to_cart,2025-01-25T18:16:00
99,46,purchase,2025-01-25T18:18:00
99,55,view,2025-01-25T18:23:00
99,55,click,2025-01-25T18:26:00
99,47,view,2025-01-25T18:28:00
99,47,click,2025-01-25T18:29:00
99,62,view,2025-01-27T17:39:00
99,62,click,2025-01-27T17:42:00
99,58,view,2025-01-27T17:44:00
99,58,click,2025-01-27T17:46:00
99,58,add_to_cart,2025-01-27T17:49:00
99,58,purchase,2025-01-27T17:50:00
99,186,review,2025-01-28T17:24:00
99,180,review,2025-01-30T16:50:00
100,88,search,2025-01-10T19:09:00
100,88,view,2025-01-10T19:10:00
100,88,click,2025-01-10T19:14:00
100,97,view,2025-01-10T19:16:00
100,97,click,2025-01-10T19:18:00
100,96,view,2025-01-10T19:20:00
100,96,click,2025-01-10T19:24:00
100,94,search,2025-01-12T12:43:00
100,94,view,2025-01-12T12:44:00
100,94,add_to_cart,2025-01-12T12:47:00
100,94,purchase,2025-01-12T12:49:00
100,107,view,2025-01-12T12:56:00
100,107,click,2025-01-12T13:00:00
100,107,add_to_cart,2025-01-12T13:03:00
100,107,purchase,2025-01-12T13:05:00
100,75,search,2025-01-15T01:48:00
100,75,view,2025-01-15T01:51:00
100,75,click,2025-01-15T01:52:00
100,75,add_to_cart,2025-01-15T01:55:00
100,75,purchase,2025-01-15T01:56:00
100,76,view,2025-01-15T02:00:00
100,76,add_to_cart,2025-01-15T02:02:00
100,76,purchase,2025-01-15T02:04:00
100,84,view,2025-01-15T02:11:00
100,84,click,2025-01-15T02:12:00
100,84,add_to_cart,2025-01-15T02:15:00
100,84,purchase,2025-01-15T02:17:00
100,29,search,2025-01-16T18:35:00
100,29,view,2025-01-16T18:37:00
100,29,click,2025-01-16T18:39:00
100,86,search,2025-01-19T12:26:00
100,86,view,2025-01-19T12:27:00
100,86,click,2025-01-19T12:28:00
100,76,review,2025-01-21T02:11:00
100,76,search,2025-01-21T18:54:00
100,76,view,2025-01-21T18:56:00
100,76,click,2025-01-21T19:00:00
100,78,view,2025-01-21T19:03:00
100,78,click,2025-01-21T19:04:00
100,78,add_to_cart,2025-01-21T19:07:00
100,78,purchase,2025-01-21T19:08:00
100,86,view,2025-01-21T19:10:00
100,86,click,2025-01-21T19:13:00
100,86,add_to_cart,2025-01-21T19:14:00
100,86,purchase,2025-01-21T19:15:00
100,105,search,2025-01-23T15:51:00
100,105,view,2025-01-23T15:52:00
100,105,click,2025-01-23T15:55:00
100,99,view,2025-01-23T15:57:00
100,99,click,2025-01-23T16:01:00
100,78,review,2025-01-23T19:10:00
100,75,review,2025-01-24T02:00:00
100,108,search,2025-01-26T05:28:00
100,108,view,2025-01-26T05:29:00
100,108,click,2025-01-26T05:30:00
100,109,view,2025-01-26T05:31:00
100,109,click,2025-01-26T05:33:00
100,104,view,2025-01-26T05:36:00
100,104,click,2025-01-26T05:39:00
100,104,add_to_cart,2025-01-26T05:42:00
100,104,purchase,2025-01-26T05:44:00
100,94,review,2025-01-26T12:56:00
100,74,search,2025-01-26T19:05:00
100,74,view,2025-01-26T19:06:00
100,74,click,2025-01-26T19:09:00
100,74,add_to_cart,2025-01-26T19:12:00
100,74,purchase,2025-01-26T19:14:00
100,72,view,2025-01-26T19:22:00
100,82,view,2025-01-26T19:24:00
100,82,click,2025-01-26T19:27:00
101,67,search,2025-01-05T10:00:00
101,67,view,2025-01-05T10:02:00
101,67,click,2025-01-05T10:04:00
101,67,add_to_cart,2025-01-05T10:06:00
101,67,purchase,2025-01-05T10:07:00
101,66,view,2025-01-05T10:14:00
101,66,click,2025-01-05T10:15:00
101,74,view,2025-01-05T10:16:00
101,74,click,2025-01-05T10:19:00
101,86,view,2025-01-07T22:04:00
101,86,click,2025-01-07T22:08:00
101,86,add_to_cart,2025-01-07T22:09:00
101,86,purchase,2025-01-07T22:10:00
101,23,search,2025-01-09T16:25:00
101,23,view,2025-01-09T16:26:00
101,23,click,2025-01-09T16:28:00
101,23,add_to_cart,2025-01-09T16:31:00
101,23,purchase,2025-01-09T16:32:00
101,41,view,2025-01-09T16:41:00
101,41,click,2025-01-09T16:42:00
101,94,search,2025-01-10T06:26:00
101,94,view,2025-01-10T06:27:00
101,94,click,2025-01-10T06:29:00
101,96,view,2025-01-10T06:30:00
101,23,review,2025-01-10T16:41:00
101,38,search,2025-01-11T12:54:00
101,38,view,2025-01-11T12:56:00
101,38,click,2025-01-11T13:00:00
101,38,add_to_cart,2025-01-11T13:03:00
101,38,purchase,2025-01-11T13:05:00
101,30,view,2025-01-11T13:15:00
101,30,click,2025-01-11T13:18:00
101,30,add_to_cart,2025-01-11T13:21:00
101,30,purchase,2025-01-11T13:23:00
101,24,view,2025-01-11T13:29:00
101,24,click,2025-01-11T13:33:00
101,24,add_to_cart,2025-01-11T13:35:00
101,24,remove_cart,2025-01-11T13:37:00
101,67,review,2025-01-12T10:14:00
101,77,view,2025-01-13T07:07:00
101,77,add_to_cart,2025-01-13T07:09:00
101,77,purchase,2025-01-13T07:10:00
101,86,view,2025-01-13T07:20:00
101,30,review,2025-01-22T13:29:00
101,38,review,2025-01-23T13:15:00
102,83,search,2025-01-10T20:36:00
102,83,view,2025-01-10T20:39:00
102,83,click,2025-01-10T20:41:00
102,67,view,2025-01-10T20:44:00
102,67,click,2025-01-10T20:47:00
102,82,view,2025-01-10T20:49:00
102,82,click,2025-01-10T20:52:00
102,150,search,2025-01-12T07:41:00
102,150,view,2025-01-12T07:42:00
102,150,click,2025-01-12T07:44:00
102,150,add_to_cart,2025-01-12T07:46:00
102,150,purchase,2025-01-12T07:47:00
102,134,search,2025-01-14T16:16:00
102,134,view,2025-01-14T16:18:00
102,134,click,2025-01-14T16:21:00
102,66,search,2025-01-15T05:42:00
102,66,view,2025-01-15T05:43:00
102,66,click,2025-01-15T05:44:00
102,153,search,2025-01-15T18:30:00
102,153,view,2025-01-15T18:32:00
102,153,click,2025-01-15T18:36:00
102,153,add_to_cart,2025-01-15T18:38:00
102,153,purchase,2025-01-15T18:40:00
102,144,view,2025-01-15T18:51:00
102,144,click,2025-01-15T18:52:00
102,144,add_to_cart,2025-01-15T18:54:00
102,144,purchase,2025-01-15T18:56:00
102,84,view,2025-01-18T15:26:00
102,84,add_to_cart,2025-01-18T15:30:00
102,84,purchase,2025-01-18T15:32:00
102,85,view,2025-01-18T15:35:00
102,85,click,2025-01-18T15:36:00
102,15,search,2025-01-20T04:26:00
102,15,view,2025-01-20T04:29:00
102,15,click,2025-01-20T04:33:00
102,7,search,2025-01-21T18:41:00
102,7,view,2025-01-21T18:42:00
102,7,add_to_cart,2025-01-21T18:43:00
102,7,purchase,2025-01-21T18:44:00
102,20,view,2025-01-21T18:55:00
102,20,click,2025-01-21T18:56:00
102,146,search,2025-01-23T01:51:00
102,146,view,2025-01-23T01:53:00
102,146,click,2025-01-23T01:56:00
102,146,add_to_cart,2025-01-23T01:59:00
102,146,remove_cart,2025-01-23T02:00:00
102,153,review,2025-01-23T18:51:00
102,84,review,2025-01-27T15:35:00
102,7,review,2025-01-30T18:55:00
103,10,search,2025-01-10T13:14:00
103,10,view,2025-01-10T13:17:00
103,10,click,2025-01-10T13:21:00
103,71,search,2025-01-11T09:31:00
103,71,view,2025-01-11T09:34:00
103,71,click,2025-01-11T09:35:00
103,17,search,2025-01-14T07:21:00
103,17,view,2025-01-14T07:24:00
103,17,click,2025-01-14T07:25:00
103,17,add_to_cart,2025-01-14T07:26:00
103,17,remove_cart,2025-01-14T07:28:00
103,12,search,2025-01-16T04:27:00
103,12,view,2025-01-16T04:28:00
103,12,click,2025-01-16T04:29:00
103,16,view,2025-01-16T04:30:00
103,16,click,2025-01-16T04:32:00
103,16,add_to_cart,2025-01-16T04:35:00
103,16,purchase,2025-01-16T04:37:00
103,13,view,2025-01-16T04:49:00
103,13,click,2025-01-16T04:50:00
103,13,add_to_cart,2025-01-16T04:51:00
103,13,remove_cart,2025-01-16T04:53:00
103,67,search,2025-01-18T18:55:00
103,67,view,2025-01-18T18:58:00
103,67,click,2025-01-18T19:01:00
103,67,add_to_cart,2025-01-18T19:02:00
103,67,purchase,2025-01-18T19:03:00
103,82,view,2025-01-18T19:08:00
103,82,click,2025-01-18T19:10:00
103,71,search,2025-01-20T07:47:00
103,71,view,2025-01-20T07:50:00
103,71,click,2025-01-20T07:51:00
103,81,search,2025-01-22T03:56:00
103,81,view,2025-01-22T03:57:00
103,81,click,2025-01-22T04:01:00
103,16,review,2025-01-23T04:49:00
104,100,search,2025-01-10T08:42:00
104,100,view,2025-01-10T08:44:00
104,100,click,2025-01-10T08:48:00
104,88,view,2025-01-10T08:49:00
104,88,click,2025-01-10T08:51:00
104,6,search,2025-01-12T06:12:00
104,6,view,2025-01-12T06:13:00
104,6,click,2025-01-12T06:17:00
104,6,add_to_cart,2025-01-12T06:19:00
104,6,purchase,2025-01-12T06:20:00
104,8,view,2025-01-12T06:24:00
104,8,click,2025-01-12T06:25:00
104,8,add_to_cart,2025-01-12T06:27:00
104,8,purchase,2025-01-12T06:29:00
104,20,view,2025-01-12T06:39:00
104,150,search,2025-01-15T06:25:00
104,150,view,2025-01-15T06:28:00
104,150,click,2025-01-15T06:30:00
104,149,view,2025-01-15T06:31:00
104,149,click,2025-01-15T06:34:00
104,140,search,2025-01-17T02:51:00
104,140,view,2025-01-17T02:53:00
104,140,click,2025-01-17T02:55:00
104,141,view,2025-01-17T02:57:00
104,141,click,2025-01-17T02:59:00
104,151,view,2025-01-17T03:02:00
104,151,click,2025-01-17T03:05:00
104,92,search,2025-01-19T10:50:00
104,92,view,2025-01-19T10:53:00
104,92,click,2025-01-19T10:56:00
104,97,view,2025-01-19T10:58:00
104,97,click,2025-01-19T11:00:00
104,94,view,2025-01-19T11:03:00
104,94,click,2025-01-19T11:05:00
104,103,search,2025-01-21T00:38:00
104,103,view,2025-01-21T00:41:00
104,103,click,2025-01-21T00:45:00
104,103,add_to_cart,2025-01-21T00:46:00
104,103,purchase,2025-01-21T00:47:00
104,99,view,2025-01-21T00:55:00
104,99,click,2025-01-21T00:59:00
104,95,view,2025-01-21T01:00:00
104,9,search,2025-01-22T15:15:00
104,9,view,2025-01-22T15:17:00
104,9,click,2025-01-22T15:21:00
104,9,add_to_cart,2025-01-22T15:23:00
104,9,remove_cart,2025-01-22T15:25:00
104,17,view,2025-01-22T15:26:00
104,17,click,2025-01-22T15:27:00
104,17,add_to_cart,2025-01-22T15:28:00
104,17,purchase,2025-01-22T15:29:00
104,19,view,2025-01-22T15:39:00
104,109,search,2025-01-24T15:43:00
104,109,view,2025-01-24T15:45:00
104,109,click,2025-01-24T15:48:00
104,109,add_to_cart,2025-01-24T15:49:00
104,109,purchase,2025-01-24T15:51:00
104,17,review,2025-01-25T15:39:00
104,105,view,2025-01-26T17:18:00
104,105,click,2025-01-26T17:20:00
104,105,add_to_cart,2025-01-26T17:22:00
104,105,purchase,2025-01-26T17:23:00
105,161,search,2025-01-04T01:39:00
105,161,view,2025-01-04T01:40:00
105,161,click,2025-01-04T01:42:00
105,161,add_to_cart,2025-01-04T01:43:00
105,161,purchase,2025-01-04T01:45:00
105,161,search,2025-01-04T20:50:00
105,161,view,2025-01-04T20:53:00
105,161,click,2025-01-04T20:57:00
105,1,search,2025-01-07T09:17:00
105,1,view,2025-01-07T09:20:00
105,1,click,2025-01-07T09:24:00
105,1,add_to_cart,2025-01-07T09:27:00
105,1,purchase,2025-01-07T09:28:00
105,18,view,2025-01-07T09:39:00
105,18,click,2025-01-07T09:41:00
105,18,add_to_cart,2025-01-07T09:44:00
105,18,remove_cart,2025-01-07T09:46:00
105,98,search,2025-01-08T20:13:00
105,98,view,2025-01-08T20:16:00
105,98,add_to_cart,2025-01-08T20:19:00
105,98,purchase,2025-01-08T20:21:00
105,90,search,2025-01-10T09:09:00
105,90,view,2025-01-10T09:11:00
105,90,click,2025-01-10T09:12:00
105,90,add_to_cart,2025-01-10T09:15:00
105,90,remove_cart,2025-01-10T09:17:00
105,102,view,2025-01-10T09:19:00
105,102,click,2025-01-10T09:22:00
105,88,view,2025-01-10T09:24:00
105,88,click,2025-01-10T09:27:00
105,88,add_to_cart,2025-01-10T09:28:00
105,88,purchase,2025-01-10T09:29:00
105,93,search,2025-01-11T03:16:00
105,93,view,2025-01-11T03:17:00
105,93,click,2025-01-11T03:20:00
105,167,view,2025-01-12T09:17:00
105,167,click,2025-01-12T09:19:00
105,1,review,2025-01-15T09:39:00
105,88,review,2025-01-23T09:37:00
106,93,view,2025-01-03T15:27:00
106,93,click,2025-01-03T15:29:00
106,97,view,2025-01-03T15:30:00
106,97,click,2025-01-03T15:31:00
106,97,add_to_cart,2025-01-03T15:32:00
106,97,purchase,2025-01-03T15:33:00
106,105,view,2025-01-03T15:42:00
106,105,click,2025-01-03T15:45:00
106,66,search,2025-01-05T00:40:00
106,66,view,2025-01-05T00:42:00
106,66,click,2025-01-05T00:43:00
106,66,add_to_cart,2025-01-05T00:44:00
106,66,remove_cart,2025-01-05T00:45:00
106,85,search,2025-01-07T18:09:00
106,85,view,2025-01-07T18:11:00
106,85,click,2025-01-07T18:15:00
106,93,view,2025-01-09T22:54:00
106,93,add_to_cart,2025-01-09T22:55:00
106,93,purchase,2025-01-09T22:57:00
106,40,view,2025-01-11T16:47:00
106,40,click,2025-01-11T16:50:00
106,35,view,2025-01-11T16:53:00
106,35,click,2025-01-11T16:57:00
106,39,view,2025-01-11T17:00:00
106,39,click,2025-01-11T17:02:00
106,39,add_to_cart,2025-01-11T17:04:00
106,39,remove_cart,2025-01-11T17:05:00
106,42,search,2025-01-14T14:33:00
106,42,view,2025-01-14T14:35:00
106,42,click,2025-01-14T14:38:00
106,42,add_to_cart,2025-01-14T14:40:00
106,42,remove_cart,2025-01-14T14:41:00
106,27,search,2025-01-15T17:51:00
106,27,view,2025-01-15T17:52:00
106,27,click,2025-01-15T17:56:00
106,32,view,2025-01-15T17:58:00
106,32,click,2025-01-15T18:02:00
106,35,view,2025-01-15T18:03:00
106,35,add_to_cart,2025-01-15T18:07:00
106,35,purchase,2025-01-15T18:08:00
106,35,search,2025-01-16T10:49:00
106,35,view,2025-01-16T10:52:00
106,35,click,2025-01-16T10:56:00
106,35,add_to_cart,2025-01-16T10:58:00
106,35,remove_cart,2025-01-16T11:00:00
106,36,view,2025-01-16T11:01:00
106,36,add_to_cart,2025-01-16T11:02:00
106,36,remove_cart,2025-01-16T11:04:00
106,35,review,2025-01-16T18:11:00
106,99,view,2025-01-18T00:26:00
106,99,click,2025-01-18T00:30:00
106,99,add_to_cart,2025-01-18T00:32:00
106,99,purchase,2025-01-18T00:33:00
106,88,view,2025-01-18T00:44:00
106,88,click,2025-01-18T00:48:00
106,88,add_to_cart,2025-01-18T00:51:00
106,88,purchase,2025-01-18T00:52:00
106,102,view,2025-01-18T00:56:00
106,102,click,2025-01-18T01:00:00
106,102,add_to_cart,2025-01-18T01:03:00
106,102,remove_cart,2025-01-18T01:05:00
106,78,search,2025-01-18T15:08:00
106,78,view,2025-01-18T15:09:00
106,78,click,2025-01-18T15:11:00
106,78,add_to_cart,2025-01-18T15:12:00
106,78,purchase,2025-01-18T15:13:00
106,74,view,2025-01-18T15:24:00
106,74,add_to_cart,2025-01-18T15:25:00
106,74,purchase,2025-01-18T15:26:00
106,73,view,2025-01-18T15:35:00
106,73,click,2025-01-18T15:37:00
106,78,review,2025-01-22T15:24:00
106,99,review,2025-01-26T00:44:00
107,34,search,2025-01-10T11:35:00
107,34,view,2025-01-10T11:38:00
107,34,click,2025-01-10T11:41:00
107,38,view,2025-01-10T11:43:00
107,38,click,2025-01-10T11:46:00
107,38,add_to_cart,2025-01-10T11:47:00
107,38,purchase,2025-01-10T11:48:00
107,31,view,2025-01-10T11:54:00
107,31,click,2025-01-10T11:57:00
107,163,search,2025-01-13T04:09:00
107,163,view,2025-01-13T04:10:00
107,163,click,2025-01-13T04:12:00
107,162,view,2025-01-13T04:13:00
107,162,click,2025-01-13T04:16:00
107,162,add_to_cart,2025-01-13T04:18:00
107,162,purchase,2025-01-13T04:20:00
107,157,view,2025-01-13T04:25:00
107,157,click,2025-01-13T04:26:00
107,157,add_to_cart,2025-01-13T04:27:00
107,157,remove_cart,2025-01-13T04:29:00
107,165,search,2025-01-14T11:46:00
107,165,view,2025-01-14T11:48:00
107,165,click,2025-01-14T11:52:00
107,165,add_to_cart,2025-01-14T11:54:00
107,165,purchase,2025-01-14T11:55:00
107,157,view,2025-01-14T12:06:00
107,157,click,2025-01-14T12:09:00
107,156,search,2025-01-15T06:01:00
107,156,view,2025-01-15T06:02:00
107,156,click,2025-01-15T06:06:00
107,5,search,2025-01-17T00:18:00
107,5,view,2025-01-17T00:20:00
107,5,click,2025-01-17T00:23:00
107,5,add_to_cart,2025-01-17T00:26:00
107,5,remove_cart,2025-01-17T00:27:00
107,2,view,2025-01-17T00:29:00
107,2,click,2025-01-17T00:32:00
107,2,add_to_cart,2025-01-17T00:35:00
107,2,purchase,2025-01-17T00:36:00
107,1,view,2025-01-17T00:41:00
107,1,click,2025-01-17T00:45:00
107,1,add_to_cart,2025-01-17T00:47:00
107,1,purchase,2025-01-17T00:49:00
107,25,view,2025-01-18T18:37:00
107,25,click,2025-01-18T18:39:00
107,38,review,2025-01-19T11:54:00
107,30,search,2025-01-20T08:36:00
107,30,view,2025-01-20T08:37:00
107,30,click,2025-01-20T08:41:00
107,32,view,2025-01-20T08:43:00
107,32,click,2025-01-20T08:46:00
107,24,view,2025-01-20T08:49:00
107,24,click,2025-01-20T08:53:00
107,162,review,2025-01-21T04:25:00
107,33,search,2025-01-22T02:03:00
107,33,view,2025-01-22T02:04:00
107,33,click,2025-01-22T02:05:00
107,33,add_to_cart,2025-01-22T02:06:00
107,33,remove_cart,2025-01-22T02:08:00
107,29,view,2025-01-22T02:09:00
107,29,click,2025-01-22T02:12:00
107,29,add_to_cart,2025-01-22T02:15:00
107,29,purchase,2025-01-22T02:16:00
107,30,view,2025-01-22T02:24:00
107,30,add_to_cart,2025-01-22T02:27:00
107,30,purchase,2025-01-22T02:29:00
107,24,view,2025-01-22T17:29:00
107,24,click,2025-01-22T17:32:00
107,30,review,2025-01-26T02:36:00
107,1,review,2025-01-27T00:59:00
107,29,review,2025-02-02T02:24:00
108,79,search,2025-01-05T16:48:00
108,79,view,2025-01-05T16:51:00
108,79,click,2025-01-05T16:53:00
108,87,view,2025-01-05T16:54:00
108,87,click,2025-01-05T16:58:00
108,87,add_to_cart,2025-01-05T17:00:00
108,87,remove_cart,2025-01-05T17:01:00
108,76,view,2025-01-05T17:03:00
108,110,search,2025-01-07T21:29:00
108,110,view,2025-01-07T21:32:00
108,110,click,2025-01-07T21:35:00
108,72,search,2025-01-08T18:57:00
108,72,view,2025-01-08T19:00:00
108,72,click,2025-01-08T19:03:00
108,72,search,2025-01-10T12:52:00
108,72,view,2025-01-10T12:54:00
108,72,click,2025-01-10T12:58:00
108,72,add_to_cart,2025-01-10T13:00:00
108,72,purchase,2025-01-10T13:01:00
108,79,view,2025-01-10T13:09:00
108,67,view,2025-01-10T13:11:00
108,67,click,2025-01-10T13:13:00
108,153,search,2025-01-13T10:52:00
108,153,view,2025-01-13T10:54:00
108,153,click,2025-01-13T10:55:00
108,153,add_to_cart,2025-01-13T10:56:00
108,153,remove_cart,2025-01-13T10:58:00
108,112,search,2025-01-16T02:50:00
108,112,view,2025-01-16T02:53:00
108,112,click,2025-01-16T02:57:00
108,85,view,2025-01-16T18:31:00
108,85,click,2025-01-16T18:33:00
108,85,add_to_cart,2025-01-16T18:36:00
108,85,purchase,2025-01-16T18:37:00
108,87,view,2025-01-16T18:45:00
108,87,click,2025-01-16T18:48:00
108,87,add_to_cart,2025-01-16T18:51:00
108,87,remove_cart,2025-01-16T18:53:00
108,113,search,2025-01-17T15:53:00
108,113,view,2025-01-17T15:55:00
108,113,click,2025-01-17T15:57:00
108,113,add_to_cart,2025-01-17T16:00:00
108,113,purchase,2025-01-17T16:01:00
109,40,search,2025-01-12T03:55:00
109,40,view,2025-01-12T03:56:00
109,40,click,2025-01-12T03:58:00
109,25,view,2025-01-12T04:00:00
109,25,click,2025-01-12T04:01:00
109,25,add_to_cart,2025-01-12T04:03:00
109,25,purchase,2025-01-12T04:05:00
109,41,view,2025-01-12T04:14:00
109,41,click,2025-01-12T04:17:00
109,35,search,2025-01-14T19:31:00
109,35,view,2025-01-14T19:33:00
109,115,search,2025-01-15T16:55:00
109,115,view,2025-01-15T16:58:00
109,115,click,2025-01-15T17:00:00
109,115,add_to_cart,2025-01-15T17:03:00
109,115,purchase,2025-01-15T17:05:00
109,28,search,2025-01-16T17:52:00
109,28,view,2025-01-16T17:55:00
109,149,search,2025-01-18T06:16:00
109,149,view,2025-01-18T06:17:00
109,149,click,2025-01-18T06:18:00
109,149,add_to_cart,2025-01-18T06:19:00
109,149,remove_cart,2025-01-18T06:21:00
109,146,view,2025-01-18T06:23:00
109,146,click,2025-01-18T06:26:00
109,27,search,2025-01-20T23:33:00
109,27,view,2025-01-20T23:36:00
109,27,click,2025-01-20T23:37:00
109,142,view,2025-01-23T14:41:00
109,142,click,2025-01-23T14:44:00
109,135,view,2025-01-23T14:47:00
109,135,click,2025-01-23T14:50:00
109,135,add_to_cart,2025-01-23T14:51:00
109,135,purchase,2025-01-23T14:53:00
109,151,view,2025-01-23T14:57:00
109,151,add_to_cart,2025-01-23T15:01:00
109,151,purchase,2025-01-23T15:03:00
109,32,search,2025-01-24T04:31:00
109,32,view,2025-01-24T04:34:00
109,36,view,2025-01-24T04:35:00
109,36,click,2025-01-24T04:36:00
109,23,view,2025-01-24T04:37:00
109,23,click,2025-01-24T04:40:00
109,23,add_to_cart,2025-01-24T04:41:00
109,23,purchase,2025-01-24T04:42:00
109,115,review,2025-01-24T17:13:00
109,23,review,2025-01-29T04:45:00
109,151,review,2025-01-31T15:13:00
110,149,view,2025-01-10T05:06:00
110,149,click,2025-01-10T05:07:00
110,149,add_to_cart,2025-01-10T05:09:00
110,149,purchase,2025-01-10T05:11:00
110,141,view,2025-01-10T05:13:00
110,141,click,2025-01-10T05:14:00
110,141,add_to_cart,2025-01-10T05:16:00
110,141,purchase,2025-01-10T05:18:00
110,153,view,2025-01-10T05:21:00
110,153,click,2025-01-10T05:23:00
110,153,add_to_cart,2025-01-10T05:24:00
110,153,purchase,2025-01-10T05:25:00
110,149,review,2025-01-12T05:13:00
110,137,view,2025-01-12T17:19:00
110,137,add_to_cart,2025-01-12T17:21:00
110,137,purchase,2025-01-12T17:23:00
110,94,search,2025-01-14T23:52:00
110,94,view,2025-01-14T23:55:00
110,94,click,2025-01-14T23:58:00
110,107,view,2025-01-15T00:00:00
110,107,add_to_cart,2025-01-15T00:04:00
110,107,purchase,2025-01-15T00:05:00
110,42,search,2025-01-15T19:33:00
110,42,view,2025-01-15T19:36:00
110,42,click,2025-01-15T19:39:00
110,42,add_to_cart,2025-01-15T19:42:00
110,42,purchase,2025-01-15T19:43:00
110,38,view,2025-01-15T19:48:00
110,23,view,2025-01-15T19:50:00
110,23,click,2025-01-15T19:51:00
110,41,search,2025-01-16T08:33:00
110,41,view,2025-01-16T08:34:00
110,41,click,2025-01-16T08:35:00
110,41,add_to_cart,2025-01-16T08:37:00
110,41,remove_cart,2025-01-16T08:38:00
110,137,review,2025-01-16T17:28:00
110,42,review,2025-01-16T19:48:00
110,36,search,2025-01-18T15:12:00
110,36,view,2025-01-18T15:14:00
110,36,add_to_cart,2025-01-18T15:16:00
110,36,purchase,2025-01-18T15:18:00
110,35,view,2025-01-18T15:30:00
110,35,click,2025-01-18T15:32:00
110,35,add_to_cart,2025-01-18T15:34:00
110,35,remove_cart,2025-01-18T15:36:00
110,141,review,2025-01-20T05:21:00
110,89,search,2025-01-21T03:07:00
110,89,view,2025-01-21T03:08:00
110,89,click,2025-01-21T03:12:00
110,89,add_to_cart,2025-01-21T03:14:00
110,89,remove_cart,2025-01-21T03:16:00
110,153,review,2025-01-22T05:27:00
110,25,search,2025-01-22T13:36:00
110,25,view,2025-01-22T13:38:00
110,25,click,2025-01-22T13:40:00
110,41,view,2025-01-22T13:42:00
110,41,click,2025-01-22T13:46:00
110,41,add_to_cart,2025-01-22T13:48:00
110,41,remove_cart,2025-01-22T13:49:00
110,37,view,2025-01-22T13:50:00
110,37,click,2025-01-22T13:54:00
110,96,search,2025-01-25T00:20:00
110,96,view,2025-01-25T00:23:00
110,96,click,2025-01-25T00:24:00
110,35,search,2025-01-27T01:23:00
110,35,view,2025-01-27T01:25:00
110,35,click,2025-01-27T01:28:00
110,23,view,2025-01-27T01:31:00
110,23,click,2025-01-27T01:33:00
110,23,add_to_cart,2025-01-27T01:36:00
110,23,purchase,2025-01-27T01:37:00
110,25,view,2025-01-27T01:47:00
110,25,click,2025-01-27T01:48:00
110,25,add_to_cart,2025-01-27T01:49:00
110,25,purchase,2025-01-27T01:51:00
110,23,review,2025-02-02T01:47:00
110,25,review,2025-02-09T01:59:00
111,121,search,2025-01-07T08:39:00
111,121,view,2025-01-07T08:40:00
111,121,click,2025-01-07T08:43:00
111,121,add_to_cart,2025-01-07T08:45:00
111,121,purchase,2025-01-07T08:46:00
111,113,view,2025-01-07T08:55:00
111,113,click,2025-01-07T08:56:00
111,122,view,2025-01-07T08:57:00
111,122,click,2025-01-07T08:59:00
111,122,add_to_cart,2025-01-07T09:00:00
111,122,purchase,2025-01-07T09:02:00
111,70,search,2025-01-08T10:28:00
111,70,view,2025-01-08T10:30:00
111,70,add_to_cart,2025-01-08T10:31:00
111,70,purchase,2025-01-08T10:33:00
111,73,view,2025-01-08T10:42:00
111,73,click,2025-01-08T10:43:00
111,72,view,2025-01-08T10:44:00
111,72,click,2025-01-08T10:45:00
111,111,search,2025-01-10T05:32:00
111,111,view,2025-01-10T05:33:00
111,98,search,2025-01-10T23:06:00
111,98,view,2025-01-10T23:09:00
111,98,click,2025-01-10T23:12:00
111,98,add_to_cart,2025-01-10T23:15:00
111,98,purchase,2025-01-10T23:17:00
111,91,view,2025-01-10T23:27:00
111,91,click,2025-01-10T23:28:00
111,116,search,2025-01-13T15:41:00
111,116,view,2025-01-13T15:42:00
111,116,click,2025-01-13T15:44:00
111,116,add_to_cart,2025-01-13T15:45:00
111,116,purchase,2025-01-13T15:47:00
111,115,view,2025-01-13T15:59:00
111,115,click,2025-01-13T16:01:00
111,121,review,2025-01-16T08:55:00
111,122,review,2025-01-16T09:05:00
111,108,search,2025-01-16T09:47:00
111,108,view,2025-01-16T09:50:00
111,108,click,2025-01-16T09:51:00
111,97,view,2025-01-16T09:52:00
111,97,click,2025-01-16T09:53:00
111,113,search,2025-01-18T22:04:00
111,113,view,2025-01-18T22:05:00
111,113,click,2025-01-18T22:09:00
111,112,view,2025-01-18T22:10:00
111,112,click,2025-01-18T22:12:00
111,128,view,2025-01-19T21:08:00
111,128,add_to_cart,2025-01-19T21:10:00
111,128,purchase,2025-01-19T21:12:00
111,120,view,2025-01-19T21:18:00
111,120,click,2025-01-19T21:19:00
111,120,add_to_cart,2025-01-19T21:21:00
111,120,purchase,2025-01-19T21:23:00
111,124,view,2025-01-19T21:34:00
111,124,add_to_cart,2025-01-19T21:36:00
111,124,purchase,2025-01-19T21:37:00
111,114,view,2025-01-20T21:19:00
111,114,click,2025-01-20T21:21:00
111,111,view,2025-01-20T21:22:00
111,111,click,2025-01-20T21:23:00
111,111,add_to_cart,2025-01-20T21:26:00
111,111,purchase,2025-01-20T21:27:00
111,126,view,2025-01-20T21:34:00
111,126,click,2025-01-20T21:36:00
111,95,search,2025-01-23T06:18:00
111,95,view,2025-01-23T06:19:00
111,95,click,2025-01-23T06:23:00
111,116,review,2025-01-23T15:59:00
111,120,review,2025-01-31T21:34:00
111,111,review,2025-02-03T21:34:00
112,111,view,2025-01-05T14:00:00
112,28,search,2025-01-06T07:06:00
112,28,view,2025-01-06T07:08:00
112,28,click,2025-01-06T07:09:00
112,41,view,2025-01-06T07:12:00
112,41,click,2025-01-06T07:13:00
112,27,search,2025-01-07T19:59:00
112,27,view,2025-01-07T20:02:00
112,27,click,2025-01-07T20:05:00
112,27,add_to_cart,2025-01-07T20:07:00
112,27,purchase,2025-01-07T20:08:00
112,34,view,2025-01-07T20:19:00
112,34,click,2025-01-07T20:23:00
112,34,add_to_cart,2025-01-07T20:24:00
112,34,purchase,2025-01-07T20:26:00
112,33,view,2025-01-07T20:28:00
112,33,click,2025-01-07T20:29:00
112,33,add_to_cart,2025-01-07T20:31:00
112,33,remove_cart,2025-01-07T20:32:00
112,34,search,2025-01-08T13:57:00
112,34,view,2025-01-08T13:59:00
112,34,click,2025-01-08T14:01:00
112,34,add_to_cart,2025-01-08T14:04:00
112,34,remove_cart,2025-01-08T14:06:00
112,33,view,2025-01-08T14:08:00
112,33,add_to_cart,2025-01-08T14:10:00
112,33,purchase,2025-01-08T14:11:00
112,111,search,2025-01-10T08:18:00
112,111,view,2025-01-10T08:19:00
112,111,click,2025-01-10T08:23:00
112,127,view,2025-01-10T08:26:00
112,127,click,2025-01-10T08:29:00
112,130,view,2025-01-10T08:30:00
112,130,click,2025-01-10T08:32:00
112,130,add_to_cart,2025-01-10T08:33:00
112,130,purchase,2025-01-10T08:34:00
112,39,search,2025-01-12T13:28:00
112,39,view,2025-01-12T13:31:00
112,39,click,2025-01-12T13:33:00
112,23,view,2025-01-12T13:35:00
112,23,click,2025-01-12T13:37:00
112,31,view,2025-01-12T13:39:00
112,31,click,2025-01-12T13:41:00
112,31,add_to_cart,2025-01-12T13:42:00
112,31,remove_cart,2025-01-12T13:43:00
112,27,review,2025-01-12T20:19:00
112,35,search,2025-01-14T11:20:00
112,35,view,2025-01-14T11:23:00
112,35,click,2025-01-14T11:26:00
112,35,add_to_cart,2025-01-14T11:27:00
112,35,purchase,2025-01-14T11:29:00
112,32,view,2025-01-14T11:33:00
112,32,click,2025-01-14T11:37:00
112,28,view,2025-01-14T11:39:00
112,28,click,2025-01-14T11:42:00
112,34,review,2025-01-15T20:28:00
112,122,search,2025-01-17T12:31:00
112,122,view,2025-01-17T12:33:00
112,122,click,2025-01-17T12:34:00
112,115,view,2025-01-17T12:35:00
112,115,click,2025-01-17T12:38:00
112,115,add_to_cart,2025-01-17T12:41:00
112,115,purchase,2025-01-17T12:42:00
112,121,view,2025-01-17T12:44:00
112,121,click,2025-01-17T12:48:00
112,130,review,2025-01-19T08:42:00
112,35,review,2025-01-26T11:33:00
113,18,search,2025-01-06T01:32:00
113,18,view,2025-01-06T01:34:00
113,18,click,2025-01-06T01:37:00
113,153,search,2025-01-08T09:59:00
113,153,view,2025-01-08T10:02:00
113,153,add_to_cart,2025-01-08T10:03:00
113,153,purchase,2025-01-08T10:04:00
113,17,search,2025-01-09T14:46:00
113,17,view,2025-01-09T14:49:00
113,17,click,2025-01-09T14:50:00
113,91,search,2025-01-12T00:29:00
113,91,view,2025-01-12T00:31:00
113,91,click,2025-01-12T00:32:00
113,90,search,2025-01-13T01:06:00
113,90,view,2025-01-13T01:08:00
113,90,add_to_cart,2025-01-13T01:11:00
113,90,purchase,2025-01-13T01:13:00
113,108,view,2025-01-13T01:16:00
113,108,click,2025-01-13T01:20:00
113,109,view,2025-01-13T01:22:00
113,109,click,2025-01-13T01:23:00
113,148,search,2025-01-14T03:18:00
113,148,view,2025-01-14T03:19:00
113,148,click,2025-01-14T03:20:00
113,148,add_to_cart,2025-01-14T03:22:00
113,148,purchase,2025-01-14T03:23:00
113,132,view,2025-01-14T03:33:00
113,132,click,2025-01-14T03:35:00
113,137,view,2025-01-14T03:37:00
113,137,click,2025-01-14T03:41:00
114,13,view,2025-01-12T04:39:00
114,13,add_to_cart,2025-01-12T04:41:00
114,13,purchase,2025-01-12T04:42:00
114,4,search,2025-01-13T11:06:00
114,4,view,2025-01-13T11:09:00
114,4,click,2025-01-13T11:13:00
114,18,view,2025-01-13T11:14:00
114,18,click,2025-01-13T11:18:00
114,18,add_to_cart,2025-01-13T11:21:00
114,18,purchase,2025-01-13T11:22:00
114,142,search,2025-01-14T03:37:00
114,142,view,2025-01-14T03:38:00
114,142,click,2025-01-14T03:41:00
114,142,add_to_cart,2025-01-14T03:44:00
114,142,purchase,2025-01-14T03:45:00
114,145,view,2025-01-14T03:57:00
114,145,click,2025-01-14T04:00:00
114,145,add_to_cart,2025-01-14T04:02:00
114,145,purchase,2025-01-14T04:03:00
114,145,review,2025-01-17T04:06:00
114,133,view,2025-01-17T04:18:00
114,133,click,2025-01-17T04:19:00
114,133,add_to_cart,2025-01-17T04:20:00
114,133,purchase,2025-01-17T04:22:00
114,18,review,2025-01-17T11:32:00
114,27,view,2025-01-17T20:45:00
114,27,click,2025-01-17T20:47:00
114,37,view,2025-01-17T20:48:00
114,37,add_to_cart,2025-01-17T20:51:00
114,37,purchase,2025-01-17T20:53:00
114,37,review,2025-01-19T20:57:00
114,147,search,2025-01-20T02:54:00
114,147,view,2025-01-20T02:55:00
114,147,click,2025-01-20T02:58:00
114,147,add_to_cart,2025-01-20T02:59:00
114,147,purchase,2025-01-20T03:01:00
114,145,view,2025-01-20T03:03:00
114,145,click,2025-01-20T03:07:00
114,145,add_to_cart,2025-01-20T03:09:00
114,145,purchase,2025-01-20T03:11:00
114,149,view,2025-01-20T03:21:00
114,149,click,2025-01-20T03:23:00
114,149,add_to_cart,2025-01-20T03:24:00
114,149,purchase,2025-01-20T03:26:00
114,132,search,2025-01-22T19:32:00
114,132,view,2025-01-22T19:35:00
114,132,click,2025-01-22T19:36:00
114,151,view,2025-01-22T19:38:00
114,151,click,2025-01-22T19:39:00
114,13,search,2025-01-25T08:19:00
114,13,view,2025-01-25T08:22:00
114,13,click,2025-01-25T08:26:00
114,142,review,2025-01-27T03:57:00
114,18,search,2025-01-27T11:17:00
114,18,view,2025-01-27T11:20:00
114,18,click,2025-01-27T11:24:00
114,18,add_to_cart,2025-01-27T11:27:00
114,18,purchase,2025-01-27T11:29:00
114,21,view,2025-01-27T11:41:00
114,21,click,2025-01-27T11:43:00
114,21,add_to_cart,2025-01-27T11:46:00
114,21,purchase,2025-01-27T11:47:00
114,29,view,2025-01-28T06:04:00
114,29,click,2025-01-28T06:06:00
114,149,review,2025-01-31T03:29:00
115,198,search,2025-01-09T01:09:00
115,198,view,2025-01-09T01:10:00
115,198,click,2025-01-09T01:14:00
115,176,view,2025-01-09T01:15:00
115,176,click,2025-01-09T01:17:00
115,193,view,2025-01-09T01:19:00
115,193,click,2025-01-09T01:21:00
115,193,add_to_cart,2025-01-09T01:22:00
115,193,purchase,2025-01-09T01:24:00
115,132,search,2025-01-10T16:30:00
115,132,view,2025-01-10T16:31:00
115,132,click,2025-01-10T16:35:00
115,143,view,2025-01-10T16:38:00
115,143,click,2025-01-10T16:40:00
115,153,search,2025-01-11T10:32:00
115,153,view,2025-01-11T10:35:00
115,153,click,2025-01-11T10:39:00
115,153,add_to_cart,2025-01-11T10:42:00
115,153,remove_cart,2025-01-11T10:43:00
115,140,view,2025-01-11T10:45:00
115,140,click,2025-01-11T10:49:00
115,142,search,2025-01-12T15:45:00
115,142,view,2025-01-12T15:47:00
115,142,click,2025-01-12T15:51:00
115,150,view,2025-01-12T15:52:00
115,150,click,2025-01-12T15:55:00
115,135,view,2025-01-12T15:57:00
115,139,view,2025-01-13T04:40:00
115,139,click,2025-01-13T04:44:00
115,139,add_to_cart,2025-01-13T04:46:00
115,139,remove_cart,2025-01-13T04:47:00
115,132,view,2025-01-13T04:49:00
115,132,click,2025-01-13T04:51:00
115,132,add_to_cart,2025-01-13T04:54:00
115,132,purchase,2025-01-13T04:56:00
115,177,search,2025-01-14T10:03:00
115,177,view,2025-01-14T10:06:00
115,177,add_to_cart,2025-01-14T10:07:00
115,177,purchase,2025-01-14T10:09:00
115,195,view,2025-01-14T10:13:00
115,196,view,2025-01-14T10:15:00
115,196,click,2025-01-14T10:19:00
115,132,review,2025-01-15T04:58:00
115,193,review,2025-01-18T01:34:00
116,107,search,2025-01-03T01:10:00
116,107,view,2025-01-03T01:12:00
116,107,click,2025-01-03T01:14:00
116,97,view,2025-01-03T01:16:00
116,97,click,2025-01-03T01:18:00
116,63,view,2025-01-06T00:45:00
116,63,click,2025-01-06T00:47:00
116,63,add_to_cart,2025-01-06T00:50:00
116,63,remove_cart,2025-01-06T00:52:00
116,58,view,2025-01-06T00:54:00
116,58,add_to_cart,2025-01-06T00:55:00
116,58,remove_cart,2025-01-06T00:57:00
116,93,view,2025-01-07T11:56:00
116,93,click,2025-01-07T11:57:00
116,94,view,2025-01-07T11:58:00
116,94,click,2025-01-07T12:00:00
116,71,view,2025-01-08T07:15:00
116,71,click,2025-01-08T07:17:00
116,71,add_to_cart,2025-01-08T07:20:00
116,71,purchase,2025-01-08T07:22:00
116,66,view,2025-01-08T07:33:00
116,66,click,2025-01-08T07:37:00
116,66,add_to_cart,2025-01-08T07:38:00
116,66,purchase,2025-01-08T07:40:00
116,78,view,2025-01-08T07:51:00
116,78,click,2025-01-08T07:54:00
116,78,add_to_cart,2025-01-08T07:56:00
116,78,purchase,2025-01-08T07:57:00
116,80,search,2025-01-09T09:43:00
116,80,view,2025-01-09T09:44:00
116,80,click,2025-01-09T09:48:00
116,103,search,2025-01-10T08:47:00
116,103,view,2025-01-10T08:48:00
116,103,click,2025-01-10T08:50:00
116,109,view,2025-01-10T08:52:00
116,109,click,2025-01-10T08:54:00
116,109,add_to_cart,2025-01-10T08:55:00
116,109,remove_cart,2025-01-10T08:57:00
116,104,view,2025-01-10T08:59:00
116,104,click,2025-01-10T09:03:00
116,66,review,2025-01-11T07:51:00
116,73,search,2025-01-11T13:02:00
116,73,view,2025-01-11T13:05:00
116,73,click,2025-01-11T13:07:00
116,73,add_to_cart,2025-01-11T13:09:00
116,73,remove_cart,2025-01-11T13:11:00
116,83,view,2025-01-11T13:13:00
116,83,click,2025-01-11T13:14:00
116,78,review,2025-01-13T08:00:00
116,56,search,2025-01-14T12:24:00
116,56,view,2025-01-14T12:27:00
116,56,click,2025-01-14T12:28:00
116,56,add_to_cart,2025-01-14T12:30:00
116,56,purchase,2025-01-14T12:32:00
116,55,view,2025-01-14T12:36:00
116,55,click,2025-01-14T12:37:00
116,55,add_to_cart,2025-01-14T12:38:00
116,55,remove_cart,2025-01-14T12:39:00
116,64,view,2025-01-14T12:40:00
116,64,click,2025-01-14T12:42:00
116,64,add_to_cart,2025-01-14T12:44:00
116,64,remove_cart,2025-01-14T12:45:00
116,54,view,2025-01-16T11:15:00
116,54,click,2025-01-16T11:18:00
116,43,view,2025-01-16T11:19:00
116,43,click,2025-01-16T11:21:00
116,43,add_to_cart,2025-01-16T11:24:00
116,43,purchase,2025-01-16T11:26:00
116,53,view,2025-01-16T11:37:00
116,53,click,2025-01-16T11:40:00
117,20,search,2025-01-05T00:46:00
117,20,view,2025-01-05T00:49:00
117,39,search,2025-01-07T06:01:00
117,39,view,2025-01-07T06:04:00
117,39,click,2025-01-07T06:07:00
117,32,view,2025-01-07T06:10:00
117,32,click,2025-01-07T06:11:00
117,32,add_to_cart,2025-01-07T06:13:00
117,32,purchase,2025-01-07T06:15:00
117,12,search,2025-01-10T05:28:00
117,12,view,2025-01-10T05:31:00
117,12,click,2025-01-10T05:35:00
117,12,add_to_cart,2025-01-10T05:37:00
117,12,remove_cart,2025-01-10T05:38:00
117,3,search,2025-01-10T22:26:00
117,3,view,2025-01-10T22:28:00
117,3,click,2025-01-10T22:32:00
117,3,add_to_cart,2025-01-10T22:34:00
117,3,purchase,2025-01-10T22:35:00
117,20,view,2025-01-10T22:46:00
117,20,click,2025-01-10T22:50:00
117,104,view,2025-01-11T23:22:00
117,104,click,2025-01-11T23:23:00
117,104,add_to_cart,2025-01-11T23:26:00
117,104,purchase,2025-01-11T23:27:00
117,106,view,2025-01-11T23:31:00
117,106,click,2025-01-11T23:33:00
117,106,add_to_cart,2025-01-11T23:36:00
117,106,purchase,2025-01-11T23:37:00
117,20,search,2025-01-14T07:13:00
117,20,view,2025-01-14T07:14:00
117,20,click,2025-01-14T07:15:00
117,20,add_to_cart,2025-01-14T07:18:00
117,20,purchase,2025-01-14T07:20:00
117,11,view,2025-01-14T07:26:00
117,11,click,2025-01-14T07:30:00
117,11,add_to_cart,2025-01-14T07:32:00
117,11,purchase,2025-01-14T07:34:00
117,20,review,2025-01-23T07:26:00
117,11,review,2025-01-25T07:45:00
118,50,view,2025-01-08T22:57:00
118,50,click,2025-01-08T22:58:00
118,50,add_to_cart,2025-01-08T22:59:00
118,50,remove_cart,2025-01-08T23:01:00
118,49,view,2025-01-08T23:03:00
118,49,click,2025-01-08T23:07:00
118,49,add_to_cart,2025-01-08T23:09:00
118,49,purchase,2025-01-08T23:10:00
118,82,search,2025-01-11T14:04:00
118,82,view,2025-01-11T14:05:00
118,82,click,2025-01-11T14:06:00
118,82,add_to_cart,2025-01-11T14:08:00
118,82,purchase,2025-01-11T14:09:00
118,85,view,2025-01-11T14:18:00
118,85,click,2025-01-11T14:21:00
118,118,search,2025-01-12T02:35:00
118,118,view,2025-01-12T02:38:00
118,117,view,2025-01-12T02:39:00
118,117,add_to_cart,2025-01-12T02:40:00
118,117,purchase,2025-01-12T02:42:00
118,128,search,2025-01-13T08:36:00
118,128,view,2025-01-13T08:38:00
118,128,click,2025-01-13T08:40:00
118,128,add_to_cart,2025-01-13T08:41:00
118,128,remove_cart,2025-01-13T08:43:00
118,117,view,2025-01-13T08:45:00
118,117,click,2025-01-13T08:47:00
118,117,add_to_cart,2025-01-13T08:50:00
118,117,purchase,2025-01-13T08:51:00
118,117,search,2025-01-16T00:27:00
118,117,view,2025-01-16T00:29:00
118,117,click,2025-01-16T00:30:00
118,117,add_to_cart,2025-01-16T00:33:00
118,117,purchase,2025-01-16T00:34:00
118,44,search,2025-01-18T14:08:00
118,44,view,2025-01-18T14:10:00
118,44,click,2025-01-18T14:11:00
118,82,review,2025-01-18T14:18:00
118,70,search,2025-01-19T19:37:00
118,70,view,2025-01-19T19:40:00
118,70,click,2025-01-19T19:43:00
118,81,view,2025-01-19T19:44:00
118,81,click,2025-01-19T19:48:00
118,66,view,2025-01-19T19:50:00
118,66,click,2025-01-19T19:54:00
118,49,review,2025-01-20T23:21:00
118,117,review,2025-01-21T02:46:00
118,48,search,2025-01-21T15:41:00
118,48,view,2025-01-21T15:43:00
118,48,click,2025-01-21T15:46:00
118,47,view,2025-01-21T15:48:00
118,62,search,2025-01-23T12:00:00
118,62,view,2025-01-23T12:03:00
118,52,view,2025-01-23T12:04:00
118,52,add_to_cart,2025-01-23T12:08:00
118,52,purchase,2025-01-23T12:09:00
118,48,view,2025-01-23T12:11:00
118,48,click,2025-01-23T12:14:00
118,73,view,2025-01-24T08:58:00
118,73,click,2025-01-24T08:59:00
118,73,add_to_cart,2025-01-24T09:01:00
118,73,purchase,2025-01-24T09:02:00
118,73,review,2025-01-28T09:11:00
118,52,review,2025-01-28T12:11:00
119,59,search,2025-01-03T21:24:00
119,59,view,2025-01-03T21:27:00
119,59,click,2025-01-03T21:31:00
119,62,view,2025-01-03T21:34:00
119,62,click,2025-01-03T21:36:00
119,130,search,2025-01-04T19:26:00
119,130,view,2025-01-04T19:28:00
119,130,add_to_cart,2025-01-04T19:30:00
119,130,purchase,2025-01-04T19:31:00
119,123,view,2025-01-04T19:35:00
119,123,click,2025-01-04T19:36:00
119,151,view,2025-01-05T17:33:00
119,151,click,2025-01-05T17:34:00
119,151,add_to_cart,2025-01-05T17:37:00
119,151,purchase,2025-01-05T17:39:00
119,48,search,2025-01-08T03:17:00
119,48,view,2025-01-08T03:18:00
119,48,click,2025-01-08T03:20:00
119,49,view,2025-01-08T03:22:00
119,49,click,2025-01-08T03:23:00
119,57,view,2025-01-09T08:11:00
119,57,click,2025-01-09T08:14:00
119,57,add_to_cart,2025-01-09T08:16:00
119,57,purchase,2025-01-09T08:17:00
119,53,view,2025-01-09T08:28:00
119,53,click,2025-01-09T08:32:00
119,122,view,2025-01-10T00:10:00
119,146,search,2025-01-12T07:27:00
119,146,view,2025-01-12T07:30:00
119,151,review,2025-01-12T17:42:00
119,142,search,2025-01-13T06:43:00
119,142,view,2025-01-13T06:46:00
119,142,click,2025-01-13T06:48:00
119,57,review,2025-01-23T08:28:00
120,141,search,2025-01-12T09:09:00
120,141,view,2025-01-12T09:10:00
120,141,click,2025-01-12T09:13:00
120,139,view,2025-01-12T09:16:00
120,139,click,2025-01-12T09:18:00
120,139,add_to_cart,2025-01-12T09:20:00
120,139,purchase,2025-01-12T09:21:00
120,149,view,2025-01-12T09:33:00
120,149,click,2025-01-12T09:37:00
120,149,add_to_cart,2025-01-12T09:39:00
120,149,purchase,2025-01-12T09:40:00
120,173,search,2025-01-13T09:43:00
120,173,view,2025-01-13T09:46:00
120,173,click,2025-01-13T09:50:00
120,173,add_to_cart,2025-01-13T09:53:00
120,173,remove_cart,2025-01-13T09:54:00
120,157,view,2025-01-13T09:56:00
120,157,click,2025-01-13T09:58:00
120,157,view,2025-01-15T05:46:00
120,157,click,2025-01-15T05:49:00
120,160,view,2025-01-15T05:52:00
120,160,click,2025-01-15T05:54:00
120,143,view,2025-01-16T19:41:00
120,143,click,2025-01-16T19:42:00
120,143,add_to_cart,2025-01-16T19:43:00
120,143,purchase,2025-01-16T19:44:00
120,170,search,2025-01-18T12:16:00
120,170,view,2025-01-18T12:19:00
120,170,click,2025-01-18T12:22:00
120,170,add_to_cart,2025-01-18T12:24:00
120,170,purchase,2025-01-18T12:26:00
120,172,view,2025-01-18T12:28:00
120,172,click,2025-01-18T12:31:00
120,164,view,2025-01-19T04:55:00
120,157,view,2025-01-19T04:57:00
120,157,click,2025-01-19T04:58:00
120,168,view,2025-01-19T04:59:00
120,168,click,2025-01-19T05:01:00
120,175,search,2025-01-19T22:23:00
120,175,view,2025-01-19T22:25:00
120,175,click,2025-01-19T22:27:00
120,154,view,2025-01-19T22:28:00
120,154,add_to_cart,2025-01-19T22:32:00
120,154,remove_cart,2025-01-19T22:34:00
120,133,search,2025-01-20T20:21:00
120,133,view,2025-01-20T20:22:00
120,133,click,2025-01-20T20:24:00
120,152,view,2025-01-20T20:27:00
120,152,click,2025-01-20T20:31:00
120,152,add_to_cart,2025-01-20T20:34:00
120,152,purchase,2025-01-20T20:35:00
120,152,review,2025-01-22T20:47:00
120,170,review,2025-01-23T12:28:00
120,113,search,2025-01-23T18:58:00
120,113,view,2025-01-23T19:01:00
120,113,click,2025-01-23T19:02:00
120,113,add_to_cart,2025-01-23T19:05:00
120,113,purchase,2025-01-23T19:07:00
120,114,view,2025-01-23T19:12:00
120,114,click,2025-01-23T19:14:00
120,114,add_to_cart,2025-01-23T19:17:00
120,114,purchase,2025-01-23T19:19:00
120,139,review,2025-01-24T09:33:00
120,131,view,2025-01-24T13:38:00
120,131,click,2025-01-24T13:41:00
120,131,add_to_cart,2025-01-24T13:42:00
120,131,purchase,2025-01-24T13:44:00
120,119,view,2025-01-24T13:48:00
120,119,click,2025-01-24T13:49:00
120,126,view,2025-01-24T13:51:00
120,126,click,2025-01-24T13:53:00
120,126,add_to_cart,2025-01-24T13:55:00
120,126,purchase,2025-01-24T13:56:00
120,114,review,2025-01-26T19:29:00
120,143,review,2025-01-29T19:54:00
121,174,search,2025-01-12T03:42:00
121,174,view,2025-01-12T03:44:00
121,174,click,2025-01-12T03:46:00
121,154,view,2025-01-12T03:49:00
121,154,click,2025-01-12T03:50:00
121,160,view,2025-01-12T03:51:00
121,160,click,2025-01-12T03:52:00
121,160,add_to_cart,2025-01-12T03:53:00
121,160,purchase,2025-01-12T03:55:00
121,110,view,2025-01-13T08:09:00
121,110,click,2025-01-13T08:11:00
121,143,search,2025-01-15T11:23:00
121,143,view,2025-01-15T11:26:00
121,143,click,2025-01-15T11:30:00
121,112,search,2025-01-17T03:26:00
121,112,view,2025-01-17T03:28:00
121,112,click,2025-01-17T03:30:00
121,123,view,2025-01-17T03:32:00
121,123,click,2025-01-17T03:33:00
121,160,review,2025-01-17T04:05:00
121,130,view,2025-01-19T12:20:00
121,130,click,2025-01-19T12:21:00
121,130,add_to_cart,2025-01-19T12:22:00
121,130,purchase,2025-01-19T12:24:00
121,110,view,2025-01-19T12:32:00
121,110,click,2025-01-19T12:36:00
121,117,view,2025-01-19T12:38:00
121,117,click,2025-01-19T12:41:00
121,141,view,2025-01-22T05:55:00
121,141,click,2025-01-22T05:58:00
121,141,add_to_cart,2025-01-22T05:59:00
121,141,purchase,2025-01-22T06:01:00
121,145,view,2025-01-22T06:03:00
121,145,click,2025-01-22T06:04:00
121,145,add_to_cart,2025-01-22T06:07:00
121,145,remove_cart,2025-01-22T06:08:00
121,141,review,2025-01-31T06:03:00
122,81,search,2025-01-07T01:27:00
122,81,view,2025-01-07T01:30:00
122,81,click,2025-01-07T01:31:00
122,70,view,2025-01-09T02:35:00
122,72,search,2025-01-10T22:38:00
122,72,view,2025-01-10T22:39:00
122,72,click,2025-01-10T22:41:00
122,72,add_to_cart,2025-01-10T22:44:00
122,72,purchase,2025-01-10T22:45:00
122,75,search,2025-01-13T14:16:00
122,75,view,2025-01-13T14:19:00
122,75,click,2025-01-13T14:21:00
122,75,add_to_cart,2025-01-13T14:24:00
122,75,purchase,2025-01-13T14:26:00
122,72,view,2025-01-13T14:36:00
122,72,click,2025-01-13T14:40:00
122,72,search,2025-01-14T10:17:00
122,72,view,2025-01-14T10:18:00
122,72,click,2025-01-14T10:20:00
122,79,search,2025-01-16T02:13:00
122,79,view,2025-01-16T02:15:00
122,79,click,2025-01-16T02:16:00
122,78,view,2025-01-16T02:17:00
122,78,click,2025-01-16T02:21:00
122,79,search,2025-01-17T09:43:00
122,79,view,2025-01-17T09:44:00
122,79,click,2025-01-17T09:45:00
122,79,add_to_cart,2025-01-17T09:46:00
122,79,purchase,2025-01-17T09:48:00
122,69,view,2025-01-17T09:51:00
122,69,click,2025-01-17T09:52:00
122,69,add_to_cart,2025-01-17T09:55:00
122,69,purchase,2025-01-17T09:56:00
122,21,search,2025-01-17T22:26:00
122,21,view,2025-01-17T22:29:00
122,21,click,2025-01-17T22:30:00
122,21,add_to_cart,2025-01-17T22:31:00
122,21,purchase,2025-01-17T22:32:00
122,9,view,2025-01-17T22:38:00
122,9,add_to_cart,2025-01-17T22:42:00
122,9,purchase,2025-01-17T22:44:00
122,19,view,2025-01-17T22:56:00
122,19,click,2025-01-17T23:00:00
122,19,add_to_cart,2025-01-17T23:02:00
122,19,remove_cart,2025-01-17T23:04:00
122,182,view,2025-01-19T18:24:00
122,182,click,2025-01-19T18:28:00
122,182,add_to_cart,2025-01-19T18:30:00
122,182,purchase,2025-01-19T18:31:00
122,72,review,2025-01-19T22:51:00
122,9,review,2025-01-25T22:56:00
122,69,review,2025-01-29T10:06:00
122,182,review,2025-01-31T18:39:00
123,154,view,2025-01-09T18:52:00
123,156,view,2025-01-09T18:54:00
123,156,click,2025-01-09T18:56:00
123,156,add_to_cart,2025-01-09T18:58:00
123,156,purchase,2025-01-09T19:00:00
123,189,search,2025-01-10T11:03:00
123,189,view,2025-01-10T11:06:00
123,189,click,2025-01-10T11:07:00
123,178,view,2025-01-12T18:54:00
123,183,view,2025-01-12T18:58:00
123,187,view,2025-01-12T18:59:00
123,188,search,2025-01-14T17:10:00
123,188,view,2025-01-14T17:11:00
123,184,view,2025-01-14T17:15:00
123,184,click,2025-01-14T17:17:00
123,185,view,2025-01-14T17:19:00
123,185,click,2025-01-14T17:22:00
123,184,search,2025-01-16T15:25:00
123,184,view,2025-01-16T15:27:00
123,184,click,2025-01-16T15:31:00
123,90,view,2025-01-18T04:37:00
123,97,view,2025-01-18T04:38:00
123,97,click,2025-01-18T04:42:00
123,97,add_to_cart,2025-01-18T04:45:00
123,97,purchase,2025-01-18T04:46:00
123,107,view,2025-01-18T04:54:00
123,107,click,2025-01-18T04:56:00
124,4,view,2025-01-02T23:57:00
124,4,click,2025-01-03T00:01:00
124,4,add_to_cart,2025-01-03T00:03:00
124,4,remove_cart,2025-01-03T00:04:00
124,60,search,2025-01-05T10:30:00
124,60,view,2025-01-05T10:32:00
124,60,click,2025-01-05T10:36:00
124,60,add_to_cart,2025-01-05T10:39:00
124,60,purchase,2025-01-05T10:41:00
124,50,view,2025-01-05T10:47:00
124,50,click,2025-01-05T10:51:00
124,53,view,2025-01-05T10:52:00
124,53,click,2025-01-05T10:56:00
124,168,search,2025-01-05T23:07:00
124,168,view,2025-01-05T23:08:00
124,168,click,2025-01-05T23:12:00
124,167,search,2025-01-07T21:22:00
124,167,view,2025-01-07T21:25:00
124,167,click,2025-01-07T21:27:00
124,162,view,2025-01-07T21:29:00
124,162,click,2025-01-07T21:31:00
124,162,add_to_cart,2025-01-07T21:33:00
124,162,purchase,2025-01-07T21:35:00
124,171,view,2025-01-07T21:39:00
124,171,click,2025-01-07T21:43:00
124,171,add_to_cart,2025-01-07T21:44:00
124,171,remove_cart,2025-01-07T21:45:00
124,172,view,2025-01-10T19:34:00
124,172,click,2025-01-10T19:36:00
124,167,search,2025-01-11T13:53:00
124,167,view,2025-01-11T13:56:00
124,167,add_to_cart,2025-01-11T14:00:00
124,167,remove_cart,2025-01-11T14:01:00
124,17,view,2025-01-12T23:52:00
124,17,add_to_cart,2025-01-12T23:53:00
124,17,purchase,2025-01-12T23:55:00
124,4,view,2025-01-13T00:04:00
124,4,click,2025-01-13T00:05:00
124,4,add_to_cart,2025-01-13T00:08:00
124,4,purchase,2025-01-13T00:09:00
124,13,view,2025-01-13T00:15:00
124,13,click,2025-01-13T00:19:00
124,45,search,2025-01-13T21:04:00
124,45,view,2025-01-13T21:07:00
124,45,click,2025-01-13T21:08:00
124,45,add_to_cart,2025-01-13T21:11:00
124,45,purchase,2025-01-13T21:13:00
124,59,view,2025-01-13T21:23:00
124,59,click,2025-01-13T21:24:00
124,17,review,2025-01-15T00:04:00
124,164,view,2025-01-16T00:37:00
124,60,search,2025-01-18T09:18:00
124,60,view,2025-01-18T09:21:00
124,60,click,2025-01-18T09:25:00
124,60,add_to_cart,2025-01-18T09:28:00
124,60,purchase,2025-01-18T09:30:00
124,62,view,2025-01-18T09:33:00
124,50,view,2025-01-18T09:36:00
124,50,click,2025-01-18T09:37:00
124,50,add_to_cart,2025-01-18T09:40:00
124,50,remove_cart,2025-01-18T09:41:00
124,45,review,2025-01-18T21:23:00
124,4,review,2025-01-23T00:15:00
124,60,review,2025-01-28T09:33:00
125,187,search,2025-01-12T00:04:00
125,187,view,2025-01-12T00:06:00
125,187,click,2025-01-12T00:07:00
125,182,search,2025-01-13T08:25:00
125,182,view,2025-01-13T08:28:00
125,182,click,2025-01-13T08:30:00
125,182,add_to_cart,2025-01-13T08:33:00
125,182,purchase,2025-01-13T08:35:00
125,189,view,2025-01-13T08:43:00
125,189,click,2025-01-13T08:44:00
125,182,review,2025-01-14T08:43:00
125,126,search,2025-01-14T12:58:00
125,126,view,2025-01-14T13:00:00
125,126,click,2025-01-14T13:04:00
125,128,view,2025-01-14T13:06:00
125,128,click,2025-01-14T13:10:00
125,128,add_to_cart,2025-01-14T13:12:00
125,128,purchase,2025-01-14T13:14:00
125,79,search,2025-01-16T09:04:00
125,79,view,2025-01-16T09:07:00
125,79,click,2025-01-16T09:08:00
125,77,view,2025-01-16T09:10:00
125,77,click,2025-01-16T09:12:00
125,114,search,2025-01-19T04:05:00
125,114,view,2025-01-19T04:07:00
125,114,click,2025-01-19T04:11:00
125,114,add_to_cart,2025-01-19T04:14:00
125,114,purchase,2025-01-19T04:16:00
125,117,view,2025-01-19T04:22:00
125,117,click,2025-01-19T04:25:00
125,117,add_to_cart,2025-01-19T04:27:00
125,117,remove_cart,2025-01-19T04:28:00
125,113,search,2025-01-20T03:39:00
125,113,view,2025-01-20T03:41:00
125,185,search,2025-01-21T00:33:00
125,185,view,2025-01-21T00:34:00
125,185,click,2025-01-21T00:38:00
125,185,add_to_cart,2025-01-21T00:39:00
125,185,remove_cart,2025-01-21T00:40:00
125,188,view,2025-01-21T00:42:00
125,188,add_to_cart,2025-01-21T00:46:00
125,188,remove_cart,2025-01-21T00:47:00
125,81,search,2025-01-22T01:44:00
125,81,view,2025-01-22T01:47:00
125,81,click,2025-01-22T01:50:00
125,83,view,2025-01-22T01:51:00
125,83,click,2025-01-22T01:54:00
125,83,add_to_cart,2025-01-22T01:57:00
125,83,purchase,2025-01-22T01:59:00
125,70,view,2025-01-22T02:11:00
125,70,click,2025-01-22T02:12:00
125,126,search,2025-01-23T06:27:00
125,126,view,2025-01-23T06:29:00
125,126,click,2025-01-23T06:32:00
125,114,review,2025-01-26T04:22:00
126,77,search,2025-01-08T09:32:00
126,77,view,2025-01-08T09:33:00
126,77,click,2025-01-08T09:34:00
126,74,view,2025-01-11T01:25:00
126,74,click,2025-01-11T01:28:00
126,77,view,2025-01-11T01:31:00
126,77,click,2025-01-11T01:34:00
126,77,add_to_cart,2025-01-11T01:36:00
126,77,purchase,2025-01-11T01:38:00
126,136,search,2025-01-14T01:54:00
126,136,view,2025-01-14T01:57:00
126,136,click,2025-01-14T02:01:00
126,81,view,2025-01-16T12:56:00
126,81,click,2025-01-16T13:00:00
126,87,view,2025-01-16T13:02:00
126,87,click,2025-01-16T13:04:00
126,85,view,2025-01-16T13:07:00
126,85,click,2025-01-16T13:09:00
126,85,add_to_cart,2025-01-16T13:10:00
126,85,purchase,2025-01-16T13:12:00
126,1,view,2025-01-17T05:06:00
126,21,view,2025-01-17T05:10:00
126,21,click,2025-01-17T05:13:00
126,21,add_to_cart,2025-01-17T05:16:00
126,21,purchase,2025-01-17T05:18:00
126,18,view,2025-01-17T05:23:00
126,18,click,2025-01-17T05:25:00
126,18,add_to_cart,2025-01-17T05:26:00
126,18,purchase,2025-01-17T05:27:00
126,69,search,2025-01-19T15:24:00
126,69,view,2025-01-19T15:26:00
126,69,click,2025-01-19T15:29:00
126,82,view,2025-01-19T15:30:00
126,82,add_to_cart,2025-01-19T15:33:00
126,82,purchase,2025-01-19T15:35:00
126,68,view,2025-01-19T15:42:00
126,68,click,2025-01-19T15:43:00
126,3,search,2025-01-21T18:57:00
126,3,view,2025-01-21T19:00:00
126,3,click,2025-01-21T19:01:00
126,16,view,2025-01-21T19:04:00
126,16,click,2025-01-21T19:07:00
126,16,add_to_cart,2025-01-21T19:10:00
126,16,purchase,2025-01-21T19:12:00
126,20,view,2025-01-21T19:22:00
126,20,click,2025-01-21T19:26:00
126,82,view,2025-01-22T10:48:00
126,82,click,2025-01-22T10:51:00
126,82,add_to_cart,2025-01-22T10:54:00
126,82,remove_cart,2025-01-22T10:56:00
126,70,view,2025-01-22T10:58:00
126,70,click,2025-01-22T11:00:00
126,70,add_to_cart,2025-01-22T11:01:00
126,70,purchase,2025-01-22T11:02:00
126,85,view,2025-01-22T11:13:00
126,85,click,2025-01-22T11:16:00
126,21,review,2025-01-26T05:23:00
126,82,review,2025-01-26T15:42:00
126,70,review,2025-01-29T11:13:00
126,18,review,2025-01-31T05:29:00
127,95,search,2025-01-08T03:50:00
127,95,view,2025-01-08T03:51:00
127,95,click,2025-01-08T03:55:00
127,93,search,2025-01-10T01:51:00
127,93,view,2025-01-10T01:52:00
127,93,click,2025-01-10T01:54:00
127,93,add_to_cart,2025-01-10T01:55:00
127,93,remove_cart,2025-01-10T01:56:00
127,176,search,2025-01-10T18:41:00
127,176,view,2025-01-10T18:43:00
127,176,click,2025-01-10T18:47:00
127,107,search,2025-01-13T17:39:00
127,107,view,2025-01-13T17:42:00
127,107,click,2025-01-13T17:46:00
127,107,add_to_cart,2025-01-13T17:49:00
127,107,remove_cart,2025-01-13T17:51:00
127,109,view,2025-01-13T17:53:00
127,109,click,2025-01-13T17:54:00
127,109,add_to_cart,2025-01-13T17:57:00
127,109,purchase,2025-01-13T17:59:00
127,105,view,2025-01-13T18:11:00
127,105,click,2025-01-13T18:12:00
127,105,add_to_cart,2025-01-13T18:14:00
127,105,remove_cart,2025-01-13T18:15:00
127,76,search,2025-01-14T08:17:00
127,76,view,2025-01-14T08:18:00
127,76,click,2025-01-14T08:22:00
127,87,view,2025-01-14T08:24:00
127,87,click,2025-01-14T08:25:00
127,69,view,2025-01-14T08:27:00
127,69,click,2025-01-14T08:31:00
127,69,add_to_cart,2025-01-14T08:32:00
127,69,purchase,2025-01-14T08:33:00
127,109,review,2025-01-15T18:11:00
127,176,search,2025-01-17T06:26:00
127,176,view,2025-01-17T06:28:00
127,97,search,2025-01-17T19:22:00
127,97,view,2025-01-17T19:24:00
127,97,click,2025-01-17T19:25:00
127,97,add_to_cart,2025-01-17T19:28:00
127,97,remove_cart,2025-01-17T19:30:00
127,69,review,2025-01-19T08:45:00
128,127,search,2025-01-07T07:34:00
128,127,view,2025-01-07T07:37:00
128,127,click,2025-01-07T07:41:00
128,114,view,2025-01-07T07:44:00
128,114,click,2025-01-07T07:45:00
128,114,add_to_cart,2025-01-07T07:48:00
128,114,purchase,2025-01-07T07:49:00
128,68,search,2025-01-08T19:52:00
128,68,view,2025-01-08T19:53:00
128,68,click,2025-01-08T19:56:00
128,77,view,2025-01-08T19:57:00
128,77,click,2025-01-08T20:01:00
128,77,add_to_cart,2025-01-08T20:04:00
128,77,purchase,2025-01-08T20:05:00
128,66,view,2025-01-08T20:09:00
128,66,click,2025-01-08T20:12:00
128,166,view,2025-01-09T08:34:00
128,166,click,2025-01-09T08:35:00
128,166,add_to_cart,2025-01-09T08:38:00
128,166,purchase,2025-01-09T08:39:00
128,80,search,2025-01-11T04:17:00
128,80,view,2025-01-11T04:18:00
128,80,click,2025-01-11T04:20:00
128,127,view,2025-01-13T12:13:00
128,127,click,2025-01-13T12:15:00
128,79,search,2025-01-14T17:29:00
128,79,view,2025-01-14T17:32:00
128,79,click,2025-01-14T17:36:00
128,79,add_to_cart,2025-01-14T17:39:00
128,79,purchase,2025-01-14T17:40:00
128,70,search,2025-01-17T10:21:00
128,70,view,2025-01-17T10:23:00
128,70,click,2025-01-17T10:26:00
128,70,add_to_cart,2025-01-17T10:27:00
128,70,remove_cart,2025-01-17T10:28:00
128,69,view,2025-01-17T10:29:00
128,69,click,2025-01-17T10:31:00
128,128,search,2025-01-18T03:13:00
128,128,view,2025-01-18T03:16:00
128,128,click,2025-01-18T03:19:00
128,110,view,2025-01-18T03:20:00
128,110,click,2025-01-18T03:22:00
128,111,view,2025-01-18T03:24:00
128,166,review,2025-01-18T08:48:00
128,164,search,2025-01-18T18:33:00
128,164,view,2025-01-18T18:36:00
128,164,click,2025-01-18T18:38:00
128,162,view,2025-01-18T18:40:00
128,162,click,2025-01-18T18:42:00
128,162,add_to_cart,2025-01-18T18:44:00
128,162,remove_cart,2025-01-18T18:46:00
128,154,view,2025-01-18T18:47:00
128,154,click,2025-01-18T18:48:00
128,113,view,2025-01-20T19:14:00
128,113,click,2025-01-20T19:16:00
128,77,review,2025-01-20T20:09:00
129,199,view,2025-01-07T08:14:00
129,199,click,2025-01-07T08:18:00
129,199,add_to_cart,2025-01-07T08:21:00
129,199,remove_cart,2025-01-07T08:22:00
129,120,search,2025-01-07T20:53:00
129,120,view,2025-01-07T20:56:00
129,131,view,2025-01-07T20:57:00
129,131,click,2025-01-07T21:00:00
129,110,view,2025-01-07T21:02:00
129,110,click,2025-01-07T21:04:00
129,189,search,2025-01-09T20:41:00
129,189,view,2025-01-09T20:43:00
129,189,click,2025-01-09T20:46:00
129,189,add_to_cart,2025-01-09T20:48:00
129,189,purchase,2025-01-09T20:50:00
129,194,view,2025-01-09T20:58:00
129,191,search,2025-01-10T21:50:00
129,191,view,2025-01-10T21:53:00
129,191,click,2025-01-10T21:54:00
129,33,view,2025-01-11T19:19:00
129,33,click,2025-01-11T19:23:00
129,33,add_to_cart,2025-01-11T19:24:00
129,33,remove_cart,2025-01-11T19:26:00
129,24,view,2025-01-11T19:28:00
129,24,click,2025-01-11T19:32:00
129,24,add_to_cart,2025-01-11T19:33:00
129,24,purchase,2025-01-11T19:34:00
129,177,search,2025-01-13T11:04:00
129,177,view,2025-01-13T11:07:00
129,199,view,2025-01-13T11:09:00
129,24,review,2025-01-16T19:36:00
130,97,search,2025-01-06T15:03:00
130,97,view,2025-01-06T15:04:00
130,97,click,2025-01-06T15:08:00
130,100,view,2025-01-06T15:10:00
130,100,click,2025-01-06T15:14:00
130,100,add_to_cart,2025-01-06T15:17:00
130,100,purchase,2025-01-06T15:18:00
130,92,view,2025-01-06T15:26:00
130,92,click,2025-01-06T15:28:00
130,33,search,2025-01-07T06:00:00
130,33,view,2025-01-07T06:02:00
130,33,click,2025-01-07T06:03:00
130,33,add_to_cart,2025-01-07T06:06:00
130,33,remove_cart,2025-01-07T06:07:00
130,26,view,2025-01-07T06:08:00
130,26,click,2025-01-07T06:09:00
130,197,search,2025-01-08T16:03:00
130,197,view,2025-01-08T16:05:00
130,197,click,2025-01-08T16:09:00
130,197,add_to_cart,2025-01-08T16:12:00
130,197,purchase,2025-01-08T16:13:00
130,176,view,2025-01-08T16:24:00
130,176,click,2025-01-08T16:27:00
130,180,view,2025-01-08T16:29:00
130,180,click,2025-01-08T16:30:00
130,28,search,2025-01-10T09:28:00
130,28,view,2025-01-10T09:31:00
130,28,add_to_cart,2025-01-10T09:34:00
130,28,purchase,2025-01-10T09:35:00
130,28,review,2025-01-12T09:37:00
130,197,review,2025-01-12T16:24:00
130,93,search,2025-01-13T08:33:00
130,93,view,2025-01-13T08:36:00
130,93,click,2025-01-13T08:39:00
130,93,add_to_cart,2025-01-13T08:42:00
130,93,purchase,2025-01-13T08:44:00
130,27,search,2025-01-15T02:31:00
130,27,view,2025-01-15T02:33:00
130,27,click,2025-01-15T02:36:00
130,100,review,2025-01-16T15:26:00
130,176,view,2025-01-16T15:55:00
130,93,review,2025-01-21T08:53:00
131,9,view,2025-01-12T07:08:00
131,9,click,2025-01-12T07:10:00
131,68,search,2025-01-14T05:32:00
131,68,view,2025-01-14T05:33:00
131,68,add_to_cart,2025-01-14T05:35:00
131,68,purchase,2025-01-14T05:36:00
131,22,search,2025-01-15T14:52:00
131,22,view,2025-01-15T14:54:00
131,22,click,2025-01-15T14:55:00
131,19,view,2025-01-15T14:57:00
131,19,click,2025-01-15T14:58:00
131,112,search,2025-01-17T13:24:00
131,112,view,2025-01-17T13:26:00
131,112,click,2025-01-17T13:29:00
131,74,view,2025-01-19T23:28:00
131,74,click,2025-01-19T23:30:00
131,74,add_to_cart,2025-01-19T23:32:00
131,74,purchase,2025-01-19T23:34:00
131,87,view,2025-01-19T23:36:00
131,87,click,2025-01-19T23:40:00
131,87,add_to_cart,2025-01-19T23:41:00
131,87,remove_cart,2025-01-19T23:42:00
131,70,view,2025-01-19T23:44:00
131,70,click,2025-01-19T23:45:00
131,70,search,2025-01-20T23:04:00
131,70,view,2025-01-20T23:07:00
131,70,click,2025-01-20T23:10:00
131,78,view,2025-01-20T23:11:00
131,78,click,2025-01-20T23:13:00
131,78,add_to_cart,2025-01-20T23:14:00
131,78,remove_cart,2025-01-20T23:15:00
131,130,search,2025-01-23T21:13:00
131,130,view,2025-01-23T21:16:00
131,130,click,2025-01-23T21:17:00
131,123,search,2025-01-25T00:18:00
131,123,view,2025-01-25T00:19:00
131,123,click,2025-01-25T00:20:00
131,123,add_to_cart,2025-01-25T00:22:00
131,123,purchase,2025-01-25T00:23:00
131,126,view,2025-01-25T00:25:00
131,118,view,2025-01-25T00:28:00
131,118,click,2025-01-25T00:32:00
131,68,review,2025-01-27T05:43:00
131,120,search,2025-01-27T19:46:00
131,120,view,2025-01-27T19:49:00
131,120,click,2025-01-27T19:53:00
131,120,add_to_cart,2025-01-27T19:55:00
131,120,purchase,2025-01-27T19:56:00
131,128,view,2025-01-27T20:00:00
131,128,click,2025-01-27T20:02:00
131,74,review,2025-01-27T23:36:00
131,15,search,2025-01-30T04:42:00
131,15,view,2025-01-30T04:44:00
131,15,click,2025-01-30T04:45:00
131,1,view,2025-01-30T04:47:00
131,1,click,2025-01-30T04:49:00
131,1,add_to_cart,2025-01-30T04:52:00
131,1,purchase,2025-01-30T04:53:00
131,123,review,2025-02-05T00:25:00
131,1,review,2025-02-12T04:57:00
132,61,search,2025-01-13T07:23:00
132,61,view,2025-01-13T07:25:00
132,61,click,2025-01-13T07:26:00
132,61,add_to_cart,2025-01-13T07:29:00
132,61,purchase,2025-01-13T07:31:00
132,58,view,2025-01-13T07:41:00
132,58,click,2025-01-13T07:44:00
132,43,view,2025-01-13T07:46:00
132,43,click,2025-01-13T07:50:00
132,43,add_to_cart,2025-01-13T07:53:00
132,43,purchase,2025-01-13T07:54:00
132,42,search,2025-01-15T07:25:00
132,42,view,2025-01-15T07:26:00
132,29,view,2025-01-15T07:30:00
132,29,click,2025-01-15T07:33:00
132,25,view,2025-01-15T07:35:00
132,25,add_to_cart,2025-01-15T07:36:00
132,25,remove_cart,2025-01-15T07:38:00
132,49,search,2025-01-17T05:47:00
132,49,view,2025-01-17T05:48:00
132,49,click,2025-01-17T05:50:00
132,49,add_to_cart,2025-01-17T05:51:00
132,49,purchase,2025-01-17T05:52:00
132,62,view,2025-01-17T06:01:00
132,62,click,2025-01-17T06:03:00
132,52,view,2025-01-17T06:06:00
132,52,click,2025-01-17T06:07:00
132,198,search,2025-01-17T18:52:00
132,198,view,2025-01-17T18:55:00
132,198,click,2025-01-17T18:56:00
132,198,add_to_cart,2025-01-17T18:59:00
132,198,purchase,2025-01-17T19:00:00
132,57,search,2025-01-20T14:03:00
132,57,view,2025-01-20T14:04:00
132,57,click,2025-01-20T14:06:00
132,57,add_to_cart,2025-01-20T14:07:00
132,57,purchase,2025-01-20T14:08:00
132,58,view,2025-01-20T14:16:00
132,58,click,2025-01-20T14:20:00
132,58,add_to_cart,2025-01-20T14:21:00
132,58,purchase,2025-01-20T14:22:00
132,54,view,2025-01-20T14:33:00
132,54,click,2025-01-20T14:37:00
132,54,add_to_cart,2025-01-20T14:39:00
132,54,purchase,2025-01-20T14:40:00
132,198,review,2025-01-20T19:04:00
132,196,search,2025-01-21T13:23:00
132,196,view,2025-01-21T13:26:00
132,196,click,2025-01-21T13:27:00
132,57,review,2025-01-21T14:16:00
132,54,review,2025-01-22T14:45:00
132,61,review,2025-01-23T07:41:00
132,61,search,2025-01-24T01:02:00
132,61,view,2025-01-24T01:03:00
132,61,click,2025-01-24T01:06:00
132,42,search,2025-01-25T13:34:00
132,42,view,2025-01-25T13:37:00
132,42,click,2025-01-25T13:38:00
132,23,search,2025-01-26T05:02:00
132,23,view,2025-01-26T05:04:00
132,23,click,2025-01-26T05:08:00
132,39,view,2025-01-26T05:10:00
132,39,click,2025-01-26T05:11:00
132,39,add_to_cart,2025-01-26T05:14:00
132,39,remove_cart,2025-01-26T05:15:00
132,24,view,2025-01-28T06:35:00
132,24,click,2025-01-28T06:38:00
132,24,add_to_cart,2025-01-28T06:39:00
132,24,purchase,2025-01-28T06:41:00
132,32,view,2025-01-28T06:46:00
132,32,click,2025-01-28T06:48:00
132,32,add_to_cart,2025-01-28T06:51:00
132,32,purchase,2025-01-28T06:52:00
132,58,review,2025-02-03T14:33:00
132,32,review,2025-02-05T07:03:00
133,69,search,2025-01-04T09:09:00
133,69,view,2025-01-04T09:11:00
133,68,view,2025-01-04T09:13:00
133,68,click,2025-01-04T09:16:00
133,68,add_to_cart,2025-01-04T09:17:00
133,68,purchase,2025-01-04T09:18:00
133,151,search,2025-01-05T07:07:00
133,151,view,2025-01-05T07:09:00
133,151,click,2025-01-05T07:10:00
133,135,view,2025-01-05T07:13:00
133,135,click,2025-01-05T07:16:00
133,135,add_to_cart,2025-01-05T07:19:00
133,135,purchase,2025-01-05T07:20:00
133,145,view,2025-01-05T07:26:00
133,50,search,2025-01-08T08:20:00
133,50,view,2025-01-08T08:23:00
133,50,click,2025-01-08T08:25:00
133,51,view,2025-01-08T08:28:00
133,51,click,2025-01-08T08:32:00
133,49,view,2025-01-08T08:34:00
133,49,click,2025-01-08T08:37:00
133,61,view,2025-01-10T04:00:00
133,61,click,2025-01-10T04:04:00
133,64,view,2025-01-10T04:07:00
133,64,click,2025-01-10T04:10:00
133,64,add_to_cart,2025-01-10T04:13:00
133,64,purchase,2025-01-10T04:14:00
133,51,view,2025-01-10T04:19:00
133,51,add_to_cart,2025-01-10T04:23:00
133,51,purchase,2025-01-10T04:25:00
133,56,search,2025-01-11T06:33:00
133,56,view,2025-01-11T06:34:00
133,56,click,2025-01-11T06:36:00
133,56,add_to_cart,2025-01-11T06:38:00
133,56,purchase,2025-01-11T06:39:00
133,45,search,2025-01-13T19:15:00
133,45,view,2025-01-13T19:17:00
133,45,click,2025-01-13T19:20:00
133,45,add_to_cart,2025-01-13T19:22:00
133,45,remove_cart,2025-01-13T19:24:00
133,53,view,2025-01-13T19:25:00
133,53,click,2025-01-13T19:26:00
133,53,add_to_cart,2025-01-13T19:28:00
133,53,purchase,2025-01-13T19:30:00
133,48,view,2025-01-13T19:41:00
133,48,click,2025-01-13T19:44:00
133,64,search,2025-01-15T00:26:00
133,64,view,2025-01-15T00:27:00
133,64,click,2025-01-15T00:29:00
133,76,view,2025-01-16T02:15:00
133,76,click,2025-01-16T02:19:00
133,75,view,2025-01-16T02:20:00
133,75,click,2025-01-16T02:24:00
133,86,view,2025-01-17T22:00:00
133,86,click,2025-01-17T22:02:00
133,86,add_to_cart,2025-01-17T22:03:00
133,86,remove_cart,2025-01-17T22:05:00
133,87,view,2025-01-17T22:07:00
133,87,click,2025-01-17T22:10:00
133,69,view,2025-01-17T22:12:00
133,69,click,2025-01-17T22:15:00
133,69,add_to_cart,2025-01-17T22:16:00
133,69,purchase,2025-01-17T22:18:00
133,64,review,2025-01-20T04:19:00
134,196,search,2025-01-09T14:52:00
134,196,view,2025-01-09T14:55:00
134,196,click,2025-01-09T14:59:00
134,168,search,2025-01-11T15:29:00
134,168,view,2025-01-11T15:31:00
134,168,click,2025-01-11T15:35:00
134,168,add_to_cart,2025-01-11T15:37:00
134,168,purchase,2025-01-11T15:39:00
134,158,view,2025-01-11T15:51:00
134,158,click,2025-01-11T15:54:00
134,165,search,2025-01-13T00:37:00
134,165,view,2025-01-13T00:38:00
134,165,click,2025-01-13T00:39:00
134,199,search,2025-01-13T20:44:00
134,199,view,2025-01-13T20:46:00
134,199,click,2025-01-13T20:50:00
134,199,add_to_cart,2025-01-13T20:51:00
134,199,purchase,2025-01-13T20:52:00
134,200,view,2025-01-16T19:10:00
134,200,click,2025-01-16T19:11:00
134,160,search,2025-01-18T07:51:00
134,160,view,2025-01-18T07:54:00
134,160,click,2025-01-18T07:56:00
134,160,add_to_cart,2025-01-18T07:58:00
134,160,purchase,2025-01-18T07:59:00
134,183,search,2025-01-19T04:49:00
134,183,view,2025-01-19T04:52:00
134,183,click,2025-01-19T04:55:00
134,187,view,2025-01-19T04:58:00
134,187,click,2025-01-19T05:00:00
135,129,view,2025-01-09T03:23:00
135,129,click,2025-01-09T03:25:00
135,129,add_to_cart,2025-01-09T03:26:00
135,129,purchase,2025-01-09T03:28:00
135,115,view,2025-01-09T03:38:00
135,115,click,2025-01-09T03:42:00
135,110,view,2025-01-09T03:43:00
135,110,click,2025-01-09T03:47:00
135,110,add_to_cart,2025-01-09T03:48:00
135,110,purchase,2025-01-09T03:50:00
135,166,search,2025-01-09T17:59:00
135,166,view,2025-01-09T18:00:00
135,166,click,2025-01-09T18:02:00
135,129,review,2025-01-10T03:38:00
135,127,search,2025-01-12T01:39:00
135,127,view,2025-01-12T01:40:00
135,118,view,2025-01-14T20:57:00
135,118,click,2025-01-14T21:01:00
135,127,view,2025-01-14T21:03:00
135,127,click,2025-01-14T21:05:00
135,159,search,2025-01-17T19:51:00
135,159,view,2025-01-17T19:54:00
135,159,click,2025-01-17T19:55:00
135,159,add_to_cart,2025-01-17T19:57:00
135,159,purchase,2025-01-17T19:58:00
135,131,view,2025-01-20T03:50:00
135,131,click,2025-01-20T03:52:00
135,131,add_to_cart,2025-01-20T03:54:00
135,131,remove_cart,2025-01-20T03:56:00
135,174,search,2025-01-23T01:22:00
135,174,view,2025-01-23T01:25:00
135,174,add_to_cart,2025-01-23T01:29:00
135,174,purchase,2025-01-23T01:30:00
135,155,view,2025-01-23T01:36:00
135,155,click,2025-01-23T01:40:00
135,155,add_to_cart,2025-01-23T01:41:00
135,155,remove_cart,2025-01-23T01:43:00
135,174,review,2025-02-05T01:36:00
136,28,search,2025-01-03T17:03:00
136,28,view,2025-01-03T17:05:00
136,28,click,2025-01-03T17:09:00
136,35,view,2025-01-03T17:12:00
136,35,click,2025-01-03T17:15:00
136,121,search,2025-01-05T01:33:00
136,121,view,2025-01-05T01:34:00
136,121,click,2025-01-05T01:35:00
136,112,view,2025-01-07T02:26:00
136,112,click,2025-01-07T02:29:00
136,112,add_to_cart,2025-01-07T02:31:00
136,112,purchase,2025-01-07T02:32:00
136,33,view,2025-01-08T22:02:00
136,33,click,2025-01-08T22:03:00
136,37,view,2025-01-08T22:04:00
136,37,click,2025-01-08T22:05:00
136,40,view,2025-01-08T22:07:00
136,40,click,2025-01-08T22:08:00
136,25,search,2025-01-09T14:23:00
136,25,view,2025-01-09T14:26:00
136,27,view,2025-01-09T14:30:00
136,27,click,2025-01-09T14:34:00
136,32,view,2025-01-09T14:37:00
136,32,click,2025-01-09T14:38:00
136,36,search,2025-01-11T10:38:00
136,36,view,2025-01-11T10:39:00
136,36,click,2025-01-11T10:41:00
136,36,add_to_cart,2025-01-11T10:44:00
136,36,purchase,2025-01-11T10:45:00
137,174,view,2025-01-10T02:13:00
137,174,click,2025-01-10T02:16:00
137,174,add_to_cart,2025-01-10T02:19:00
137,174,purchase,2025-01-10T02:21:00
137,128,search,2025-01-11T01:40:00
137,128,view,2025-01-11T01:41:00
137,128,click,2025-01-11T01:43:00
137,128,add_to_cart,2025-01-11T01:44:00
137,128,purchase,2025-01-11T01:45:00
137,130,view,2025-01-11T01:54:00
137,120,view,2025-01-11T01:57:00
137,120,click,2025-01-11T02:01:00
137,110,view,2025-01-11T22:29:00
137,110,click,2025-01-11T22:33:00
137,166,search,2025-01-13T23:03:00
137,166,view,2025-01-13T23:05:00
137,166,click,2025-01-13T23:06:00
137,166,add_to_cart,2025-01-13T23:07:00
137,166,purchase,2025-01-13T23:09:00
137,163,view,2025-01-13T23:11:00
137,163,click,2025-01-13T23:12:00
137,163,add_to_cart,2025-01-13T23:13:00
137,163,purchase,2025-01-13T23:14:00
137,172,view,2025-01-16T02:27:00
137,172,click,2025-01-16T02:31:00
137,167,view,2025-01-16T02:34:00
137,167,click,2025-01-16T02:37:00
137,167,add_to_cart,2025-01-16T02:40:00
137,167,remove_cart,2025-01-16T02:42:00
137,110,search,2025-01-17T14:06:00
137,110,view,2025-01-17T14:09:00
137,110,click,2025-01-17T14:11:00
137,110,add_to_cart,2025-01-17T14:14:00
137,110,remove_cart,2025-01-17T14:16:00
137,115,view,2025-01-17T14:17:00
137,115,click,2025-01-17T14:20:00
137,120,search,2025-01-19T01:22:00
137,120,view,2025-01-19T01:25:00
137,120,click,2025-01-19T01:29:00
137,129,view,2025-01-19T01:31:00
137,129,click,2025-01-19T01:34:00
137,122,view,2025-01-19T01:36:00
137,122,click,2025-01-19T01:37:00
137,174,review,2025-01-19T02:26:00
137,166,review,2025-01-19T23:11:00
137,173,search,2025-01-21T14:17:00
137,173,view,2025-01-21T14:20:00
137,173,click,2025-01-21T14:23:00
137,173,add_to_cart,2025-01-21T14:25:00
137,173,purchase,2025-01-21T14:27:00
137,172,view,2025-01-21T14:33:00
137,172,click,2025-01-21T14:35:00
137,161,view,2025-01-21T14:36:00
137,161,click,2025-01-21T14:40:00
137,197,search,2025-01-24T04:39:00
137,197,view,2025-01-24T04:41:00
137,197,click,2025-01-24T04:42:00
137,193,view,2025-01-24T04:43:00
137,193,click,2025-01-24T04:47:00
137,193,add_to_cart,2025-01-24T04:50:00
137,193,purchase,2025-01-24T04:52:00
137,196,view,2025-01-24T05:01:00
137,196,click,2025-01-24T05:04:00
137,173,review,2025-02-03T14:33:00
137,193,review,2025-02-07T05:01:00
138,133,search,2025-01-07T11:00:00
138,133,view,2025-01-07T11:02:00
138,133,click,2025-01-07T11:06:00
138,151,search,2025-01-08T03:00:00
138,151,view,2025-01-08T03:03:00
138,151,click,2025-01-08T03:06:00
138,151,add_to_cart,2025-01-08T03:07:00
138,151,purchase,2025-01-08T03:09:00
138,139,view,2025-01-08T03:17:00
138,139,click,2025-01-08T03:21:00
138,139,add_to_cart,2025-01-08T03:24:00
138,139,purchase,2025-01-08T03:26:00
138,150,view,2025-01-08T03:36:00
138,143,search,2025-01-09T10:49:00
138,143,view,2025-01-09T10:51:00
138,143,click,2025-01-09T10:55:00
138,143,add_to_cart,2025-01-09T10:56:00
138,143,remove_cart,2025-01-09T10:58:00
138,149,view,2025-01-09T10:59:00
138,149,add_to_cart,2025-01-09T11:02:00
138,149,remove_cart,2025-01-09T11:04:00
138,138,search,2025-01-10T18:34:00
138,138,view,2025-01-10T18:36:00
138,138,click,2025-01-10T18:40:00
138,138,add_to_cart,2025-01-10T18:41:00
138,138,purchase,2025-01-10T18:42:00
138,64,search,2025-01-13T11:54:00
138,64,view,2025-01-13T11:57:00
138,64,click,2025-01-13T12:00:00
138,55,view,2025-01-13T12:01:00
138,55,click,2025-01-13T12:04:00
138,60,view,2025-01-13T12:07:00
138,58,search,2025-01-14T04:38:00
138,58,view,2025-01-14T04:39:00
138,58,click,2025-01-14T04:42:00
138,58,add_to_cart,2025-01-14T04:44:00
138,58,purchase,2025-01-14T04:45:00
138,57,view,2025-01-14T04:52:00
138,57,click,2025-01-14T04:54:00
138,52,view,2025-01-14T04:57:00
138,52,click,2025-01-14T05:00:00
138,52,add_to_cart,2025-01-14T05:02:00
138,52,purchase,2025-01-14T05:04:00
138,62,search,2025-01-16T19:22:00
138,62,view,2025-01-16T19:23:00
138,62,click,2025-01-16T19:25:00
138,52,review,2025-01-17T05:08:00
138,132,search,2025-01-17T21:29:00
138,132,view,2025-01-17T21:31:00
138,132,click,2025-01-17T21:35:00
138,145,search,2025-01-20T21:28:00
138,145,view,2025-01-20T21:30:00
138,145,click,2025-01-20T21:32:00
138,146,view,2025-01-20T21:35:00
138,146,click,2025-01-20T21:38:00
138,146,add_to_cart,2025-01-20T21:41:00
138,146,purchase,2025-01-20T21:43:00
138,143,view,2025-01-20T21:48:00
138,143,click,2025-01-20T21:50:00
138,117,search,2025-01-21T11:06:00
138,117,view,2025-01-21T11:07:00
138,117,click,2025-01-21T11:08:00
138,138,review,2025-01-22T18:53:00
138,146,review,2025-01-23T21:48:00
139,5,search,2025-01-11T19:23:00
139,5,view,2025-01-11T19:26:00
139,5,add_to_cart,2025-01-11T19:30:00
139,5,purchase,2025-01-11T19:32:00
139,10,view,2025-01-11T19:35:00
139,10,click,2025-01-11T19:39:00
139,2,view,2025-01-11T19:42:00
139,2,click,2025-01-11T19:45:00
139,74,search,2025-01-12T11:12:00
139,74,view,2025-01-12T11:15:00
139,74,click,2025-01-12T11:17:00
139,74,add_to_cart,2025-01-12T11:19:00
139,74,purchase,2025-01-12T11:21:00
139,74,review,2025-01-14T11:28:00
139,11,view,2025-01-14T13:30:00
139,11,click,2025-01-14T13:33:00
139,11,add_to_cart,2025-01-14T13:36:00
139,11,purchase,2025-01-14T13:38:00
139,29,view,2025-01-16T06:18:00
139,29,click,2025-01-16T06:19:00
139,29,add_to_cart,2025-01-16T06:20:00
139,29,purchase,2025-01-16T06:21:00
139,12,search,2025-01-18T14:59:00
139,12,view,2025-01-18T15:02:00
139,12,click,2025-01-18T15:03:00
139,10,view,2025-01-21T06:44:00
139,10,click,2025-01-21T06:46:00
139,2,view,2025-01-21T06:49:00
139,2,click,2025-01-21T06:52:00
139,81,search,2025-01-22T01:04:00
139,81,view,2025-01-22T01:06:00
139,81,click,2025-01-22T01:10:00
139,81,add_to_cart,2025-01-22T01:11:00
139,81,remove_cart,2025-01-22T01:13:00
139,29,review,2025-01-25T06:24:00
140,100,search,2025-01-05T03:20:00
140,100,view,2025-01-05T03:22:00
140,100,click,2025-01-05T03:26:00
140,23,search,2025-01-06T03:45:00
140,23,view,2025-01-06T03:47:00
140,23,click,2025-01-06T03:48:00
140,40,view,2025-01-06T03:51:00
140,40,click,2025-01-06T03:54:00
140,40,add_to_cart,2025-01-06T03:56:00
140,40,remove_cart,2025-01-06T03:57:00
140,29,view,2025-01-06T03:59:00
140,29,click,2025-01-06T04:03:00
140,29,add_to_cart,2025-01-06T04:06:00
140,29,remove_cart,2025-01-06T04:08:00
140,107,search,2025-01-07T17:37:00
140,107,view,2025-01-07T17:38:00
140,93,view,2025-01-07T17:40:00
140,93,click,2025-01-07T17:43:00
140,93,add_to_cart,2025-01-07T17:45:00
140,93,purchase,2025-01-07T17:47:00
140,23,view,2025-01-09T07:56:00
140,23,click,2025-01-09T07:59:00
140,130,search,2025-01-10T19:36:00
140,130,view,2025-01-10T19:37:00
140,130,click,2025-01-10T19:39:00
140,130,add_to_cart,2025-01-10T19:40:00
140,130,remove_cart,2025-01-10T19:42:00
140,33,search,2025-01-12T08:57:00
140,33,view,2025-01-12T08:59:00
140,33,click,2025-01-12T09:01:00
140,41,view,2025-01-12T09:02:00
140,41,click,2025-01-12T09:05:00
140,41,add_to_cart,2025-01-12T09:06:00
140,41,remove_cart,2025-01-12T09:08:00
140,93,review,2025-01-13T17:51:00
141,7,search,2025-01-09T12:46:00
141,7,view,2025-01-09T12:49:00
141,7,click,2025-01-09T12:50:00
141,181,view,2025-01-10T06:04:00
141,181,add_to_cart,2025-01-10T06:05:00
141,181,purchase,2025-01-10T06:06:00
141,178,view,2025-01-10T06:12:00
141,178,click,2025-01-10T06:15:00
141,196,view,2025-01-10T06:17:00
141,196,add_to_cart,2025-01-10T06:21:00
141,196,remove_cart,2025-01-10T06:22:00
141,118,search,2025-01-12T04:26:00
141,118,view,2025-01-12T04:28:00
141,118,click,2025-01-12T04:30:00
141,118,add_to_cart,2025-01-12T04:33:00
141,118,remove_cart,2025-01-12T04:35:00
141,127,view,2025-01-12T04:37:00
141,127,click,2025-01-12T04:41:00
141,127,add_to_cart,2025-01-12T04:43:00
141,127,purchase,2025-01-12T04:45:00
141,181,review,2025-01-12T06:12:00
141,10,search,2025-01-14T07:20:00
141,10,view,2025-01-14T07:21:00
141,10,click,2025-01-14T07:24:00
141,4,view,2025-01-14T07:25:00
141,4,click,2025-01-14T07:29:00
141,4,add_to_cart,2025-01-14T07:30:00
141,4,remove_cart,2025-01-14T07:31:00
141,181,search,2025-01-15T12:06:00
141,181,view,2025-01-15T12:07:00
141,181,click,2025-01-15T12:10:00
141,195,view,2025-01-15T12:13:00
141,195,click,2025-01-15T12:14:00
141,195,add_to_cart,2025-01-15T12:17:00
141,195,purchase,2025-01-15T12:19:00
141,17,search,2025-01-16T11:02:00
141,17,view,2025-01-16T11:03:00
141,17,click,2025-01-16T11:04:00
141,17,add_to_cart,2025-01-16T11:06:00
141,17,purchase,2025-01-16T11:07:00
141,4,view,2025-01-16T11:11:00
141,4,click,2025-01-16T11:12:00
141,21,view,2025-01-16T11:13:00
141,21,click,2025-01-16T11:16:00
141,21,add_to_cart,2025-01-16T11:18:00
141,21,remove_cart,2025-01-16T11:19:00
141,9,search,2025-01-17T15:16:00
141,9,view,2025-01-17T15:17:00
141,195,search,2025-01-19T22:07:00
141,195,view,2025-01-19T22:10:00
141,195,click,2025-01-19T22:11:00
141,181,view,2025-01-19T22:13:00
141,181,click,2025-01-19T22:17:00
141,181,view,2025-01-22T16:54:00
141,7,search,2025-01-25T14:43:00
141,7,view,2025-01-25T14:45:00
141,16,view,2025-01-25T14:46:00
141,16,click,2025-01-25T14:50:00
141,16,add_to_cart,2025-01-25T14:52:00
141,16,purchase,2025-01-25T14:54:00
141,14,view,2025-01-25T14:57:00
141,14,click,2025-01-25T14:59:00
141,16,review,2025-01-27T14:57:00
142,83,search,2025-01-09T05:57:00
142,83,view,2025-01-09T06:00:00
142,83,click,2025-01-09T06:01:00
142,82,view,2025-01-09T06:03:00
142,82,click,2025-01-09T06:04:00
142,73,view,2025-01-09T06:06:00
142,73,click,2025-01-09T06:07:00
142,128,view,2025-01-09T18:49:00
142,115,view,2025-01-09T18:50:00
142,115,click,2025-01-09T18:52:00
142,115,add_to_cart,2025-01-09T18:55:00
142,115,purchase,2025-01-09T18:57:00
142,121,search,2025-01-11T20:26:00
142,121,view,2025-01-11T20:29:00
142,121,click,2025-01-11T20:31:00
142,121,add_to_cart,2025-01-11T20:33:00
142,121,remove_cart,2025-01-11T20:35:00
142,114,search,2025-01-14T05:28:00
142,114,view,2025-01-14T05:30:00
142,114,click,2025-01-14T05:32:00
142,122,view,2025-01-14T05:34:00
142,122,click,2025-01-14T05:35:00
142,122,add_to_cart,2025-01-14T05:37:00
142,122,purchase,2025-01-14T05:38:00
142,121,view,2025-01-14T05:43:00
142,121,click,2025-01-14T05:47:00
142,114,search,2025-01-17T01:26:00
142,114,view,2025-01-17T01:28:00
142,114,click,2025-01-17T01:32:00
142,114,add_to_cart,2025-01-17T01:35:00
142,114,remove_cart,2025-01-17T01:37:00
142,128,view,2025-01-17T01:39:00
142,128,click,2025-01-17T01:43:00
142,128,add_to_cart,2025-01-17T01:46:00
142,128,purchase,2025-01-17T01:48:00
142,195,search,2025-01-18T15:17:00
142,195,view,2025-01-18T15:20:00
142,195,click,2025-01-18T15:22:00
142,194,view,2025-01-18T15:25:00
142,194,click,2025-01-18T15:26:00
142,194,add_to_cart,2025-01-18T15:27:00
142,194,purchase,2025-01-18T15:29:00
142,185,view,2025-01-18T15:41:00
142,185,add_to_cart,2025-01-18T15:42:00
142,185,purchase,2025-01-18T15:43:00
142,115,review,2025-01-18T19:00:00
142,86,search,2025-01-21T11:50:00
142,86,view,2025-01-21T11:51:00
142,86,click,2025-01-21T11:52:00
142,86,add_to_cart,2025-01-21T11:53:00
142,86,purchase,2025-01-21T11:54:00
142,82,view,2025-01-21T11:56:00
142,82,click,2025-01-21T11:57:00
142,82,add_to_cart,2025-01-21T12:00:00
142,82,purchase,2025-01-21T12:02:00
142,78,view,2025-01-21T12:05:00
142,78,click,2025-01-21T12:06:00
142,194,review,2025-01-25T15:41:00
142,128,review,2025-01-26T02:00:00
142,86,review,2025-01-26T11:56:00
142,185,review,2025-01-28T15:50:00
143,60,search,2025-01-08T13:47:00
143,60,view,2025-01-08T13:50:00
143,60,click,2025-01-08T13:51:00
143,50,view,2025-01-08T13:53:00
143,50,click,2025-01-08T13:55:00
143,62,view,2025-01-08T13:57:00
143,62,click,2025-01-08T13:58:00
143,62,add_to_cart,2025-01-08T13:59:00
143,62,purchase,2025-01-08T14:01:00
143,63,view,2025-01-09T04:11:00
143,63,click,2025-01-09T04:14:00
143,49,view,2025-01-09T04:15:00
143,49,click,2025-01-09T04:17:00
143,15,view,2025-01-09T19:52:00
143,15,click,2025-01-09T19:53:00
143,19,view,2025-01-09T19:56:00
143,86,search,2025-01-12T08:13:00
143,86,view,2025-01-12T08:16:00
143,86,click,2025-01-12T08:17:00
143,5,search,2025-01-14T10:21:00
143,5,view,2025-01-14T10:23:00
143,20,view,2025-01-14T10:26:00
143,20,click,2025-01-14T10:30:00
143,20,add_to_cart,2025-01-14T10:32:00
143,20,purchase,2025-01-14T10:33:00
143,56,search,2025-01-15T19:36:00
143,56,view,2025-01-15T19:37:00
143,56,add_to_cart,2025-01-15T19:39:00
143,56,purchase,2025-01-15T19:40:00
143,58,view,2025-01-15T19:45:00
143,58,click,2025-01-15T19:48:00
143,58,add_to_cart,2025-01-15T19:49:00
143,58,purchase,2025-01-15T19:51:00
143,47,view,2025-01-15T19:59:00
143,47,click,2025-01-15T20:02:00
143,62,review,2025-01-18T14:13:00
143,4,view,2025-01-18T14:55:00
143,4,click,2025-01-18T14:57:00
143,76,search,2025-01-19T16:05:00
143,76,view,2025-01-19T16:08:00
143,76,click,2025-01-19T16:09:00
143,76,add_to_cart,2025-01-19T16:10:00
143,76,purchase,2025-01-19T16:11:00
143,77,view,2025-01-19T16:14:00
143,77,click,2025-01-19T16:18:00
143,77,add_to_cart,2025-01-19T16:21:00
143,77,purchase,2025-01-19T16:23:00
143,20,review,2025-01-20T10:37:00
143,58,review,2025-01-20T19:59:00
144,87,search,2025-01-06T08:10:00
144,87,view,2025-01-06T08:13:00
144,87,click,2025-01-06T08:16:00
144,87,add_to_cart,2025-01-06T08:18:00
144,87,remove_cart,2025-01-06T08:20:00
144,76,view,2025-01-06T08:21:00
144,76,click,2025-01-06T08:24:00
144,76,add_to_cart,2025-01-06T08:27:00
144,76,remove_cart,2025-01-06T08:28:00
144,83,view,2025-01-06T08:29:00
144,83,click,2025-01-06T08:30:00
144,83,add_to_cart,2025-01-06T08:33:00
144,83,purchase,2025-01-06T08:35:00
144,72,view,2025-01-07T16:09:00
144,72,click,2025-01-07T16:12:00
144,72,add_to_cart,2025-01-07T16:14:00
144,72,purchase,2025-01-07T16:16:00
144,77,view,2025-01-07T16:27:00
144,77,click,2025-01-07T16:30:00
144,77,add_to_cart,2025-01-07T16:33:00
144,77,remove_cart,2025-01-07T16:35:00
144,70,view,2025-01-07T16:36:00
144,70,click,2025-01-07T16:38:00
144,70,add_to_cart,2025-01-07T16:41:00
144,70,purchase,2025-01-07T16:42:00
144,192,search,2025-01-09T08:44:00
144,192,view,2025-01-09T08:46:00
144,192,click,2025-01-09T08:48:00
144,192,add_to_cart,2025-01-09T08:51:00
144,192,purchase,2025-01-09T08:52:00
144,195,view,2025-01-09T09:01:00
144,195,click,2025-01-09T09:05:00
144,195,add_to_cart,2025-01-09T09:08:00
144,195,remove_cart,2025-01-09T09:09:00
144,181,view,2025-01-09T09:11:00
144,181,click,2025-01-09T09:15:00
144,181,add_to_cart,2025-01-09T09:18:00
144,181,purchase,2025-01-09T09:20:00
144,91,view,2025-01-11T06:05:00
144,91,click,2025-01-11T06:08:00
144,91,add_to_cart,2025-01-11T06:10:00
144,91,purchase,2025-01-11T06:12:00
144,72,review,2025-01-12T16:27:00
144,78,search,2025-01-13T21:46:00
144,78,view,2025-01-13T21:47:00
144,78,click,2025-01-13T21:50:00
144,78,add_to_cart,2025-01-13T21:52:00
144,78,purchase,2025-01-13T21:54:00
144,71,view,2025-01-13T22:06:00
144,71,add_to_cart,2025-01-13T22:09:00
144,71,purchase,2025-01-13T22:10:00
144,84,view,2025-01-13T22:13:00
144,84,click,2025-01-13T22:16:00
144,84,add_to_cart,2025-01-13T22:19:00
144,84,purchase,2025-01-13T22:20:00
144,192,review,2025-01-14T09:01:00
144,198,search,2025-01-14T16:06:00
144,198,view,2025-01-14T16:09:00
144,198,add_to_cart,2025-01-14T16:12:00
144,198,purchase,2025-01-14T16:14:00
144,87,search,2025-01-16T17:47:00
144,87,view,2025-01-16T17:50:00
144,87,click,2025-01-16T17:53:00
144,87,add_to_cart,2025-01-16T17:55:00
144,87,purchase,2025-01-16T17:57:00
144,85,view,2025-01-16T18:01:00
144,85,click,2025-01-16T18:02:00
144,85,add_to_cart,2025-01-16T18:03:00
144,85,purchase,2025-01-16T18:04:00
144,80,view,2025-01-16T18:15:00
144,80,click,2025-01-16T18:16:00
144,195,view,2025-01-18T11:18:00
144,195,add_to_cart,2025-01-18T11:21:00
144,195,purchase,2025-01-18T11:23:00
144,190,view,2025-01-18T11:29:00
144,190,click,2025-01-18T11:31:00
144,178,view,2025-01-18T11:32:00
144,178,add_to_cart,2025-01-18T11:36:00
144,178,purchase,2025-01-18T11:37:00
144,91,review,2025-01-19T06:21:00
144,101,search,2025-01-19T07:38:00
144,101,view,2025-01-19T07:39:00
144,101,click,2025-01-19T07:43:00
144,101,add_to_cart,2025-01-19T07:44:00
144,101,purchase,2025-01-19T07:46:00
144,105,view,2025-01-19T07:48:00
144,105,click,2025-01-19T07:50:00
144,83,review,2025-01-19T08:41:00
144,186,search,2025-01-21T07:47:00
144,186,view,2025-01-21T07:49:00
144,186,click,2025-01-21T07:51:00
144,186,add_to_cart,2025-01-21T07:53:00
144,186,purchase,2025-01-21T07:55:00
144,180,view,2025-01-21T08:05:00
144,180,add_to_cart,2025-01-21T08:09:00
144,180,remove_cart,2025-01-21T08:11:00
144,71,review,2025-01-23T22:13:00
144,85,review,2025-01-25T18:15:00
144,178,review,2025-01-27T11:49:00
145,176,search,2025-01-08T14:54:00
145,176,view,2025-01-08T14:57:00
145,176,click,2025-01-08T15:01:00
145,30,search,2025-01-11T01:31:00
145,30,view,2025-01-11T01:32:00
145,30,click,2025-01-11T01:35:00
145,177,search,2025-01-12T07:56:00
145,177,view,2025-01-12T07:57:00
145,177,click,2025-01-12T08:00:00
145,177,add_to_cart,2025-01-12T08:02:00
145,177,purchase,2025-01-12T08:03:00
145,37,search,2025-01-13T01:26:00
145,37,view,2025-01-13T01:29:00
145,37,click,2025-01-13T01:33:00
145,37,add_to_cart,2025-01-13T01:34:00
145,37,purchase,2025-01-13T01:35:00
145,34,search,2025-01-15T06:05:00
145,34,view,2025-01-15T06:06:00
145,34,click,2025-01-15T06:07:00
145,16,view,2025-01-16T16:31:00
145,16,click,2025-01-16T16:32:00
145,16,add_to_cart,2025-01-16T16:34:00
145,16,purchase,2025-01-16T16:35:00
145,19,view,2025-01-16T16:45:00
145,19,click,2025-01-16T16:49:00
145,19,add_to_cart,2025-01-16T16:51:00
145,19,purchase,2025-01-16T16:52:00
145,6,view,2025-01-16T17:00:00
145,6,click,2025-01-16T17:04:00
145,39,view,2025-01-17T10:30:00
145,39,click,2025-01-17T10:33:00
145,37,review,2025-01-19T01:47:00
145,177,review,2025-01-19T08:13:00
146,7,search,2025-01-10T18:52:00
146,7,view,2025-01-10T18:54:00
146,7,click,2025-01-10T18:58:00
146,11,view,2025-01-10T18:59:00
146,11,click,2025-01-10T19:00:00
146,18,view,2025-01-10T19:03:00
146,18,click,2025-01-10T19:04:00
146,18,add_to_cart,2025-01-10T19:05:00
146,18,purchase,2025-01-10T19:06:00
146,162,search,2025-01-12T23:27:00
146,162,view,2025-01-12T23:29:00
146,162,click,2025-01-12T23:30:00
146,162,add_to_cart,2025-01-12T23:33:00
146,162,purchase,2025-01-12T23:35:00
146,167,search,2025-01-14T19:02:00
146,167,view,2025-01-14T19:05:00
146,167,click,2025-01-14T19:06:00
146,17,view,2025-01-17T14:27:00
146,17,click,2025-01-17T14:30:00
146,17,add_to_cart,2025-01-17T14:33:00
146,17,purchase,2025-01-17T14:35:00
146,15,view,2025-01-17T14:44:00
146,15,click,2025-01-17T14:45:00
146,15,add_to_cart,2025-01-17T14:46:00
146,15,purchase,2025-01-17T14:48:00
146,9,view,2025-01-17T14:58:00
146,9,click,2025-01-17T14:59:00
146,32,search,2025-01-20T15:14:00
146,32,view,2025-01-20T15:17:00
146,32,click,2025-01-20T15:18:00
146,12,search,2025-01-23T01:33:00
146,12,view,2025-01-23T01:35:00
146,12,click,2025-01-23T01:39:00
146,12,add_to_cart,2025-01-23T01:41:00
146,12,purchase,2025-01-23T01:42:00
146,17,view,2025-01-23T01:53:00
146,17,click,2025-01-23T01:56:00
146,8,view,2025-01-23T01:59:00
146,8,click,2025-01-23T02:00:00
146,8,add_to_cart,2025-01-23T02:01:00
146,8,purchase,2025-01-23T02:03:00
146,18,review,2025-01-24T19:11:00
146,17,review,2025-01-25T14:44:00
146,21,view,2025-01-25T20:17:00
146,165,view,2025-01-26T08:36:00
146,165,click,2025-01-26T08:37:00
146,168,view,2025-01-26T08:40:00
146,168,click,2025-01-26T08:43:00
146,168,add_to_cart,2025-01-26T08:44:00
146,168,purchase,2025-01-26T08:46:00
146,158,view,2025-01-26T08:51:00
146,158,click,2025-01-26T08:52:00
146,21,search,2025-01-29T08:03:00
146,21,view,2025-01-29T08:05:00
146,21,click,2025-01-29T08:09:00
147,116,search,2025-01-06T10:23:00
147,116,view,2025-01-06T10:25:00
147,116,click,2025-01-06T10:28:00
147,116,add_to_cart,2025-01-06T10:29:00
147,116,purchase,2025-01-06T10:31:00
147,115,view,2025-01-06T10:43:00
147,115,click,2025-01-06T10:45:00
147,111,search,2025-01-07T11:05:00
147,111,view,2025-01-07T11:07:00
147,111,click,2025-01-07T11:08:00
147,111,add_to_cart,2025-01-07T11:09:00
147,111,remove_cart,2025-01-07T11:10:00
147,63,search,2025-01-10T11:11:00
147,63,view,2025-01-10T11:12:00
147,63,click,2025-01-10T11:13:00
147,63,add_to_cart,2025-01-10T11:14:00
147,63,purchase,2025-01-10T11:16:00
147,48,view,2025-01-10T11:19:00
147,48,click,2025-01-10T11:21:00
147,44,view,2025-01-10T11:24:00
147,44,click,2025-01-10T11:25:00
147,157,search,2025-01-12T06:42:00
147,157,view,2025-01-12T06:45:00
147,157,click,2025-01-12T06:46:00
147,157,add_to_cart,2025-01-12T06:48:00
147,157,remove_cart,2025-01-12T06:50:00
147,115,search,2025-01-13T01:04:00
147,115,view,2025-01-13T01:06:00
147,115,click,2025-01-13T01:07:00
147,112,view,2025-01-13T01:09:00
147,112,click,2025-01-13T01:13:00
147,112,add_to_cart,2025-01-13T01:14:00
147,112,purchase,2025-01-13T01:16:00
147,157,view,2025-01-13T23:57:00
147,157,click,2025-01-13T23:58:00
147,172,view,2025-01-13T23:59:00
147,172,click,2025-01-14T00:02:00
147,163,view,2025-01-15T06:57:00
147,163,click,2025-01-15T06:59:00
147,163,add_to_cart,2025-01-15T07:00:00
147,163,remove_cart,2025-01-15T07:02:00
147,172,search,2025-01-16T12:52:00
147,172,view,2025-01-16T12:55:00
147,172,click,2025-01-16T12:56:00
148,175,search,2025-01-06T07:26:00
148,175,view,2025-01-06T07:28:00
148,175,click,2025-01-06T07:31:00
148,168,search,2025-01-08T18:07:00
148,168,view,2025-01-08T18:10:00
148,168,click,2025-01-08T18:12:00
148,173,view,2025-01-08T18:14:00
148,173,click,2025-01-08T18:17:00
148,173,add_to_cart,2025-01-08T18:19:00
148,173,remove_cart,2025-01-08T18:20:00
148,163,view,2025-01-08T18:21:00
148,163,click,2025-01-08T18:22:00
148,167,search,2025-01-10T17:21:00
148,167,view,2025-01-10T17:24:00
148,167,click,2025-01-10T17:27:00
148,193,view,2025-01-13T08:26:00
148,193,click,2025-01-13T08:30:00
148,193,add_to_cart,2025-01-13T08:32:00
148,193,purchase,2025-01-13T08:33:00
148,189,view,2025-01-13T08:43:00
148,189,click,2025-01-13T08:47:00
148,193,search,2025-01-14T04:26:00
148,193,view,2025-01-14T04:28:00
148,193,click,2025-01-14T04:30:00
148,193,add_to_cart,2025-01-14T04:32:00
148,193,purchase,2025-01-14T04:34:00
148,178,view,2025-01-14T04:44:00
148,178,click,2025-01-14T04:46:00
148,194,view,2025-01-14T04:49:00
148,194,click,2025-01-14T04:51:00
148,194,add_to_cart,2025-01-14T04:52:00
148,194,purchase,2025-01-14T04:54:00
148,194,review,2025-01-15T05:00:00
148,26,view,2025-01-15T07:36:00
148,26,click,2025-01-15T07:40:00
148,26,add_to_cart,2025-01-15T07:42:00
148,26,remove_cart,2025-01-15T07:43:00
148,169,search,2025-01-18T02:44:00
148,169,view,2025-01-18T02:46:00
148,175,view,2025-01-18T02:47:00
148,175,click,2025-01-18T02:48:00
148,158,view,2025-01-18T02:49:00
148,158,click,2025-01-18T02:53:00
148,193,review,2025-01-18T08:43:00
148,183,search,2025-01-18T22:34:00
148,183,view,2025-01-18T22:37:00
148,183,click,2025-01-18T22:38:00
148,183,add_to_cart,2025-01-18T22:39:00
148,183,remove_cart,2025-01-18T22:40:00
148,194,view,2025-01-18T22:41:00
148,194,click,2025-01-18T22:45:00
148,175,view,2025-01-20T18:00:00
148,175,click,2025-01-20T18:04:00
148,175,add_to_cart,2025-01-20T18:07:00
148,175,purchase,2025-01-20T18:08:00
148,167,search,2025-01-22T06:30:00
148,167,view,2025-01-22T06:31:00
148,167,click,2025-01-22T06:34:00
148,167,add_to_cart,2025-01-22T06:35:00
148,167,purchase,2025-01-22T06:36:00
148,169,view,2025-01-22T06:41:00
148,162,view,2025-01-22T06:42:00
148,162,click,2025-01-22T06:43:00
148,175,review,2025-02-03T18:15:00
149,47,search,2025-01-07T16:40:00
149,47,view,2025-01-07T16:43:00
149,47,click,2025-01-07T16:44:00
149,47,add_to_cart,2025-01-07T16:45:00
149,47,purchase,2025-01-07T16:46:00
149,43,view,2025-01-07T16:54:00
149,106,search,2025-01-10T12:23:00
149,106,view,2025-01-10T12:24:00
149,106,click,2025-01-10T12:25:00
149,106,add_to_cart,2025-01-10T12:28:00
149,106,purchase,2025-01-10T12:29:00
149,96,view,2025-01-10T12:39:00
149,62,view,2025-01-11T00:50:00
149,62,click,2025-01-11T00:54:00
149,62,add_to_cart,2025-01-11T00:57:00
149,62,purchase,2025-01-11T00:58:00
149,52,view,2025-01-11T01:05:00
149,52,click,2025-01-11T01:09:00
149,47,review,2025-01-13T16:54:00
149,119,search,2025-01-14T02:10:00
149,119,view,2025-01-14T02:12:00
149,119,click,2025-01-14T02:13:00
149,119,add_to_cart,2025-01-14T02:14:00
149,119,purchase,2025-01-14T02:15:00
149,115,view,2025-01-14T02:25:00
149,115,click,2025-01-14T02:28:00
149,115,search,2025-01-15T13:05:00
149,115,view,2025-01-15T13:08:00
149,115,click,2025-01-15T13:12:00
149,115,add_to_cart,2025-01-15T13:13:00
149,115,remove_cart,2025-01-15T13:14:00
149,130,view,2025-01-15T13:16:00
149,130,click,2025-01-15T13:20:00
149,130,add_to_cart,2025-01-15T13:21:00
149,130,purchase,2025-01-15T13:22:00
149,120,view,2025-01-15T13:31:00
149,120,click,2025-01-15T13:33:00
149,45,search,2025-01-16T06:42:00
149,45,view,2025-01-16T06:44:00
149,45,click,2025-01-16T06:47:00
149,45,add_to_cart,2025-01-16T06:50:00
149,45,remove_cart,2025-01-16T06:52:00
149,54,view,2025-01-16T06:54:00
149,54,click,2025-01-16T06:57:00
149,130,review,2025-01-17T13:31:00
149,93,view,2025-01-17T21:12:00
149,93,click,2025-01-17T21:15:00
149,93,add_to_cart,2025-01-17T21:16:00
149,93,purchase,2025-01-17T21:17:00
149,92,view,2025-01-17T21:19:00
149,92,add_to_cart,2025-01-17T21:21:00
149,92,purchase,2025-01-17T21:22:00
149,102,view,2025-01-17T21:29:00
149,102,click,2025-01-17T21:33:00
149,93,review,2025-01-29T21:19:00
150,115,search,2025-01-02T21:32:00
150,115,view,2025-01-02T21:34:00
150,122,view,2025-01-02T21:38:00
150,124,view,2025-01-02T21:42:00
150,145,view,2025-01-04T14:17:00
150,145,click,2025-01-04T14:20:00
150,149,view,2025-01-04T14:22:00
150,149,click,2025-01-04T14:23:00
150,149,add_to_cart,2025-01-04T14:26:00
150,149,purchase,2025-01-04T14:27:00
150,148,view,2025-01-06T08:48:00
150,148,click,2025-01-06T08:50:00
150,150,view,2025-01-06T08:52:00
150,150,click,2025-01-06T08:55:00
150,150,add_to_cart,2025-01-06T08:58:00
150,150,purchase,2025-01-06T09:00:00
150,149,review,2025-01-06T14:29:00
150,140,search,2025-01-08T20:51:00
150,140,view,2025-01-08T20:53:00
150,140,click,2025-01-08T20:56:00
150,140,add_to_cart,2025-01-08T20:57:00
150,140,purchase,2025-01-08T20:59:00
150,151,view,2025-01-08T21:05:00
150,151,click,2025-01-08T21:06:00
150,138,search,2025-01-10T20:12:00
150,138,view,2025-01-10T20:14:00
150,138,click,2025-01-10T20:16:00
150,138,add_to_cart,2025-01-10T20:19:00
150,138,remove_cart,2025-01-10T20:21:00
150,149,view,2025-01-10T20:23:00
150,149,click,2025-01-10T20:25:00
150,150,review,2025-01-12T09:03:00
150,149,search,2025-01-12T09:53:00
150,149,view,2025-01-12T09:54:00
150,149,click,2025-01-12T09:57:00
150,132,view,2025-01-12T09:58:00
150,132,click,2025-01-12T10:00:00
150,132,add_to_cart,2025-01-12T10:02:00
150,132,remove_cart,2025-01-12T10:04:00
150,46,search,2025-01-14T19:30:00
150,46,view,2025-01-14T19:33:00
150,46,click,2025-01-14T19:37:00
151,29,search,2025-01-02T16:38:00
151,29,view,2025-01-02T16:41:00
151,29,click,2025-01-02T16:42:00
151,29,add_to_cart,2025-01-02T16:44:00
151,29,remove_cart,2025-01-02T16:45:00
151,26,search,2025-01-05T05:31:00
151,26,view,2025-01-05T05:32:00
151,26,click,2025-01-05T05:36:00
151,26,add_to_cart,2025-01-05T05:39:00
151,26,purchase,2025-01-05T05:40:00
151,42,search,2025-01-07T16:20:00
151,42,view,2025-01-07T16:23:00
151,42,click,2025-01-07T16:26:00
151,24,view,2025-01-07T16:29:00
151,3,search,2025-01-08T18:00:00
151,3,view,2025-01-08T18:02:00
151,3,click,2025-01-08T18:04:00
151,39,search,2025-01-11T05:05:00
151,39,view,2025-01-11T05:07:00
151,39,click,2025-01-11T05:08:00
151,39,add_to_cart,2025-01-11T05:10:00
151,39,remove_cart,2025-01-11T05:12:00
151,37,view,2025-01-11T05:13:00
151,37,click,2025-01-11T05:14:00
151,42,view,2025-01-11T05:16:00
151,42,click,2025-01-11T05:18:00
151,13,search,2025-01-13T01:08:00
151,13,view,2025-01-13T01:09:00
151,13,click,2025-01-13T01:13:00
151,13,add_to_cart,2025-01-13T01:14:00
151,13,purchase,2025-01-13T01:16:00
151,9,view,2025-01-13T01:19:00
151,9,click,2025-01-13T01:20:00
151,16,view,2025-01-13T01:22:00
151,16,click,2025-01-13T01:25:00
151,1,search,2025-01-14T00:08:00
151,1,view,2025-01-14T00:10:00
151,1,click,2025-01-14T00:12:00
151,1,add_to_cart,2025-01-14T00:13:00
151,1,purchase,2025-01-14T00:15:00
152,100,search,2025-01-04T11:29:00
152,100,view,2025-01-04T11:32:00
152,100,click,2025-01-04T11:36:00
152,105,view,2025-01-04T11:38:00
152,105,click,2025-01-04T11:41:00
152,99,view,2025-01-04T11:44:00
152,99,click,2025-01-04T11:46:00
152,33,search,2025-01-05T03:35:00
152,33,view,2025-01-05T03:37:00
152,33,click,2025-01-05T03:40:00
152,33,add_to_cart,2025-01-05T03:42:00
152,33,purchase,2025-01-05T03:44:00
152,33,review,2025-01-06T03:49:00
152,96,search,2025-01-07T22:02:00
152,96,view,2025-01-07T22:05:00
152,96,click,2025-01-07T22:06:00
152,93,view,2025-01-07T22:07:00
152,93,click,2025-01-07T22:10:00
152,97,view,2025-01-07T22:12:00
152,97,click,2025-01-07T22:14:00
152,107,search,2025-01-10T14:16:00
152,107,view,2025-01-10T14:17:00
152,107,click,2025-01-10T14:18:00
152,90,view,2025-01-10T14:20:00
152,90,click,2025-01-10T14:24:00
152,100,view,2025-01-11T17:08:00
152,100,click,2025-01-11T17:11:00
152,100,add_to_cart,2025-01-11T17:14:00
152,100,purchase,2025-01-11T17:15:00
152,97,view,2025-01-11T17:18:00
152,97,add_to_cart,2025-01-11T17:21:00
152,97,purchase,2025-01-11T17:22:00
152,95,view,2025-01-11T17:33:00
152,95,click,2025-01-11T17:34:00
152,135,view,2025-01-14T06:39:00
152,135,click,2025-01-14T06:43:00
152,135,add_to_cart,2025-01-14T06:44:00
152,135,purchase,2025-01-14T06:46:00
152,136,view,2025-01-14T06:55:00
152,136,click,2025-01-14T06:58:00
152,149,view,2025-01-14T07:00:00
152,149,click,2025-01-14T07:01:00
152,35,search,2025-01-15T13:54:00
152,35,view,2025-01-15T13:57:00
152,35,click,2025-01-15T14:00:00
152,23,view,2025-01-15T14:02:00
152,23,click,2025-01-15T14:06:00
152,23,add_to_cart,2025-01-15T14:08:00
152,23,remove_cart,2025-01-15T14:09:00
152,27,view,2025-01-15T14:10:00
152,27,click,2025-01-15T14:11:00
152,27,add_to_cart,2025-01-15T14:13:00
152,27,purchase,2025-01-15T14:15:00
152,24,search,2025-01-16T08:58:00
152,24,view,2025-01-16T08:59:00
152,24,click,2025-01-16T09:00:00
152,24,add_to_cart,2025-01-16T09:02:00
152,24,purchase,2025-01-16T09:03:00
152,29,view,2025-01-16T09:13:00
152,29,click,2025-01-16T09:17:00
152,29,add_to_cart,2025-01-16T09:19:00
152,29,purchase,2025-01-16T09:20:00
152,146,search,2025-01-17T09:03:00
152,146,view,2025-01-17T09:05:00
152,146,click,2025-01-17T09:06:00
152,146,add_to_cart,2025-01-17T09:08:00
152,146,purchase,2025-01-17T09:09:00
152,135,review,2025-01-20T06:55:00
152,27,review,2025-01-26T14:27:00
153,171,search,2025-01-13T10:25:00
153,171,view,2025-01-13T10:28:00
153,171,click,2025-01-13T10:30:00
153,171,add_to_cart,2025-01-13T10:31:00
153,171,purchase,2025-01-13T10:33:00
153,154,search,2025-01-16T09:41:00
153,154,view,2025-01-16T09:43:00
153,154,click,2025-01-16T09:45:00
153,154,add_to_cart,2025-01-16T09:48:00
153,154,purchase,2025-01-16T09:50:00
153,162,view,2025-01-16T09:56:00
153,162,click,2025-01-16T09:57:00
153,170,view,2025-01-16T10:00:00
153,170,click,2025-01-16T10:04:00
153,168,search,2025-01-18T23:06:00
153,168,view,2025-01-18T23:09:00
153,168,click,2025-01-18T23:12:00
153,167,view,2025-01-18T23:13:00
153,167,click,2025-01-18T23:17:00
153,167,add_to_cart,2025-01-18T23:19:00
153,167,purchase,2025-01-18T23:20:00
153,162,view,2025-01-18T23:23:00
153,162,click,2025-01-18T23:24:00
153,162,add_to_cart,2025-01-18T23:27:00
153,162,purchase,2025-01-18T23:28:00
153,49,search,2025-01-19T15:21:00
153,49,view,2025-01-19T15:24:00
153,49,click,2025-01-19T15:26:00
153,48,view,2025-01-19T15:27:00
153,48,click,2025-01-19T15:31:00
153,157,view,2025-01-20T13:37:00
153,157,click,2025-01-20T13:39:00
153,157,add_to_cart,2025-01-20T13:42:00
153,157,purchase,2025-01-20T13:44:00
153,169,view,2025-01-20T13:54:00
153,169,click,2025-01-20T13:56:00
153,167,view,2025-01-20T13:57:00
153,167,add_to_cart,2025-01-20T14:01:00
153,167,remove_cart,2025-01-20T14:02:00
153,19,view,2025-01-21T02:09:00
153,19,click,2025-01-21T02:12:00
153,19,add_to_cart,2025-01-21T02:14:00
153,19,remove_cart,2025-01-21T02:15:00
153,18,view,2025-01-21T02:16:00
153,18,click,2025-01-21T02:17:00
153,49,search,2025-01-23T23:07:00
153,49,view,2025-01-23T23:09:00
153,49,add_to_cart,2025-01-23T23:10:00
153,49,remove_cart,2025-01-23T23:11:00
153,57,view,2025-01-23T23:13:00
153,57,click,2025-01-23T23:17:00
153,57,add_to_cart,2025-01-23T23:19:00
153,57,purchase,2025-01-23T23:20:00
153,57,review,2025-01-28T23:29:00
153,154,review,2025-01-29T09:56:00
153,157,review,2025-01-29T13:54:00
154,161,view,2025-01-13T13:25:00
154,161,click,2025-01-13T13:28:00
154,172,view,2025-01-13T13:29:00
154,172,click,2025-01-13T13:32:00
154,172,add_to_cart,2025-01-13T13:35:00
154,172,remove_cart,2025-01-13T13:36:00
154,155,view,2025-01-13T13:37:00
154,155,click,2025-01-13T13:41:00
154,155,add_to_cart,2025-01-13T13:42:00
154,155,purchase,2025-01-13T13:43:00
154,155,review,2025-01-14T13:48:00
154,145,search,2025-01-16T07:15:00
154,145,view,2025-01-16T07:17:00
154,145,click,2025-01-16T07:21:00
154,133,view,2025-01-16T07:22:00
154,133,click,2025-01-16T07:24:00
154,133,add_to_cart,2025-01-16T07:26:00
154,133,purchase,2025-01-16T07:27:00
154,136,view,2025-01-16T07:33:00
154,136,click,2025-01-16T07:36:00
154,136,add_to_cart,2025-01-16T07:39:00
154,136,purchase,2025-01-16T07:41:00
154,132,search,2025-01-16T22:17:00
154,132,view,2025-01-16T22:20:00
154,132,click,2025-01-16T22:21:00
154,137,view,2025-01-16T22:22:00
154,137,click,2025-01-16T22:24:00
154,151,search,2025-01-17T12:42:00
154,151,view,2025-01-17T12:45:00
154,151,click,2025-01-17T12:46:00
154,139,search,2025-01-18T13:58:00
154,139,view,2025-01-18T13:59:00
154,139,click,2025-01-18T14:01:00
154,139,add_to_cart,2025-01-18T14:02:00
154,139,purchase,2025-01-18T14:04:00
154,139,review,2025-01-19T14:11:00
154,161,search,2025-01-20T00:01:00
154,161,view,2025-01-20T00:02:00
154,164,view,2025-01-20T00:04:00
154,164,click,2025-01-20T00:07:00
154,163,view,2025-01-20T00:08:00
154,163,click,2025-01-20T00:10:00
154,163,add_to_cart,2025-01-20T00:11:00
154,163,purchase,2025-01-20T00:12:00
154,171,search,2025-01-20T13:38:00
154,171,view,2025-01-20T13:41:00
154,171,click,2025-01-20T13:43:00
154,172,view,2025-01-21T05:13:00
154,172,click,2025-01-21T05:17:00
154,157,view,2025-01-22T02:35:00
154,157,click,2025-01-22T02:39:00
154,31,search,2025-01-22T19:39:00
154,31,view,2025-01-22T19:40:00
154,31,click,2025-01-22T19:43:00
154,31,add_to_cart,2025-01-22T19:46:00
154,31,purchase,2025-01-22T19:48:00
154,28,view,2025-01-22T19:51:00
154,28,click,2025-01-22T19:53:00
154,136,review,2025-01-24T07:43:00
155,31,search,2025-01-05T03:09:00
155,31,view,2025-01-05T03:12:00
155,31,click,2025-01-05T03:16:00
155,38,view,2025-01-05T03:17:00
155,38,click,2025-01-05T03:19:00
155,38,add_to_cart,2025-01-05T03:22:00
155,38,purchase,2025-01-05T03:24:00
155,64,search,2025-01-07T15:25:00
155,64,view,2025-01-07T15:27:00
155,64,add_to_cart,2025-01-07T15:30:00
155,64,remove_cart,2025-01-07T15:31:00
155,30,search,2025-01-09T01:32:00
155,30,view,2025-01-09T01:34:00
155,30,click,2025-01-09T01:36:00
155,30,add_to_cart,2025-01-09T01:37:00
155,30,purchase,2025-01-09T01:38:00
155,33,view,2025-01-09T01:50:00
155,33,click,2025-01-09T01:54:00
155,37,search,2025-01-10T13:41:00
155,37,view,2025-01-10T13:42:00
155,27,view,2025-01-10T13:44:00
155,27,click,2025-01-10T13:46:00
155,65,search,2025-01-13T03:55:00
155,65,view,2025-01-13T03:58:00
155,65,click,2025-01-13T03:59:00
155,60,view,2025-01-13T04:02:00
155,60,click,2025-01-13T04:03:00
155,60,add_to_cart,2025-01-13T04:06:00
155,60,purchase,2025-01-13T04:07:00
155,60,view,2025-01-13T22:34:00
155,60,click,2025-01-13T22:35:00
155,56,view,2025-01-13T22:37:00
155,56,add_to_cart,2025-01-13T22:40:00
155,56,purchase,2025-01-13T22:42:00
155,54,view,2025-01-13T22:49:00
155,54,click,2025-01-13T22:51:00
155,54,add_to_cart,2025-01-13T22:54:00
155,54,purchase,2025-01-13T22:56:00
155,38,review,2025-01-15T03:29:00
155,39,search,2025-01-15T04:30:00
155,39,view,2025-01-15T04:33:00
155,39,click,2025-01-15T04:35:00
155,54,search,2025-01-17T19:13:00
155,54,view,2025-01-17T19:16:00
155,54,click,2025-01-17T19:18:00
155,54,add_to_cart,2025-01-17T19:20:00
155,54,purchase,2025-01-17T19:21:00
155,45,view,2025-01-17T19:28:00
155,45,click,2025-01-17T19:32:00
155,45,add_to_cart,2025-01-17T19:34:00
155,45,remove_cart,2025-01-17T19:36:00
155,23,search,2025-01-20T09:48:00
155,23,view,2025-01-20T09:50:00
155,23,click,2025-01-20T09:51:00
155,23,add_to_cart,2025-01-20T09:54:00
155,23,purchase,2025-01-20T09:55:00
155,25,view,2025-01-20T10:06:00
155,25,click,2025-01-20T10:10:00
155,25,add_to_cart,2025-01-20T10:13:00
155,25,purchase,2025-01-20T10:14:00
155,28,view,2025-01-20T10:16:00
155,28,click,2025-01-20T10:19:00
155,54,review,2025-01-26T23:05:00
155,25,review,2025-02-03T10:16:00
156,152,search,2025-01-03T20:45:00
156,152,view,2025-01-03T20:46:00
156,152,click,2025-01-03T20:47:00
156,133,view,2025-01-03T20:48:00
156,133,click,2025-01-03T20:50:00
156,115,search,2025-01-05T04:44:00
156,115,view,2025-01-05T04:45:00
156,115,click,2025-01-05T04:47:00
156,148,search,2025-01-06T02:17:00
156,148,view,2025-01-06T02:18:00
156,148,click,2025-01-06T02:21:00
156,148,add_to_cart,2025-01-06T02:23:00
156,148,purchase,2025-01-06T02:25:00
156,119,search,2025-01-08T12:00:00
156,119,view,2025-01-08T12:02:00
156,119,click,2025-01-08T12:03:00
156,119,add_to_cart,2025-01-08T12:05:00
156,119,remove_cart,2025-01-08T12:06:00
156,116,view,2025-01-08T12:08:00
156,116,click,2025-01-08T12:09:00
156,113,search,2025-01-09T07:11:00
156,113,view,2025-01-09T07:14:00
156,113,click,2025-01-09T07:17:00
156,116,view,2025-01-09T07:18:00
156,116,click,2025-01-09T07:21:00
156,123,view,2025-01-09T07:22:00
156,123,click,2025-01-09T07:26:00
156,123,add_to_cart,2025-01-09T07:28:00
156,123,purchase,2025-01-09T07:29:00
156,38,view,2025-01-12T05:36:00
156,38,add_to_cart,2025-01-12T05:40:00
156,38,purchase,2025-01-12T05:42:00
156,36,view,2025-01-12T05:46:00
156,36,click,2025-01-12T05:47:00
156,148,review,2025-01-13T02:27:00
156,123,review,2025-01-16T07:38:00
157,146,search,2025-01-07T16:54:00
157,146,view,2025-01-07T16:57:00
157,146,click,2025-01-07T16:59:00
157,146,add_to_cart,2025-01-07T17:02:00
157,146,purchase,2025-01-07T17:03:00
157,132,view,2025-01-07T17:08:00
157,132,click,2025-01-07T17:11:00
157,132,add_to_cart,2025-01-07T17:13:00
157,132,purchase,2025-01-07T17:15:00
157,134,view,2025-01-07T17:22:00
157,134,click,2025-01-07T17:26:00
157,165,view,2025-01-10T12:46:00
157,165,click,2025-01-10T12:49:00
157,171,search,2025-01-11T03:08:00
157,171,view,2025-01-11T03:09:00
157,171,click,2025-01-11T03:11:00
157,172,view,2025-01-11T03:14:00
157,172,click,2025-01-11T03:15:00
157,146,review,2025-01-12T17:08:00
157,164,search,2025-01-13T14:33:00
157,164,view,2025-01-13T14:35:00
157,164,click,2025-01-13T14:38:00
157,174,view,2025-01-13T14:41:00
157,174,click,2025-01-13T14:42:00
157,169,view,2025-01-13T14:43:00
157,169,click,2025-01-13T14:44:00
157,169,add_to_cart,2025-01-13T14:46:00
157,169,purchase,2025-01-13T14:48:00
157,124,search,2025-01-15T11:58:00
157,124,view,2025-01-15T12:00:00
157,124,click,2025-01-15T12:02:00
157,169,review,2025-01-15T15:00:00
157,168,search,2025-01-18T08:30:00
157,168,view,2025-01-18T08:32:00
157,168,click,2025-01-18T08:36:00
157,174,view,2025-01-18T08:38:00
157,174,click,2025-01-18T08:42:00
157,174,add_to_cart,2025-01-18T08:43:00
157,174,purchase,2025-01-18T08:45:00
157,165,view,2025-01-18T08:48:00
157,165,add_to_cart,2025-01-18T08:49:00
157,165,purchase,2025-01-18T08:51:00
157,174,review,2025-02-01T08:48:00
158,15,view,2025-01-09T01:53:00
158,15,click,2025-01-09T01:57:00
158,15,add_to_cart,2025-01-09T01:58:00
158,15,remove_cart,2025-01-09T02:00:00
158,30,search,2025-01-12T00:28:00
158,30,view,2025-01-12T00:29:00
158,30,click,2025-01-12T00:31:00
158,37,view,2025-01-12T00:33:00
158,37,click,2025-01-12T00:35:00
158,31,view,2025-01-12T00:37:00
158,31,click,2025-01-12T00:38:00
158,31,add_to_cart,2025-01-12T00:39:00
158,31,purchase,2025-01-12T00:40:00
158,134,search,2025-01-12T14:38:00
158,134,view,2025-01-12T14:41:00
158,134,click,2025-01-12T14:45:00
158,151,view,2025-01-12T14:48:00
158,151,click,2025-01-12T14:49:00
158,28,view,2025-01-14T23:29:00
158,28,add_to_cart,2025-01-14T23:33:00
158,28,purchase,2025-01-14T23:35:00
158,39,view,2025-01-14T23:47:00
158,39,click,2025-01-14T23:50:00
158,28,review,2025-01-15T23:47:00
158,133,search,2025-01-17T05:45:00
158,133,view,2025-01-17T05:48:00
158,133,click,2025-01-17T05:49:00
158,140,view,2025-01-17T05:51:00
158,140,click,2025-01-17T05:55:00
158,140,add_to_cart,2025-01-17T05:57:00
158,140,purchase,2025-01-17T05:58:00
158,132,search,2025-01-20T06:57:00
158,132,view,2025-01-20T06:58:00
158,132,click,2025-01-20T06:59:00
158,147,view,2025-01-20T07:02:00
158,147,click,2025-01-20T07:04:00
158,147,add_to_cart,2025-01-20T07:07:00
158,147,purchase,2025-01-20T07:09:00
158,138,view,2025-01-20T07:14:00
158,138,click,2025-01-20T07:16:00
158,36,search,2025-01-21T05:43:00
158,36,view,2025-01-21T05:44:00
158,36,click,2025-01-21T05:45:00
158,32,view,2025-01-21T05:48:00
158,32,add_to_cart,2025-01-21T05:50:00
158,32,purchase,2025-01-21T05:51:00
158,31,view,2025-01-21T05:57:00
158,31,click,2025-01-21T05:58:00
158,146,search,2025-01-22T18:38:00
158,146,view,2025-01-22T18:41:00
158,146,click,2025-01-22T18:44:00
158,146,add_to_cart,2025-01-22T18:46:00
158,146,purchase,2025-01-22T18:48:00
158,132,view,2025-01-22T18:59:00
158,132,click,2025-01-22T19:01:00
158,146,review,2025-01-27T18:59:00
159,134,search,2025-01-02T16:26:00
159,134,view,2025-01-02T16:27:00
159,134,click,2025-01-02T16:31:00
159,134,add_to_cart,2025-01-02T16:34:00
159,134,purchase,2025-01-02T16:35:00
159,146,view,2025-01-02T16:42:00
159,146,click,2025-01-02T16:43:00
159,149,view,2025-01-02T16:46:00
159,88,view,2025-01-05T17:16:00
159,88,click,2025-01-05T17:17:00
159,94,view,2025-01-05T17:20:00
159,94,click,2025-01-05T17:24:00
159,94,add_to_cart,2025-01-05T17:25:00
159,94,remove_cart,2025-01-05T17:26:00
159,134,search,2025-01-07T06:36:00
159,134,view,2025-01-07T06:39:00
159,134,click,2025-01-07T06:43:00
159,146,view,2025-01-07T06:46:00
159,146,click,2025-01-07T06:49:00
159,146,add_to_cart,2025-01-07T06:52:00
159,146,purchase,2025-01-07T06:53:00
159,137,view,2025-01-07T06:55:00
159,137,add_to_cart,2025-01-07T06:58:00
159,137,purchase,2025-01-07T07:00:00
159,106,search,2025-01-08T02:49:00
159,106,view,2025-01-08T02:51:00
159,106,click,2025-01-08T02:52:00
159,106,add_to_cart,2025-01-08T02:54:00
159,106,remove_cart,2025-01-08T02:55:00
159,109,view,2025-01-08T02:56:00
159,109,click,2025-01-08T02:58:00
159,86,search,2025-01-10T15:50:00
159,86,view,2025-01-10T15:52:00
159,86,click,2025-01-10T15:54:00
159,86,add_to_cart,2025-01-10T15:56:00
159,86,purchase,2025-01-10T15:57:00
159,96,view,2025-01-13T00:00:00
159,96,click,2025-01-13T00:01:00
159,98,view,2025-01-13T00:02:00
159,98,click,2025-01-13T00:05:00
159,98,add_to_cart,2025-01-13T00:08:00
159,98,purchase,2025-01-13T00:09:00
159,104,view,2025-01-13T00:16:00
159,104,click,2025-01-13T00:17:00
159,73,view,2025-01-13T23:53:00
159,73,click,2025-01-13T23:57:00
159,73,add_to_cart,2025-01-14T00:00:00
159,73,purchase,2025-01-14T00:02:00
159,66,view,2025-01-14T00:11:00
159,66,click,2025-01-14T00:14:00
159,66,add_to_cart,2025-01-14T00:16:00
159,66,remove_cart,2025-01-14T00:18:00
159,146,review,2025-01-16T06:55:00
159,137,review,2025-01-16T07:03:00
159,86,review,2025-01-21T16:08:00
159,98,review,2025-01-23T00:16:00
159,73,review,2025-01-27T00:11:00
160,57,view,2025-01-08T23:01:00
160,57,click,2025-01-08T23:05:00
160,54,view,2025-01-08T23:07:00
160,54,click,2025-01-08T23:09:00
160,51,view,2025-01-08T23:12:00
160,51,click,2025-01-08T23:16:00
160,51,add_to_cart,2025-01-08T23:18:00
160,51,purchase,2025-01-08T23:20:00
160,67,search,2025-01-10T13:16:00
160,67,view,2025-01-10T13:19:00
160,67,click,2025-01-10T13:23:00
160,67,add_to_cart,2025-01-10T13:24:00
160,67,purchase,2025-01-10T13:26:00
160,78,view,2025-01-10T13:35:00
160,78,click,2025-01-10T13:37:00
160,82,search,2025-01-11T12:04:00
160,82,view,2025-01-11T12:05:00
160,82,click,2025-01-11T12:06:00
160,82,add_to_cart,2025-01-11T12:08:00
160,82,purchase,2025-01-11T12:10:00
160,78,view,2025-01-11T12:21:00
160,78,click,2025-01-11T12:23:00
160,78,add_to_cart,2025-01-11T12:25:00
160,78,purchase,2025-01-11T12:26:00
160,71,view,2025-01-11T12:37:00
160,71,click,2025-01-11T12:39:00
160,148,search,2025-01-13T05:21:00
160,148,view,2025-01-13T05:23:00
160,148,click,2025-01-13T05:24:00
160,148,add_to_cart,2025-01-13T05:25:00
160,148,remove_cart,2025-01-13T05:26:00
160,146,view,2025-01-13T05:28:00
160,146,click,2025-01-13T05:30:00
160,147,view,2025-01-13T05:31:00
160,78,search,2025-01-13T17:34:00
160,78,view,2025-01-13T17:35:00
160,78,click,2025-01-13T17:38:00
160,55,search,2025-01-16T11:20:00
160,55,view,2025-01-16T11:21:00
160,55,click,2025-01-16T11:24:00
160,55,add_to_cart,2025-01-16T11:27:00
160,55,purchase,2025-01-16T11:28:00
160,47,view,2025-01-16T11:39:00
160,47,click,2025-01-16T11:40:00
160,55,review,2025-01-21T11:39:00
161,111,search,2025-01-12T23:39:00
161,111,view,2025-01-12T23:42:00
161,111,click,2025-01-12T23:45:00
161,111,add_to_cart,2025-01-12T23:47:00
161,111,purchase,2025-01-12T23:48:00
161,24,search,2025-01-14T21:01:00
161,24,view,2025-01-14T21:02:00
161,24,click,2025-01-14T21:03:00
161,113,search,2025-01-16T21:02:00
161,113,view,2025-01-16T21:03:00
161,113,click,2025-01-16T21:04:00
161,113,add_to_cart,2025-01-16T21:06:00
161,113,purchase,2025-01-16T21:07:00
161,129,view,2025-01-16T21:10:00
161,129,click,2025-01-16T21:12:00
161,129,add_to_cart,2025-01-16T21:13:00
161,129,purchase,2025-01-16T21:15:00
161,118,view,2025-01-16T21:25:00
161,118,click,2025-01-16T21:29:00
161,23,view,2025-01-18T01:22:00
161,23,click,2025-01-18T01:26:00
161,23,add_to_cart,2025-01-18T01:29:00
161,23,purchase,2025-01-18T01:30:00
161,32,view,2025-01-18T01:42:00
161,32,add_to_cart,2025-01-18T01:45:00
161,32,purchase,2025-01-18T01:46:00
161,165,search,2025-01-19T04:21:00
161,165,view,2025-01-19T04:24:00
161,165,add_to_cart,2025-01-19T04:26:00
161,165,purchase,2025-01-19T04:28:00
161,155,view,2025-01-19T04:39:00
161,155,click,2025-01-19T04:40:00
161,155,search,2025-01-20T12:29:00
161,155,view,2025-01-20T12:31:00
161,155,click,2025-01-20T12:34:00
161,155,add_to_cart,2025-01-20T12:36:00
161,155,purchase,2025-01-20T12:37:00
161,160,view,2025-01-20T12:46:00
161,32,review,2025-01-21T01:55:00
161,113,review,2025-01-22T21:10:00
161,129,review,2025-01-22T21:25:00
161,110,search,2025-01-22T21:43:00
161,110,view,2025-01-22T21:45:00
161,110,click,2025-01-22T21:46:00
161,110,add_to_cart,2025-01-22T21:49:00
161,110,purchase,2025-01-22T21:51:00
161,111,review,2025-01-24T23:50:00
161,125,view,2025-01-25T06:16:00
161,165,search,2025-01-26T06:34:00
161,165,view,2025-01-26T06:35:00
161,165,click,2025-01-26T06:38:00
161,165,add_to_cart,2025-01-26T06:40:00
161,165,purchase,2025-01-26T06:41:00
161,166,view,2025-01-26T06:44:00
161,166,click,2025-01-26T06:48:00
161,155,review,2025-01-28T12:46:00
161,121,view,2025-01-28T12:58:00
161,121,click,2025-01-28T12:59:00
161,121,add_to_cart,2025-01-28T13:01:00
161,121,remove_cart,2025-01-28T13:03:00
161,117,view,2025-01-28T13:04:00
161,117,click,2025-01-28T13:05:00
161,129,view,2025-01-28T13:07:00
161,129,click,2025-01-28T13:08:00
161,23,review,2025-01-29T01:42:00
161,165,review,2025-02-09T06:44:00
162,72,search,2025-01-03T17:49:00
162,72,view,2025-01-03T17:52:00
162,72,click,2025-01-03T17:53:00
162,84,view,2025-01-03T17:55:00
162,84,click,2025-01-03T17:59:00
162,78,view,2025-01-03T18:01:00
162,78,click,2025-01-03T18:02:00
162,76,search,2025-01-05T20:49:00
162,76,view,2025-01-05T20:51:00
162,76,click,2025-01-05T20:54:00
162,71,view,2025-01-05T20:57:00
162,71,click,2025-01-05T20:59:00
162,67,search,2025-01-08T20:13:00
162,67,view,2025-01-08T20:15:00
162,67,click,2025-01-08T20:18:00
162,36,search,2025-01-10T15:21:00
162,36,view,2025-01-10T15:24:00
162,36,add_to_cart,2025-01-10T15:28:00
162,36,remove_cart,2025-01-10T15:29:00
162,42,view,2025-01-13T09:16:00
162,42,add_to_cart,2025-01-13T09:19:00
162,42,purchase,2025-01-13T09:20:00
162,25,view,2025-01-13T09:24:00
162,25,click,2025-01-13T09:28:00
162,40,view,2025-01-13T09:30:00
162,40,click,2025-01-13T09:33:00
162,40,add_to_cart,2025-01-13T09:35:00
162,40,remove_cart,2025-01-13T09:37:00
162,86,view,2025-01-14T16:07:00
162,86,click,2025-01-14T16:09:00
162,86,add_to_cart,2025-01-14T16:11:00
162,86,purchase,2025-01-14T16:13:00
162,78,view,2025-01-14T16:22:00
162,78,click,2025-01-14T16:25:00
162,67,view,2025-01-14T16:27:00
162,29,view,2025-01-15T09:56:00
162,29,click,2025-01-15T09:59:00
162,30,view,2025-01-16T15:26:00
162,30,click,2025-01-16T15:30:00
162,30,add_to_cart,2025-01-16T15:32:00
162,30,remove_cart,2025-01-16T15:34:00
162,41,view,2025-01-16T15:36:00
162,41,add_to_cart,2025-01-16T15:40:00
162,41,remove_cart,2025-01-16T15:41:00
162,83,search,2025-01-17T12:06:00
162,83,view,2025-01-17T12:09:00
162,83,click,2025-01-17T12:13:00
162,75,view,2025-01-17T12:15:00
162,75,click,2025-01-17T12:16:00
162,75,add_to_cart,2025-01-17T12:17:00
162,75,purchase,2025-01-17T12:18:00
162,66,view,2025-01-17T12:23:00
162,66,click,2025-01-17T12:26:00
162,75,review,2025-01-18T12:23:00
162,36,search,2025-01-18T18:22:00
162,36,view,2025-01-18T18:25:00
162,36,click,2025-01-18T18:26:00
162,86,review,2025-01-19T16:22:00
163,5,search,2025-01-11T09:08:00
163,5,view,2025-01-11T09:10:00
163,5,click,2025-01-11T09:13:00
163,61,search,2025-01-13T17:52:00
163,61,view,2025-01-13T17:53:00
163,61,add_to_cart,2025-01-13T17:55:00
163,61,remove_cart,2025-01-13T17:57:00
163,57,view,2025-01-13T17:59:00
163,53,search,2025-01-15T19:10:00
163,53,view,2025-01-15T19:12:00
163,53,click,2025-01-15T19:15:00
163,53,add_to_cart,2025-01-15T19:17:00
163,53,remove_cart,2025-01-15T19:18:00
163,51,view,2025-01-15T19:19:00
163,51,click,2025-01-15T19:20:00
163,51,add_to_cart,2025-01-15T19:23:00
163,51,purchase,2025-01-15T19:25:00
163,63,view,2025-01-15T19:31:00
163,63,click,2025-01-15T19:34:00
163,42,search,2025-01-18T10:19:00
163,42,view,2025-01-18T10:20:00
163,42,click,2025-01-18T10:24:00
163,42,add_to_cart,2025-01-18T10:25:00
163,42,purchase,2025-01-18T10:27:00
163,56,search,2025-01-21T03:40:00
163,56,view,2025-01-21T03:42:00
163,56,click,2025-01-21T03:43:00
163,56,add_to_cart,2025-01-21T03:45:00
163,56,purchase,2025-01-21T03:46:00
163,54,search,2025-01-23T00:17:00
163,54,view,2025-01-23T00:19:00
163,54,click,2025-01-23T00:21:00
163,54,add_to_cart,2025-01-23T00:22:00
163,54,purchase,2025-01-23T00:23:00
163,54,review,2025-01-24T00:26:00
163,57,search,2025-01-24T11:34:00
163,57,view,2025-01-24T11:36:00
163,57,click,2025-01-24T11:37:00
163,57,add_to_cart,2025-01-24T11:40:00
163,57,purchase,2025-01-24T11:42:00
163,61,view,2025-01-24T11:44:00
163,61,click,2025-01-24T11:47:00
163,61,add_to_cart,2025-01-24T11:49:00
163,61,purchase,2025-01-24T11:51:00
163,44,view,2025-01-24T12:00:00
163,44,click,2025-01-24T12:03:00
163,56,review,2025-01-25T03:54:00
164,84,search,2025-01-10T21:21:00
164,84,view,2025-01-10T21:22:00
164,84,click,2025-01-10T21:24:00
164,72,view,2025-01-10T21:26:00
164,72,click,2025-01-10T21:30:00
164,132,view,2025-01-12T14:36:00
164,143,view,2025-01-12T14:38:00
164,143,click,2025-01-12T14:42:00
164,153,view,2025-01-12T14:43:00
164,28,search,2025-01-14T17:08:00
164,28,view,2025-01-14T17:09:00
164,28,click,2025-01-14T17:11:00
164,42,view,2025-01-14T17:12:00
164,42,click,2025-01-14T17:16:00
164,42,add_to_cart,2025-01-14T17:19:00
164,42,purchase,2025-01-14T17:21:00
164,23,view,2025-01-14T17:23:00
164,23,click,2025-01-14T17:25:00
164,151,search,2025-01-16T22:37:00
164,151,view,2025-01-16T22:39:00
164,150,view,2025-01-16T22:43:00
164,150,click,2025-01-16T22:45:00
164,67,search,2025-01-17T19:03:00
164,67,view,2025-01-17T19:04:00
164,67,click,2025-01-17T19:05:00
164,67,add_to_cart,2025-01-17T19:06:00
164,67,remove_cart,2025-01-17T19:07:00
164,75,search,2025-01-18T20:27:00
164,75,view,2025-01-18T20:28:00
164,75,add_to_cart,2025-01-18T20:30:00
164,75,purchase,2025-01-18T20:32:00
164,70,view,2025-01-18T20:39:00
164,70,click,2025-01-18T20:42:00
164,70,add_to_cart,2025-01-18T20:45:00
164,70,remove_cart,2025-01-18T20:47:00
164,150,search,2025-01-20T23:53:00
164,150,view,2025-01-20T23:54:00
164,150,click,2025-01-20T23:55:00
164,151,view,2025-01-20T23:58:00
164,151,add_to_cart,2025-01-21T00:01:00
164,151,remove_cart,2025-01-21T00:02:00
164,70,search,2025-01-22T17:33:00
164,70,view,2025-01-22T17:34:00
164,81,view,2025-01-22T17:38:00
164,81,add_to_cart,2025-01-22T17:39:00
164,81,purchase,2025-01-22T17:41:00
164,80,view,2025-01-22T17:43:00
164,80,click,2025-01-22T17:47:00
164,80,add_to_cart,2025-01-22T17:50:00
164,80,purchase,2025-01-22T17:51:00
164,42,review,2025-01-23T17:23:00
164,80,review,2025-01-28T17:53:00
165,44,search,2025-01-10T15:45:00
165,44,view,2025-01-10T15:46:00
165,44,add_to_cart,2025-01-10T15:48:00
165,44,purchase,2025-01-10T15:50:00
165,63,view,2025-01-10T15:57:00
165,63,click,2025-01-10T16:01:00
165,58,view,2025-01-10T16:03:00
165,58,click,2025-01-10T16:04:00
165,50,search,2025-01-13T01:31:00
165,50,view,2025-01-13T01:34:00
165,50,click,2025-01-13T01:37:00
165,90,search,2025-01-15T02:07:00
165,90,view,2025-01-15T02:10:00
165,90,click,2025-01-15T02:14:00
165,90,add_to_cart,2025-01-15T02:15:00
165,90,purchase,2025-01-15T02:16:00
165,97,view,2025-01-15T02:27:00
165,97,click,2025-01-15T02:30:00
165,104,search,2025-01-17T04:20:00
165,104,view,2025-01-17T04:22:00
165,104,click,2025-01-17T04:25:00
165,101,view,2025-01-17T04:27:00
165,101,click,2025-01-17T04:29:00
165,89,view,2025-01-17T04:31:00
165,89,click,2025-01-17T04:35:00
165,89,add_to_cart,2025-01-17T04:36:00
165,89,purchase,2025-01-17T04:37:00
165,44,review,2025-01-17T15:57:00
165,46,search,2025-01-18T03:28:00
165,46,view,2025-01-18T03:31:00
165,46,click,2025-01-18T03:32:00
165,46,add_to_cart,2025-01-18T03:33:00
165,46,purchase,2025-01-18T03:35:00
165,46,review,2025-01-19T03:42:00
165,45,search,2025-01-19T20:09:00
165,45,view,2025-01-19T20:10:00
165,48,view,2025-01-19T20:12:00
165,48,add_to_cart,2025-01-19T20:15:00
165,48,purchase,2025-01-19T20:16:00
165,64,view,2025-01-19T20:25:00
165,64,click,2025-01-19T20:29:00
165,27,search,2025-01-20T22:00:00
165,27,view,2025-01-20T22:03:00
165,27,click,2025-01-20T22:07:00
165,100,search,2025-01-22T19:13:00
165,100,view,2025-01-22T19:14:00
165,100,click,2025-01-22T19:16:00
166,51,search,2025-01-08T19:43:00
166,51,view,2025-01-08T19:45:00
166,51,click,2025-01-08T19:49:00
166,55,view,2025-01-08T19:52:00
166,55,click,2025-01-08T19:56:00
166,43,view,2025-01-08T19:59:00
166,138,search,2025-01-10T09:51:00
166,138,view,2025-01-10T09:54:00
166,138,click,2025-01-10T09:55:00
166,138,add_to_cart,2025-01-10T09:56:00
166,138,purchase,2025-01-10T09:58:00
166,146,view,2025-01-12T06:26:00
166,146,click,2025-01-12T06:29:00
166,153,view,2025-01-12T06:32:00
166,153,click,2025-01-12T06:35:00
166,137,search,2025-01-13T11:07:00
166,137,view,2025-01-13T11:08:00
166,137,click,2025-01-13T11:09:00
166,137,add_to_cart,2025-01-13T11:12:00
166,137,purchase,2025-01-13T11:14:00
166,137,review,2025-01-14T11:18:00
166,145,search,2025-01-14T23:40:00
166,145,view,2025-01-14T23:41:00
166,145,click,2025-01-14T23:43:00
166,138,review,2025-01-16T10:00:00
166,148,search,2025-01-17T01:24:00
166,148,view,2025-01-17T01:26:00
166,148,click,2025-01-17T01:27:00
166,148,add_to_cart,2025-01-17T01:28:00
166,148,purchase,2025-01-17T01:30:00
166,125,search,2025-01-19T11:42:00
166,125,view,2025-01-19T11:43:00
166,125,click,2025-01-19T11:47:00
166,125,add_to_cart,2025-01-19T11:50:00
166,125,remove_cart,2025-01-19T11:52:00
166,111,view,2025-01-19T11:53:00
166,111,click,2025-01-19T11:57:00
166,133,search,2025-01-21T23:32:00
166,133,view,2025-01-21T23:35:00
166,133,click,2025-01-21T23:38:00
166,133,add_to_cart,2025-01-21T23:39:00
166,133,purchase,2025-01-21T23:40:00
166,149,view,2025-01-21T23:48:00
166,149,click,2025-01-21T23:52:00
166,151,view,2025-01-21T23:55:00
166,151,click,2025-01-21T23:57:00
166,46,search,2025-01-23T11:23:00
166,46,view,2025-01-23T11:26:00
166,46,click,2025-01-23T11:27:00
166,49,view,2025-01-23T11:28:00
166,49,click,2025-01-23T11:31:00
166,148,search,2025-01-25T11:53:00
166,148,view,2025-01-25T11:56:00
166,148,click,2025-01-25T11:58:00
166,148,add_to_cart,2025-01-25T12:01:00
166,148,purchase,2025-01-25T12:03:00
166,132,view,2025-01-25T12:15:00
166,132,click,2025-01-25T12:16:00
166,132,add_to_cart,2025-01-25T12:18:00
166,132,purchase,2025-01-25T12:20:00
166,148,review,2025-01-30T01:38:00
167,186,search,2025-01-06T23:17:00
167,186,view,2025-01-06T23:18:00
167,186,click,2025-01-06T23:22:00
167,186,add_to_cart,2025-01-06T23:24:00
167,186,remove_cart,2025-01-06T23:25:00
167,191,search,2025-01-08T21:54:00
167,191,view,2025-01-08T21:57:00
167,191,add_to_cart,2025-01-08T22:00:00
167,191,remove_cart,2025-01-08T22:02:00
167,185,view,2025-01-08T22:04:00
167,182,search,2025-01-09T10:39:00
167,182,view,2025-01-09T10:42:00
167,182,click,2025-01-09T10:44:00
167,198,search,2025-01-12T02:03:00
167,198,view,2025-01-12T02:05:00
167,198,click,2025-01-12T02:07:00
167,198,add_to_cart,2025-01-12T02:08:00
167,198,remove_cart,2025-01-12T02:10:00
167,192,view,2025-01-12T02:12:00
167,192,click,2025-01-12T02:16:00
167,192,add_to_cart,2025-01-12T02:18:00
167,192,purchase,2025-01-12T02:20:00
167,15,search,2025-01-13T03:10:00
167,15,view,2025-01-13T03:12:00
167,15,click,2025-01-13T03:14:00
167,178,view,2025-01-16T03:12:00
167,178,click,2025-01-16T03:13:00
167,178,add_to_cart,2025-01-16T03:16:00
167,178,purchase,2025-01-16T03:17:00
167,187,view,2025-01-16T03:24:00
167,187,click,2025-01-16T03:27:00
167,192,view,2025-01-16T03:30:00
167,15,search,2025-01-18T13:40:00
167,15,view,2025-01-18T13:42:00
167,15,click,2025-01-18T13:43:00
167,6,search,2025-01-19T16:16:00
167,6,view,2025-01-19T16:19:00
167,6,click,2025-01-19T16:20:00
167,6,add_to_cart,2025-01-19T16:22:00
167,6,purchase,2025-01-19T16:24:00
167,87,search,2025-01-22T13:09:00
167,87,view,2025-01-22T13:11:00
167,87,click,2025-01-22T13:15:00
167,87,add_to_cart,2025-01-22T13:18:00
167,87,purchase,2025-01-22T13:20:00
167,193,search,2025-01-24T12:06:00
167,193,view,2025-01-24T12:08:00
167,193,click,2025-01-24T12:10:00
167,193,add_to_cart,2025-01-24T12:11:00
167,193,purchase,2025-01-24T12:12:00
167,87,review,2025-02-01T13:27:00
167,193,review,2025-02-03T12:23:00
168,105,search,2025-01-09T15:16:00
168,105,view,2025-01-09T15:18:00
168,105,click,2025-01-09T15:22:00
168,94,view,2025-01-09T15:23:00
168,94,click,2025-01-09T15:24:00
168,94,add_to_cart,2025-01-09T15:26:00
168,94,purchase,2025-01-09T15:27:00
168,94,review,2025-01-11T15:39:00
168,195,search,2025-01-12T10:00:00
168,195,view,2025-01-12T10:03:00
168,195,click,2025-01-12T10:04:00
168,176,view,2025-01-12T10:07:00
168,176,click,2025-01-12T10:11:00
168,196,view,2025-01-12T10:12:00
168,196,click,2025-01-12T10:14:00
168,122,view,2025-01-13T23:00:00
168,122,add_to_cart,2025-01-13T23:01:00
168,122,remove_cart,2025-01-13T23:02:00
168,180,search,2025-01-16T02:00:00
168,180,view,2025-01-16T02:02:00
168,180,click,2025-01-16T02:06:00
168,188,view,2025-01-16T02:09:00
168,188,click,2025-01-16T02:10:00
168,188,add_to_cart,2025-01-16T02:12:00
168,188,purchase,2025-01-16T02:14:00
168,193,view,2025-01-16T02:24:00
168,193,add_to_cart,2025-01-16T02:26:00
168,193,purchase,2025-01-16T02:28:00
168,113,view,2025-01-18T15:40:00
168,113,click,2025-01-18T15:42:00
168,113,add_to_cart,2025-01-18T15:44:00
168,113,purchase,2025-01-18T15:45:00
168,130,search,2025-01-19T09:25:00
168,130,view,2025-01-19T09:28:00
168,130,click,2025-01-19T09:30:00
168,113,review,2025-01-19T15:52:00
168,119,search,2025-01-20T21:05:00
168,119,view,2025-01-20T21:06:00
168,119,click,2025-01-20T21:07:00
168,91,search,2025-01-23T02:59:00
168,91,view,2025-01-23T03:00:00
168,91,click,2025-01-23T03:02:00
168,91,add_to_cart,2025-01-23T03:04:00
168,91,purchase,2025-01-23T03:06:00
168,92,view,2025-01-23T03:16:00
168,92,click,2025-01-23T03:17:00
168,95,view,2025-01-23T03:19:00
168,95,click,2025-01-23T03:23:00
168,95,add_to_cart,2025-01-23T03:26:00
168,95,remove_cart,2025-01-23T03:27:00
168,187,search,2025-01-24T23:47:00
168,187,view,2025-01-24T23:49:00
168,187,click,2025-01-24T23:52:00
168,189,view,2025-01-24T23:53:00
168,189,click,2025-01-24T23:57:00
169,81,search,2025-01-06T03:31:00
169,81,view,2025-01-06T03:32:00
169,81,click,2025-01-06T03:33:00
169,81,add_to_cart,2025-01-06T03:35:00
169,81,purchase,2025-01-06T03:36:00
169,72,view,2025-01-06T03:48:00
169,72,click,2025-01-06T03:50:00
169,67,view,2025-01-07T00:28:00
169,67,click,2025-01-07T00:31:00
169,73,search,2025-01-08T02:45:00
169,73,view,2025-01-08T02:47:00
169,73,click,2025-01-08T02:50:00
169,30,search,2025-01-10T18:16:00
169,30,view,2025-01-10T18:18:00
169,30,click,2025-01-10T18:20:00
169,41,view,2025-01-10T18:22:00
169,41,click,2025-01-10T18:25:00
169,41,add_to_cart,2025-01-10T18:28:00
169,41,purchase,2025-01-10T18:30:00
169,36,view,2025-01-10T18:42:00
169,36,click,2025-01-10T18:46:00
169,36,add_to_cart,2025-01-10T18:49:00
169,36,purchase,2025-01-10T18:50:00
169,17,search,2025-01-13T01:03:00
169,17,view,2025-01-13T01:06:00
169,17,click,2025-01-13T01:07:00
169,36,review,2025-01-13T18:57:00
169,81,review,2025-01-14T03:48:00
169,10,search,2025-01-15T18:26:00
169,10,view,2025-01-15T18:28:00
169,10,click,2025-01-15T18:29:00
169,16,view,2025-01-16T08:18:00
169,16,click,2025-01-16T08:20:00
169,15,view,2025-01-16T08:22:00
169,10,view,2025-01-16T08:24:00
169,10,click,2025-01-16T08:25:00
169,41,review,2025-01-21T18:42:00
170,6,search,2025-01-11T22:12:00
170,6,view,2025-01-11T22:14:00
170,6,click,2025-01-11T22:18:00
170,6,add_to_cart,2025-01-11T22:21:00
170,6,purchase,2025-01-11T22:23:00
170,4,view,2025-01-11T22:26:00
170,4,add_to_cart,2025-01-11T22:30:00
170,4,remove_cart,2025-01-11T22:31:00
170,18,view,2025-01-11T22:32:00
170,18,click,2025-01-11T22:34:00
170,18,add_to_cart,2025-01-11T22:35:00
170,18,remove_cart,2025-01-11T22:36:00
170,101,search,2025-01-13T01:34:00
170,101,view,2025-01-13T01:36:00
170,101,click,2025-01-13T01:37:00
170,105,view,2025-01-13T01:39:00
170,105,click,2025-01-13T01:42:00
170,105,add_to_cart,2025-01-13T01:44:00
170,105,remove_cart,2025-01-13T01:46:00
170,115,search,2025-01-15T15:42:00
170,115,view,2025-01-15T15:44:00
170,116,view,2025-01-15T15:47:00
170,116,add_to_cart,2025-01-15T15:51:00
170,116,purchase,2025-01-15T15:53:00
170,117,view,2025-01-15T15:56:00
170,117,click,2025-01-15T16:00:00
170,117,add_to_cart,2025-01-15T16:02:00
170,117,purchase,2025-01-15T16:04:00
170,6,review,2025-01-17T22:26:00
170,99,search,2025-01-18T04:26:00
170,99,view,2025-01-18T04:28:00
170,99,click,2025-01-18T04:32:00
170,106,view,2025-01-18T04:34:00
170,106,click,2025-01-18T04:37:00
170,106,add_to_cart,2025-01-18T04:38:00
170,106,remove_cart,2025-01-18T04:40:00
170,116,review,2025-01-19T15:56:00
170,98,view,2025-01-20T15:27:00
170,98,click,2025-01-20T15:30:00
170,98,add_to_cart,2025-01-20T15:33:00
170,98,purchase,2025-01-20T15:35:00
170,90,view,2025-01-20T15:39:00
170,90,click,2025-01-20T15:41:00
170,112,search,2025-01-21T20:42:00
170,112,view,2025-01-21T20:44:00
170,112,click,2025-01-21T20:45:00
170,112,add_to_cart,2025-01-21T20:47:00
170,112,remove_cart,2025-01-21T20:48:00
170,128,search,2025-01-23T18:22:00
170,128,view,2025-01-23T18:24:00
170,128,click,2025-01-23T18:26:00
170,128,add_to_cart,2025-01-23T18:29:00
170,128,purchase,2025-01-23T18:30:00
170,124,view,2025-01-23T18:36:00
170,124,click,2025-01-23T18:40:00
170,124,add_to_cart,2025-01-23T18:43:00
170,124,purchase,2025-01-23T18:45:00
170,95,search,2025-01-25T02:00:00
170,95,view,2025-01-25T02:02:00
170,95,add_to_cart,2025-01-25T02:03:00
170,95,purchase,2025-01-25T02:05:00
170,90,view,2025-01-25T02:13:00
170,90,click,2025-01-25T02:14:00
170,90,add_to_cart,2025-01-25T02:17:00
170,90,remove_cart,2025-01-25T02:19:00
170,117,review,2025-01-25T16:16:00
170,98,view,2025-01-25T22:42:00
170,98,click,2025-01-25T22:43:00
170,101,view,2025-01-25T22:46:00
170,101,click,2025-01-25T22:47:00
170,97,view,2025-01-25T22:49:00
170,97,click,2025-01-25T22:51:00
170,97,add_to_cart,2025-01-25T22:54:00
170,97,remove_cart,2025-01-25T22:56:00
170,111,search,2025-01-26T23:00:00
170,111,view,2025-01-26T23:03:00
170,115,view,2025-01-26T23:07:00
170,115,add_to_cart,2025-01-26T23:10:00
170,115,purchase,2025-01-26T23:12:00
170,95,review,2025-01-27T02:13:00
170,98,review,2025-01-29T15:39:00
170,128,review,2025-01-31T18:36:00
170,124,review,2025-02-04T18:47:00
170,115,review,2025-02-07T23:16:00
171,36,search,2025-01-10T07:06:00
171,36,view,2025-01-10T07:08:00
171,36,click,2025-01-10T07:11:00
171,36,add_to_cart,2025-01-10T07:14:00
171,36,purchase,2025-01-10T07:15:00
171,38,view,2025-01-10T07:23:00
171,38,click,2025-01-10T07:25:00
171,38,add_to_cart,2025-01-10T07:28:00
171,38,purchase,2025-01-10T07:29:00
171,27,search,2025-01-10T22:58:00
171,27,view,2025-01-10T23:01:00
171,27,click,2025-01-10T23:02:00
171,28,view,2025-01-10T23:05:00
171,28,add_to_cart,2025-01-10T23:06:00
171,28,purchase,2025-01-10T23:07:00
171,41,view,2025-01-10T23:13:00
171,41,click,2025-01-10T23:14:00
171,41,add_to_cart,2025-01-10T23:17:00
171,41,purchase,2025-01-10T23:18:00
171,42,view,2025-01-12T03:42:00
171,42,click,2025-01-12T03:46:00
171,42,add_to_cart,2025-01-12T03:48:00
171,42,remove_cart,2025-01-12T03:50:00
171,195,search,2025-01-13T19:42:00
171,195,view,2025-01-13T19:44:00
171,195,click,2025-01-13T19:48:00
171,195,add_to_cart,2025-01-13T19:50:00
171,195,purchase,2025-01-13T19:51:00
171,190,view,2025-01-13T20:02:00
171,190,click,2025-01-13T20:04:00
171,36,review,2025-01-14T07:23:00
171,183,search,2025-01-15T20:41:00
171,183,view,2025-01-15T20:43:00
171,183,click,2025-01-15T20:45:00
171,183,add_to_cart,2025-01-15T20:46:00
171,183,purchase,2025-01-15T20:47:00
171,184,view,2025-01-15T20:51:00
171,184,click,2025-01-15T20:55:00
171,197,view,2025-01-15T20:57:00
171,197,click,2025-01-15T20:58:00
171,38,review,2025-01-16T07:35:00
171,196,search,2025-01-17T17:03:00
171,196,view,2025-01-17T17:05:00
171,196,click,2025-01-17T17:09:00
171,183,search,2025-01-19T07:05:00
171,183,view,2025-01-19T07:07:00
171,183,click,2025-01-19T07:09:00
171,28,review,2025-01-20T23:13:00
172,76,search,2025-01-10T01:35:00
172,76,view,2025-01-10T01:38:00
172,76,click,2025-01-10T01:42:00
172,76,view,2025-01-11T07:57:00
172,76,click,2025-01-11T08:01:00
172,76,add_to_cart,2025-01-11T08:04:00
172,76,purchase,2025-01-11T08:05:00
172,73,view,2025-01-11T08:08:00
172,70,view,2025-01-11T08:12:00
172,70,click,2025-01-11T08:14:00
172,149,search,2025-01-13T05:02:00
172,149,view,2025-01-13T05:05:00
172,149,click,2025-01-13T05:06:00
172,149,add_to_cart,2025-01-13T05:07:00
172,149,purchase,2025-01-13T05:08:00
172,142,view,2025-01-13T05:17:00
172,142,click,2025-01-13T05:19:00
172,91,search,2025-01-16T00:36:00
172,91,view,2025-01-16T00:39:00
172,91,click,2025-01-16T00:40:00
172,99,view,2025-01-16T00:43:00
172,99,click,2025-01-16T00:47:00
172,99,add_to_cart,2025-01-16T00:48:00
172,99,purchase,2025-01-16T00:49:00
172,91,search,2025-01-17T06:31:00
172,91,view,2025-01-17T06:33:00
172,91,click,2025-01-17T06:34:00
172,91,add_to_cart,2025-01-17T06:35:00
172,91,purchase,2025-01-17T06:37:00
172,91,review,2025-01-19T06:40:00
172,76,review,2025-01-19T08:08:00
172,138,view,2025-01-19T19:59:00
172,138,click,2025-01-19T20:03:00
172,150,view,2025-01-19T20:05:00
172,150,click,2025-01-19T20:07:00
172,150,add_to_cart,2025-01-19T20:10:00
172,150,purchase,2025-01-19T20:12:00
172,91,search,2025-01-22T08:19:00
172,91,view,2025-01-22T08:22:00
172,91,click,2025-01-22T08:25:00
172,102,view,2025-01-22T08:27:00
172,102,click,2025-01-22T08:30:00
172,102,add_to_cart,2025-01-22T08:33:00
172,102,remove_cart,2025-01-22T08:34:00
172,92,view,2025-01-22T08:36:00
172,92,click,2025-01-22T08:40:00
172,80,search,2025-01-22T22:09:00
172,80,view,2025-01-22T22:12:00
172,80,click,2025-01-22T22:14:00
172,87,view,2025-01-22T22:15:00
172,87,click,2025-01-22T22:16:00
172,87,add_to_cart,2025-01-22T22:18:00
172,87,purchase,2025-01-22T22:20:00
172,99,review,2025-01-28T00:57:00
172,87,review,2025-01-29T22:31:00
172,150,review,2025-02-02T20:20:00
173,73,view,2025-01-08T15:17:00
173,73,click,2025-01-08T15:19:00
173,73,add_to_cart,2025-01-08T15:22:00
173,73,purchase,2025-01-08T15:24:00
173,91,search,2025-01-11T08:05:00
173,91,view,2025-01-11T08:08:00
173,91,click,2025-01-11T08:11:00
173,97,view,2025-01-11T08:12:00
173,97,click,2025-01-11T08:16:00
173,97,add_to_cart,2025-01-11T08:17:00
173,97,purchase,2025-01-11T08:19:00
173,89,view,2025-01-11T08:22:00
173,89,click,2025-01-11T08:25:00
173,110,search,2025-01-12T00:22:00
173,110,view,2025-01-12T00:23:00
173,110,click,2025-01-12T00:24:00
173,97,review,2025-01-12T08:22:00
173,91,view,2025-01-14T23:01:00
173,100,view,2025-01-14T23:02:00
173,100,click,2025-01-14T23:04:00
173,82,search,2025-01-16T06:40:00
173,82,view,2025-01-16T06:41:00
173,82,click,2025-01-16T06:42:00
173,82,add_to_cart,2025-01-16T06:43:00
173,82,purchase,2025-01-16T06:44:00
173,76,view,2025-01-16T06:55:00
173,76,click,2025-01-16T06:56:00
173,76,add_to_cart,2025-01-16T06:59:00
173,76,remove_cart,2025-01-16T07:01:00
173,90,search,2025-01-18T21:34:00
173,90,view,2025-01-18T21:35:00
173,90,click,2025-01-18T21:36:00
174,159,search,2025-01-13T22:33:00
174,159,view,2025-01-13T22:36:00
174,159,click,2025-01-13T22:37:00
174,159,add_to_cart,2025-01-13T22:38:00
174,159,purchase,2025-01-13T22:40:00
174,173,search,2025-01-15T00:13:00
174,173,view,2025-01-15T00:16:00
174,173,click,2025-01-15T00:19:00
174,3,search,2025-01-17T14:26:00
174,3,view,2025-01-17T14:29:00
174,3,click,2025-01-17T14:33:00
174,8,view,2025-01-17T14:34:00
174,8,click,2025-01-17T14:38:00
174,18,view,2025-01-17T14:41:00
174,18,click,2025-01-17T14:43:00
174,18,add_to_cart,2025-01-17T14:44:00
174,18,purchase,2025-01-17T14:46:00
174,7,search,2025-01-18T06:15:00
174,7,view,2025-01-18T06:17:00
174,7,click,2025-01-18T06:19:00
174,11,view,2025-01-18T06:21:00
174,11,click,2025-01-18T06:24:00
174,11,add_to_cart,2025-01-18T06:26:00
174,11,purchase,2025-01-18T06:28:00
174,58,search,2025-01-21T06:16:00
174,58,view,2025-01-21T06:19:00
174,58,click,2025-01-21T06:22:00
174,58,add_to_cart,2025-01-21T06:24:00
174,58,purchase,2025-01-21T06:26:00
174,45,view,2025-01-21T06:37:00
174,45,click,2025-01-21T06:38:00
174,159,review,2025-01-21T22:46:00
174,58,review,2025-01-22T06:37:00
174,164,view,2025-01-22T17:23:00
174,164,click,2025-01-22T17:25:00
174,164,add_to_cart,2025-01-22T17:28:00
174,164,purchase,2025-01-22T17:29:00
174,167,view,2025-01-22T17:33:00
174,167,click,2025-01-22T17:34:00
174,167,add_to_cart,2025-01-22T17:36:00
174,167,purchase,2025-01-22T17:38:00
174,168,view,2025-01-22T17:40:00
174,168,click,2025-01-22T17:41:00
174,168,add_to_cart,2025-01-22T17:44:00
174,168,purchase,2025-01-22T17:46:00
174,1,search,2025-01-25T10:22:00
174,1,view,2025-01-25T10:24:00
174,1,click,2025-01-25T10:26:00
174,1,search,2025-01-27T15:21:00
174,1,view,2025-01-27T15:24:00
174,1,click,2025-01-27T15:25:00
174,11,review,2025-01-29T06:31:00
174,154,search,2025-01-29T09:52:00
174,154,view,2025-01-29T09:55:00
174,154,click,2025-01-29T09:56:00
174,154,add_to_cart,2025-01-29T09:59:00
174,154,remove_cart,2025-01-29T10:00:00
174,164,review,2025-02-03T17:33:00
174,167,review,2025-02-05T17:40:00
175,51,search,2025-01-05T18:09:00
175,51,view,2025-01-05T18:11:00
175,51,click,2025-01-05T18:14:00
175,51,add_to_cart,2025-01-05T18:16:00
175,51,purchase,2025-01-05T18:18:00
175,58,view,2025-01-05T18:21:00
175,58,click,2025-01-05T18:22:00
175,58,add_to_cart,2025-01-05T18:23:00
175,58,purchase,2025-01-05T18:24:00
175,53,view,2025-01-05T18:31:00
175,53,add_to_cart,2025-01-05T18:35:00
175,53,purchase,2025-01-05T18:36:00
175,179,search,2025-01-08T03:37:00
175,179,view,2025-01-08T03:39:00
175,179,click,2025-01-08T03:40:00
175,196,view,2025-01-08T03:42:00
175,196,click,2025-01-08T03:43:00
175,196,add_to_cart,2025-01-08T03:46:00
175,196,remove_cart,2025-01-08T03:47:00
175,52,search,2025-01-09T07:08:00
175,52,view,2025-01-09T07:10:00
175,52,click,2025-01-09T07:12:00
175,65,view,2025-01-09T07:15:00
175,65,add_to_cart,2025-01-09T07:16:00
175,65,purchase,2025-01-09T07:18:00
175,53,view,2025-01-09T07:27:00
175,53,click,2025-01-09T07:29:00
175,53,add_to_cart,2025-01-09T07:30:00
175,53,remove_cart,2025-01-09T07:31:00
175,193,search,2025-01-11T16:33:00
175,193,view,2025-01-11T16:34:00
175,193,click,2025-01-11T16:38:00
175,196,view,2025-01-11T16:39:00
175,196,click,2025-01-11T16:40:00
175,96,search,2025-01-14T09:29:00
175,96,view,2025-01-14T09:32:00
175,96,click,2025-01-14T09:33:00
175,95,view,2025-01-14T09:35:00
175,97,search,2025-01-16T21:55:00
175,97,view,2025-01-16T21:58:00
175,97,click,2025-01-16T21:59:00
175,88,view,2025-01-16T22:02:00
175,88,click,2025-01-16T22:03:00
175,105,view,2025-01-16T22:05:00
175,105,click,2025-01-16T22:09:00
175,189,search,2025-01-18T01:24:00
175,189,view,2025-01-18T01:26:00
175,189,click,2025-01-18T01:29:00
175,189,add_to_cart,2025-01-18T01:30:00
175,189,remove_cart,2025-01-18T01:32:00
175,190,view,2025-01-18T01:34:00
175,190,add_to_cart,2025-01-18T01:35:00
175,190,purchase,2025-01-18T01:36:00
175,51,review,2025-01-18T18:21:00
175,58,review,2025-01-18T18:31:00
175,43,search,2025-01-19T02:16:00
175,43,view,2025-01-19T02:19:00
175,43,click,2025-01-19T02:21:00
175,43,add_to_cart,2025-01-19T02:23:00
175,43,purchase,2025-01-19T02:25:00
175,59,view,2025-01-19T02:34:00
175,59,click,2025-01-19T02:36:00
175,51,view,2025-01-19T02:37:00
175,51,click,2025-01-19T02:39:00
175,65,review,2025-01-20T07:27:00
175,190,review,2025-01-24T01:46:00
176,45,search,2025-01-09T04:08:00
176,45,view,2025-01-09T04:11:00
176,45,click,2025-01-09T04:14:00
176,57,view,2025-01-09T04:16:00
176,57,click,2025-01-09T04:19:00
176,188,search,2025-01-10T04:14:00
176,188,view,2025-01-10T04:16:00
176,188,click,2025-01-10T04:17:00
176,188,add_to_cart,2025-01-10T04:18:00
176,188,remove_cart,2025-01-10T04:19:00
176,47,search,2025-01-12T11:58:00
176,47,view,2025-01-12T11:59:00
176,47,click,2025-01-12T12:01:00
176,62,view,2025-01-12T12:03:00
176,62,click,2025-01-12T12:05:00
176,62,add_to_cart,2025-01-12T12:06:00
176,62,purchase,2025-01-12T12:07:00
176,53,view,2025-01-12T12:11:00
176,53,click,2025-01-12T12:15:00
176,48,view,2025-01-14T07:36:00
176,48,click,2025-01-14T07:38:00
176,48,add_to_cart,2025-01-14T07:39:00
176,48,purchase,2025-01-14T07:41:00
176,46,view,2025-01-14T07:45:00
176,46,click,2025-01-14T07:48:00
176,46,add_to_cart,2025-01-14T07:51:00
176,46,purchase,2025-01-14T07:53:00
176,50,view,2025-01-17T00:20:00
176,50,click,2025-01-17T00:22:00
176,47,view,2025-01-17T00:23:00
176,47,click,2025-01-17T00:24:00
176,47,add_to_cart,2025-01-17T00:26:00
176,47,remove_cart,2025-01-17T00:27:00
176,177,search,2025-01-18T04:09:00
176,177,view,2025-01-18T04:11:00
176,177,click,2025-01-18T04:13:00
176,177,add_to_cart,2025-01-18T04:15:00
176,177,remove_cart,2025-01-18T04:16:00
176,179,view,2025-01-18T04:17:00
176,179,click,2025-01-18T04:19:00
176,179,add_to_cart,2025-01-18T04:22:00
176,179,purchase,2025-01-18T04:23:00
176,194,view,2025-01-18T04:27:00
176,194,click,2025-01-18T04:31:00
176,194,add_to_cart,2025-01-18T04:34:00
176,194,remove_cart,2025-01-18T04:36:00
176,46,review,2025-01-28T07:58:00
177,5,view,2025-01-10T08:50:00
177,5,click,2025-01-10T08:52:00
177,5,add_to_cart,2025-01-10T08:53:00
177,5,purchase,2025-01-10T08:55:00
177,8,view,2025-01-10T09:04:00
177,8,click,2025-01-10T09:05:00
177,8,add_to_cart,2025-01-10T09:07:00
177,8,purchase,2025-01-10T09:09:00
177,1,view,2025-01-10T09:18:00
177,1,click,2025-01-10T09:19:00
177,1,add_to_cart,2025-01-10T09:21:00
177,1,purchase,2025-01-10T09:22:00
177,101,search,2025-01-11T00:56:00
177,101,view,2025-01-11T00:58:00
177,101,click,2025-01-11T01:02:00
177,98,view,2025-01-11T01:03:00
177,98,click,2025-01-11T01:05:00
177,89,search,2025-01-11T17:59:00
177,89,view,2025-01-11T18:00:00
177,89,click,2025-01-11T18:02:00
177,101,view,2025-01-11T18:03:00
177,101,click,2025-01-11T18:07:00
177,109,view,2025-01-11T18:10:00
177,109,click,2025-01-11T18:14:00
177,7,search,2025-01-12T21:25:00
177,7,view,2025-01-12T21:28:00
177,7,click,2025-01-12T21:32:00
177,11,view,2025-01-12T21:34:00
177,11,add_to_cart,2025-01-12T21:35:00
177,11,purchase,2025-01-12T21:37:00
177,119,search,2025-01-15T15:53:00
177,119,view,2025-01-15T15:54:00
177,119,click,2025-01-15T15:55:00
177,119,add_to_cart,2025-01-15T15:58:00
177,119,purchase,2025-01-15T16:00:00
177,5,search,2025-01-16T17:14:00
177,5,view,2025-01-16T17:16:00
177,5,click,2025-01-16T17:20:00
177,5,add_to_cart,2025-01-16T17:21:00
177,5,purchase,2025-01-16T17:23:00
177,8,view,2025-01-16T17:33:00
177,8,click,2025-01-16T17:34:00
177,8,add_to_cart,2025-01-16T17:37:00
177,8,purchase,2025-01-16T17:39:00
177,3,view,2025-01-16T17:50:00
177,3,add_to_cart,2025-01-16T17:52:00
177,3,remove_cart,2025-01-16T17:53:00
177,1,review,2025-01-18T09:34:00
177,13,search,2025-01-19T09:17:00
177,13,view,2025-01-19T09:19:00
177,13,click,2025-01-19T09:23:00
177,13,add_to_cart,2025-01-19T09:25:00
177,13,purchase,2025-01-19T09:26:00
177,96,search,2025-01-20T17:55:00
177,96,view,2025-01-20T17:56:00
177,96,add_to_cart,2025-01-20T18:00:00
177,96,purchase,2025-01-20T18:02:00
177,11,review,2025-01-20T21:44:00
177,8,review,2025-01-22T09:18:00
177,13,review,2025-01-22T09:33:00
177,104,search,2025-01-22T14:28:00
177,104,view,2025-01-22T14:29:00
177,104,click,2025-01-22T14:31:00
177,104,add_to_cart,2025-01-22T14:34:00
177,104,purchase,2025-01-22T14:36:00
177,102,view,2025-01-22T14:38:00
177,102,click,2025-01-22T14:40:00
177,8,review,2025-01-22T17:50:00
177,5,review,2025-01-23T09:04:00
177,104,review,2025-02-02T14:38:00
178,153,search,2025-01-07T15:55:00
178,153,view,2025-01-07T15:56:00
178,139,search,2025-01-09T19:28:00
178,139,view,2025-01-09T19:29:00
178,139,click,2025-01-09T19:32:00
178,142,view,2025-01-09T19:34:00
178,142,click,2025-01-09T19:35:00
178,142,add_to_cart,2025-01-09T19:36:00
178,142,purchase,2025-01-09T19:38:00
178,132,view,2025-01-09T19:42:00
178,87,view,2025-01-12T18:07:00
178,87,add_to_cart,2025-01-12T18:11:00
178,87,purchase,2025-01-12T18:12:00
178,66,view,2025-01-12T18:18:00
178,66,click,2025-01-12T18:19:00
178,66,add_to_cart,2025-01-12T18:20:00
178,66,remove_cart,2025-01-12T18:21:00
178,75,view,2025-01-12T18:23:00
178,75,click,2025-01-12T18:25:00
178,75,add_to_cart,2025-01-12T18:26:00
178,75,purchase,2025-01-12T18:27:00
178,142,review,2025-01-13T19:42:00
178,112,view,2025-01-14T14:03:00
178,112,click,2025-01-14T14:07:00
178,112,add_to_cart,2025-01-14T14:08:00
178,112,purchase,2025-01-14T14:09:00
178,122,view,2025-01-14T14:19:00
178,122,click,2025-01-14T14:20:00
178,112,review,2025-01-15T14:19:00
178,133,search,2025-01-17T12:17:00
178,133,view,2025-01-17T12:20:00
178,133,click,2025-01-17T12:23:00
178,133,add_to_cart,2025-01-17T12:25:00
178,133,purchase,2025-01-17T12:27:00
178,146,search,2025-01-19T13:01:00
178,146,view,2025-01-19T13:04:00
178,153,view,2025-01-19T13:06:00
178,153,click,2025-01-19T13:10:00
178,78,search,2025-01-20T02:07:00
178,78,view,2025-01-20T02:10:00
178,78,click,2025-01-20T02:13:00
178,66,view,2025-01-22T01:38:00
178,66,click,2025-01-22T01:41:00
178,66,add_to_cart,2025-01-22T01:42:00
178,66,remove_cart,2025-01-22T01:43:00
178,133,review,2025-01-30T12:37:00
179,33,search,2025-01-03T02:25:00
179,33,view,2025-01-03T02:27:00
179,33,click,2025-01-03T02:28:00
179,33,add_to_cart,2025-01-03T02:29:00
179,33,purchase,2025-01-03T02:30:00
179,30,search,2025-01-04T13:07:00
179,30,view,2025-01-04T13:10:00
179,30,click,2025-01-04T13:13:00
179,25,view,2025-01-04T13:14:00
179,25,click,2025-01-04T13:16:00
179,25,add_to_cart,2025-01-04T13:19:00
179,25,purchase,2025-01-04T13:20:00
179,24,search,2025-01-06T17:09:00
179,24,view,2025-01-06T17:11:00
179,24,click,2025-01-06T17:14:00
179,24,add_to_cart,2025-01-06T17:16:00
179,24,purchase,2025-01-06T17:18:00
179,33,review,2025-01-08T02:42:00
179,37,search,2025-01-09T08:18:00
179,37,view,2025-01-09T08:20:00
179,37,click,2025-01-09T08:22:00
179,37,add_to_cart,2025-01-09T08:23:00
179,37,purchase,2025-01-09T08:24:00
179,46,search,2025-01-11T09:08:00
179,46,view,2025-01-11T09:10:00
179,46,click,2025-01-11T09:14:00
179,45,view,2025-01-11T09:17:00
179,45,click,2025-01-11T09:19:00
179,45,add_to_cart,2025-01-11T09:20:00
179,45,purchase,2025-01-11T09:22:00
179,72,search,2025-01-12T20:10:00
179,72,view,2025-01-12T20:13:00
179,72,click,2025-01-12T20:16:00
179,77,view,2025-01-12T20:18:00
179,77,click,2025-01-12T20:21:00
179,74,view,2025-01-12T20:22:00
179,74,click,2025-01-12T20:24:00
179,74,add_to_cart,2025-01-12T20:26:00
179,74,remove_cart,2025-01-12T20:27:00
179,25,review,2025-01-13T13:29:00
179,24,review,2025-01-16T17:20:00
179,37,review,2025-01-22T08:32:00
180,167,view,2025-01-10T09:38:00
180,167,click,2025-01-10T09:39:00
180,167,add_to_cart,2025-01-10T09:40:00
180,167,remove_cart,2025-01-10T09:42:00
180,171,view,2025-01-10T09:44:00
180,171,click,2025-01-10T09:46:00
180,171,add_to_cart,2025-01-10T09:48:00
180,171,purchase,2025-01-10T09:49:00
180,155,search,2025-01-11T06:47:00
180,155,view,2025-01-11T06:49:00
180,155,click,2025-01-11T06:53:00
180,155,add_to_cart,2025-01-11T06:54:00
180,155,purchase,2025-01-11T06:56:00
180,159,view,2025-01-11T06:58:00
180,159,click,2025-01-11T07:02:00
180,164,view,2025-01-11T07:05:00
180,164,click,2025-01-11T07:09:00
180,169,search,2025-01-13T21:40:00
180,169,view,2025-01-13T21:43:00
180,169,click,2025-01-13T21:44:00
180,169,add_to_cart,2025-01-13T21:47:00
180,169,remove_cart,2025-01-13T21:49:00
180,166,search,2025-01-16T11:29:00
180,166,view,2025-01-16T11:31:00
180,166,click,2025-01-16T11:32:00
180,160,view,2025-01-16T11:33:00
180,160,click,2025-01-16T11:36:00
180,154,view,2025-01-16T11:38:00
180,154,click,2025-01-16T11:42:00
180,22,view,2025-01-18T05:51:00
180,16,view,2025-01-18T05:55:00
180,16,click,2025-01-18T05:59:00
180,15,view,2025-01-18T06:01:00
180,15,click,2025-01-18T06:05:00
180,15,add_to_cart,2025-01-18T06:07:00
180,15,purchase,2025-01-18T06:09:00
180,166,view,2025-01-19T06:29:00
180,166,click,2025-01-19T06:30:00
180,166,add_to_cart,2025-01-19T06:33:00
180,166,purchase,2025-01-19T06:34:00
180,170,view,2025-01-19T06:40:00
180,170,click,2025-01-19T06:44:00
180,170,add_to_cart,2025-01-19T06:46:00
180,170,purchase,2025-01-19T06:48:00
180,161,view,2025-01-19T06:52:00
180,161,click,2025-01-19T06:53:00
180,168,search,2025-01-19T20:17:00
180,168,view,2025-01-19T20:19:00
180,168,click,2025-01-19T20:21:00
180,168,add_to_cart,2025-01-19T20:22:00
180,168,remove_cart,2025-01-19T20:23:00
180,170,review,2025-01-21T06:52:00
180,155,review,2025-01-21T06:58:00
180,113,view,2025-01-21T10:10:00
180,113,click,2025-01-21T10:12:00
180,111,view,2025-01-21T10:13:00
180,111,click,2025-01-21T10:15:00
180,112,view,2025-01-21T10:18:00
180,112,click,2025-01-21T10:20:00
181,29,search,2025-01-07T14:05:00
181,29,view,2025-01-07T14:06:00
181,29,click,2025-01-07T14:09:00
181,34,view,2025-01-07T14:11:00
181,34,click,2025-01-07T14:14:00
181,38,view,2025-01-07T14:17:00
181,38,add_to_cart,2025-01-07T14:21:00
181,38,purchase,2025-01-07T14:23:00
181,156,search,2025-01-10T14:59:00
181,156,view,2025-01-10T15:02:00
181,156,click,2025-01-10T15:06:00
181,166,view,2025-01-12T00:23:00
181,171,view,2025-01-12T00:25:00
181,171,click,2025-01-12T00:27:00
181,27,search,2025-01-13T14:10:00
181,27,view,2025-01-13T14:12:00
181,27,click,2025-01-13T14:16:00
181,27,add_to_cart,2025-01-13T14:18:00
181,27,purchase,2025-01-13T14:19:00
181,23,view,2025-01-13T14:26:00
181,23,click,2025-01-13T14:28:00
181,23,add_to_cart,2025-01-13T14:29:00
181,23,purchase,2025-01-13T14:30:00
181,40,view,2025-01-13T14:42:00
181,40,add_to_cart,2025-01-13T14:44:00
181,40,purchase,2025-01-13T14:46:00
181,156,search,2025-01-16T12:54:00
181,156,view,2025-01-16T12:55:00
181,156,click,2025-01-16T12:56:00
181,168,view,2025-01-18T22:59:00
181,170,view,2025-01-18T23:02:00
181,170,click,2025-01-18T23:03:00
181,157,view,2025-01-18T23:06:00
181,157,click,2025-01-18T23:08:00
181,157,add_to_cart,2025-01-18T23:10:00
181,157,purchase,2025-01-18T23:11:00
181,162,search,2025-01-21T08:27:00
181,162,view,2025-01-21T08:29:00
181,162,click,2025-01-21T08:33:00
181,162,add_to_cart,2025-01-21T08:35:00
181,162,purchase,2025-01-21T08:36:00
181,36,view,2025-01-22T19:33:00
181,36,click,2025-01-22T19:36:00
181,39,view,2025-01-22T19:39:00
181,39,click,2025-01-22T19:43:00
181,25,view,2025-01-22T19:45:00
181,25,click,2025-01-22T19:47:00
181,25,add_to_cart,2025-01-22T19:48:00
181,25,purchase,2025-01-22T19:50:00
181,162,review,2025-01-24T08:39:00
181,40,review,2025-01-25T14:51:00
181,27,review,2025-01-27T14:26:00
182,20,search,2025-01-09T12:39:00
182,20,view,2025-01-09T12:40:00
182,20,click,2025-01-09T12:41:00
182,79,search,2025-01-11T07:08:00
182,79,view,2025-01-11T07:10:00
182,79,click,2025-01-11T07:11:00
182,79,add_to_cart,2025-01-11T07:12:00
182,79,purchase,2025-01-11T07:14:00
182,85,view,2025-01-11T07:17:00
182,85,add_to_cart,2025-01-11T07:21:00
182,85,purchase,2025-01-11T07:22:00
182,73,view,2025-01-11T07:27:00
182,73,click,2025-01-11T07:30:00
182,146,search,2025-01-14T06:58:00
182,146,view,2025-01-14T06:59:00
182,146,click,2025-01-14T07:01:00
182,146,add_to_cart,2025-01-14T07:03:00
182,146,purchase,2025-01-14T07:04:00
182,76,view,2025-01-15T06:44:00
182,76,click,2025-01-15T06:45:00
182,71,view,2025-01-15T06:48:00
182,71,click,2025-01-15T06:51:00
182,71,add_to_cart,2025-01-15T06:52:00
182,71,purchase,2025-01-15T06:54:00
182,16,view,2025-01-15T20:38:00
182,13,view,2025-01-15T20:41:00
182,13,click,2025-01-15T20:44:00
182,10,view,2025-01-15T20:45:00
182,10,click,2025-01-15T20:48:00
182,10,add_to_cart,2025-01-15T20:50:00
182,10,purchase,2025-01-15T20:52:00
182,136,search,2025-01-17T22:57:00
182,136,view,2025-01-17T22:59:00
182,136,click,2025-01-17T23:02:00
182,79,review,2025-01-19T07:17:00
182,69,search,2025-01-19T14:07:00
182,69,view,2025-01-19T14:10:00
182,69,click,2025-01-19T14:13:00
182,75,view,2025-01-19T14:14:00
182,75,click,2025-01-19T14:16:00
182,82,view,2025-01-19T14:19:00
182,82,click,2025-01-19T14:21:00
182,21,search,2025-01-20T06:03:00
182,21,view,2025-01-20T06:04:00
182,21,click,2025-01-20T06:06:00
182,21,add_to_cart,2025-01-20T06:07:00
182,21,purchase,2025-01-20T06:08:00
182,15,view,2025-01-20T06:10:00
182,15,click,2025-01-20T06:14:00
182,85,review,2025-01-20T07:27:00
182,146,review,2025-01-21T07:09:00
182,71,review,2025-01-22T07:03:00
182,66,search,2025-01-22T11:53:00
182,66,view,2025-01-22T11:54:00
182,66,click,2025-01-22T11:56:00
182,66,add_to_cart,2025-01-22T11:57:00
182,66,purchase,2025-01-22T11:58:00
182,78,view,2025-01-22T12:10:00
182,78,click,2025-01-22T12:14:00
182,78,add_to_cart,2025-01-22T12:15:00
182,78,purchase,2025-01-22T12:17:00
182,87,view,2025-01-22T12:19:00
182,87,click,2025-01-22T12:22:00
182,21,review,2025-01-29T06:10:00
183,50,search,2025-01-11T19:50:00
183,50,view,2025-01-11T19:52:00
183,50,click,2025-01-11T19:53:00
183,58,view,2025-01-11T19:55:00
183,58,click,2025-01-11T19:56:00
183,58,add_to_cart,2025-01-11T19:58:00
183,58,purchase,2025-01-11T20:00:00
183,44,search,2025-01-13T19:09:00
183,44,view,2025-01-13T19:10:00
183,44,click,2025-01-13T19:13:00
183,55,view,2025-01-13T19:15:00
183,55,click,2025-01-13T19:17:00
183,55,add_to_cart,2025-01-13T19:20:00
183,55,purchase,2025-01-13T19:22:00
183,165,search,2025-01-14T20:14:00
183,165,view,2025-01-14T20:16:00
183,165,click,2025-01-14T20:18:00
183,170,view,2025-01-14T20:21:00
183,170,click,2025-01-14T20:23:00
183,48,view,2025-01-15T21:52:00
183,48,click,2025-01-15T21:55:00
183,48,add_to_cart,2025-01-15T21:56:00
183,48,purchase,2025-01-15T21:58:00
183,56,view,2025-01-15T22:08:00
183,56,click,2025-01-15T22:11:00
183,56,add_to_cart,2025-01-15T22:14:00
183,56,purchase,2025-01-15T22:15:00
183,58,view,2025-01-15T22:27:00
183,165,search,2025-01-16T12:19:00
183,165,view,2025-01-16T12:21:00
183,165,click,2025-01-16T12:24:00
183,137,search,2025-01-18T01:55:00
183,137,view,2025-01-18T01:56:00
183,137,click,2025-01-18T01:57:00
183,137,add_to_cart,2025-01-18T01:59:00
183,137,purchase,2025-01-18T02:00:00
183,149,view,2025-01-18T02:09:00
183,140,view,2025-01-18T02:13:00
183,140,click,2025-01-18T02:16:00
183,56,review,2025-01-19T22:27:00
183,161,search,2025-01-20T02:17:00
183,161,view,2025-01-20T02:19:00
183,161,click,2025-01-20T02:21:00
183,161,add_to_cart,2025-01-20T02:23:00
183,161,purchase,2025-01-20T02:24:00
183,137,search,2025-01-21T09:49:00
183,137,view,2025-01-21T09:50:00
183,149,view,2025-01-21T09:52:00
183,149,click,2025-01-21T09:54:00
183,135,view,2025-01-21T09:56:00
183,135,click,2025-01-21T09:59:00
183,136,search,2025-01-22T13:44:00
183,136,view,2025-01-22T13:45:00
183,136,add_to_cart,2025-01-22T13:48:00
183,136,remove_cart,2025-01-22T13:50:00
183,60,search,2025-01-24T05:45:00
183,60,view,2025-01-24T05:46:00
183,60,click,2025-01-24T05:49:00
183,48,review,2025-01-24T22:08:00
183,161,review,2025-01-26T02:36:00
183,137,review,2025-01-30T02:09:00
184,99,search,2025-01-04T02:16:00
184,99,view,2025-01-04T02:18:00
184,99,click,2025-01-04T02:19:00
184,99,add_to_cart,2025-01-04T02:22:00
184,99,purchase,2025-01-04T02:23:00
184,97,view,2025-01-04T02:26:00
184,97,click,2025-01-04T02:29:00
184,98,view,2025-01-04T02:31:00
184,98,click,2025-01-04T02:33:00
184,98,add_to_cart,2025-01-04T02:36:00
184,98,remove_cart,2025-01-04T02:38:00
184,101,search,2025-01-05T19:51:00
184,101,view,2025-01-05T19:53:00
184,101,click,2025-01-05T19:57:00
184,103,search,2025-01-07T11:44:00
184,103,view,2025-01-07T11:47:00
184,103,click,2025-01-07T11:49:00
184,99,view,2025-01-07T11:51:00
184,99,click,2025-01-07T11:53:00
184,99,review,2025-01-09T02:26:00
184,104,search,2025-01-10T02:35:00
184,104,view,2025-01-10T02:36:00
184,104,click,2025-01-10T02:37:00
184,104,add_to_cart,2025-01-10T02:38:00
184,104,remove_cart,2025-01-10T02:39:00
184,161,search,2025-01-13T02:20:00
184,161,view,2025-01-13T02:21:00
184,161,click,2025-01-13T02:25:00
184,161,add_to_cart,2025-01-13T02:26:00
184,161,purchase,2025-01-13T02:27:00
184,92,search,2025-01-16T01:21:00
184,92,view,2025-01-16T01:23:00
184,92,click,2025-01-16T01:27:00
184,161,search,2025-01-19T00:03:00
184,161,view,2025-01-19T00:04:00
184,161,click,2025-01-19T00:07:00
184,170,view,2025-01-19T00:08:00
184,170,click,2025-01-19T00:10:00
184,163,search,2025-01-19T15:06:00
184,163,view,2025-01-19T15:09:00
184,163,click,2025-01-19T15:11:00
184,163,add_to_cart,2025-01-19T15:12:00
184,163,remove_cart,2025-01-19T15:14:00
184,165,view,2025-01-19T15:16:00
184,165,click,2025-01-19T15:19:00
184,165,add_to_cart,2025-01-19T15:21:00
184,165,remove_cart,2025-01-19T15:22:00
184,66,view,2025-01-20T19:36:00
184,66,click,2025-01-20T19:38:00
184,66,add_to_cart,2025-01-20T19:39:00
184,66,remove_cart,2025-01-20T19:41:00
184,75,view,2025-01-20T19:42:00
184,75,click,2025-01-20T19:43:00
184,86,view,2025-01-20T19:44:00
184,86,click,2025-01-20T19:48:00
184,79,search,2025-01-21T17:34:00
184,79,view,2025-01-21T17:37:00
184,79,click,2025-01-21T17:41:00
185,79,search,2025-01-04T11:43:00
185,79,view,2025-01-04T11:46:00
185,79,click,2025-01-04T11:47:00
185,79,add_to_cart,2025-01-04T11:49:00
185,79,remove_cart,2025-01-04T11:50:00
185,25,search,2025-01-05T13:34:00
185,25,view,2025-01-05T13:36:00
185,25,click,2025-01-05T13:37:00
185,25,add_to_cart,2025-01-05T13:39:00
185,25,purchase,2025-01-05T13:41:00
185,33,view,2025-01-05T13:50:00
185,37,view,2025-01-05T13:53:00
185,37,click,2025-01-05T13:54:00
185,37,add_to_cart,2025-01-05T13:55:00
185,37,purchase,2025-01-05T13:57:00
185,114,search,2025-01-08T03:40:00
185,114,view,2025-01-08T03:43:00
185,114,click,2025-01-08T03:45:00
185,119,search,2025-01-10T23:51:00
185,119,view,2025-01-10T23:53:00
185,119,click,2025-01-10T23:57:00
185,119,add_to_cart,2025-01-10T23:59:00
185,119,purchase,2025-01-11T00:00:00
185,130,view,2025-01-11T00:11:00
185,130,click,2025-01-11T00:13:00
185,121,view,2025-01-11T00:16:00
185,121,click,2025-01-11T00:19:00
185,73,search,2025-01-13T14:47:00
185,73,view,2025-01-13T14:48:00
185,73,click,2025-01-13T14:49:00
185,80,search,2025-01-14T13:54:00
185,80,view,2025-01-14T13:56:00
185,80,click,2025-01-14T13:57:00
185,80,add_to_cart,2025-01-14T13:59:00
185,80,purchase,2025-01-14T14:00:00
185,131,search,2025-01-16T01:54:00
185,131,view,2025-01-16T01:55:00
185,131,click,2025-01-16T01:57:00
185,127,view,2025-01-16T01:58:00
185,127,click,2025-01-16T02:02:00
185,115,view,2025-01-16T02:05:00
185,115,click,2025-01-16T02:09:00
185,115,add_to_cart,2025-01-16T02:10:00
185,115,purchase,2025-01-16T02:11:00
185,80,review,2025-01-16T14:04:00
186,75,search,2025-01-10T22:30:00
186,75,view,2025-01-10T22:31:00
186,75,click,2025-01-10T22:32:00
186,75,add_to_cart,2025-01-10T22:33:00
186,75,purchase,2025-01-10T22:34:00
186,86,view,2025-01-10T22:43:00
186,86,click,2025-01-10T22:47:00
186,86,add_to_cart,2025-01-10T22:48:00
186,86,purchase,2025-01-10T22:50:00
186,81,view,2025-01-10T22:52:00
186,81,click,2025-01-10T22:55:00
186,68,search,2025-01-13T19:45:00
186,68,view,2025-01-13T19:46:00
186,68,click,2025-01-13T19:49:00
186,68,add_to_cart,2025-01-13T19:51:00
186,68,purchase,2025-01-13T19:53:00
186,69,view,2025-01-13T20:02:00
186,69,click,2025-01-13T20:05:00
186,16,search,2025-01-14T23:34:00
186,16,view,2025-01-14T23:37:00
186,16,click,2025-01-14T23:38:00
186,3,view,2025-01-14T23:41:00
186,3,click,2025-01-14T23:45:00
186,3,add_to_cart,2025-01-14T23:47:00
186,3,purchase,2025-01-14T23:49:00
186,18,search,2025-01-17T23:54:00
186,18,view,2025-01-17T23:56:00
186,18,click,2025-01-17T23:58:00
186,8,view,2025-01-17T23:59:00
186,8,click,2025-01-18T00:03:00
186,8,add_to_cart,2025-01-18T00:04:00
186,8,remove_cart,2025-01-18T00:05:00
186,68,search,2025-01-19T07:57:00
186,68,view,2025-01-19T07:59:00
186,68,click,2025-01-19T08:01:00
186,75,view,2025-01-19T08:02:00
186,75,click,2025-01-19T08:03:00
186,75,add_to_cart,2025-01-19T08:06:00
186,75,purchase,2025-01-19T08:08:00
186,153,search,2025-01-20T07:29:00
186,153,view,2025-01-20T07:30:00
186,135,view,2025-01-20T07:34:00
186,135,add_to_cart,2025-01-20T07:36:00
186,135,remove_cart,2025-01-20T07:38:00
186,143,view,2025-01-20T07:40:00
186,143,click,2025-01-20T07:44:00
186,68,review,2025-01-20T20:02:00
186,17,search,2025-01-21T09:11:00
186,17,view,2025-01-21T09:12:00
186,17,click,2025-01-21T09:13:00
186,17,add_to_cart,2025-01-21T09:16:00
186,17,purchase,2025-01-21T09:17:00
186,16,view,2025-01-21T09:22:00
186,16,click,2025-01-21T09:23:00
186,1,view,2025-01-21T09:26:00
186,1,click,2025-01-21T09:28:00
186,87,search,2025-01-23T14:41:00
186,87,view,2025-01-23T14:42:00
186,87,click,2025-01-23T14:46:00
186,87,add_to_cart,2025-01-23T14:47:00
186,87,purchase,2025-01-23T14:48:00
186,135,search,2025-01-25T07:00:00
186,135,view,2025-01-25T07:01:00
186,135,click,2025-01-25T07:04:00
186,135,add_to_cart,2025-01-25T07:07:00
186,135,purchase,2025-01-25T07:08:00
186,134,view,2025-01-25T07:17:00
186,134,click,2025-01-25T07:21:00
186,134,add_to_cart,2025-01-25T07:23:00
186,134,purchase,2025-01-25T07:25:00
186,149,view,2025-01-25T07:35:00
186,20,view,2025-01-26T06:38:00
186,20,click,2025-01-26T06:39:00
186,20,add_to_cart,2025-01-26T06:40:00
186,20,purchase,2025-01-26T06:42:00
186,2,view,2025-01-26T06:50:00
186,2,click,2025-01-26T06:51:00
186,11,view,2025-01-26T06:54:00
186,11,click,2025-01-26T06:55:00
186,11,add_to_cart,2025-01-26T06:57:00
186,11,purchase,2025-01-26T06:59:00
186,11,review,2025-02-02T07:04:00
186,87,review,2025-02-03T14:50:00
186,20,review,2025-02-07T06:50:00
187,37,view,2025-01-10T03:55:00
187,37,click,2025-01-10T03:56:00
187,28,view,2025-01-10T03:58:00
187,28,click,2025-01-10T04:00:00
187,72,view,2025-01-12T09:40:00
187,72,click,2025-01-12T09:41:00
187,82,view,2025-01-12T09:42:00
187,82,click,2025-01-12T09:43:00
187,84,view,2025-01-12T09:46:00
187,84,click,2025-01-12T09:50:00
187,84,add_to_cart,2025-01-12T09:52:00
187,84,remove_cart,2025-01-12T09:53:00
187,167,view,2025-01-15T08:01:00
187,167,click,2025-01-15T08:03:00
187,41,search,2025-01-17T21:00:00
187,41,view,2025-01-17T21:03:00
187,41,click,2025-01-17T21:04:00
187,41,add_to_cart,2025-01-17T21:07:00
187,41,purchase,2025-01-17T21:09:00
187,24,view,2025-01-17T21:16:00
187,24,click,2025-01-17T21:18:00
187,85,search,2025-01-20T10:13:00
187,85,view,2025-01-20T10:15:00
187,85,add_to_cart,2025-01-20T10:18:00
187,85,remove_cart,2025-01-20T10:19:00
187,84,view,2025-01-20T10:21:00
187,84,click,2025-01-20T10:24:00
187,84,add_to_cart,2025-01-20T10:26:00
187,84,purchase,2025-01-20T10:27:00
187,83,view,2025-01-20T10:30:00
187,83,click,2025-01-20T10:33:00
187,71,search,2025-01-23T01:37:00
187,71,view,2025-01-23T01:40:00
187,71,click,2025-01-23T01:44:00
187,71,add_to_cart,2025-01-23T01:47:00
187,71,remove_cart,2025-01-23T01:49:00
187,72,view,2025-01-23T01:50:00
187,72,click,2025-01-23T01:53:00
187,72,add_to_cart,2025-01-23T01:54:00
187,72,purchase,2025-01-23T01:55:00
187,78,view,2025-01-23T02:06:00
187,78,click,2025-01-23T02:10:00
187,41,review,2025-01-23T21:16:00
187,24,search,2025-01-25T10:55:00
187,24,view,2025-01-25T10:58:00
187,24,click,2025-01-25T11:02:00
187,41,view,2025-01-25T11:04:00
187,41,click,2025-01-25T11:05:00
187,36,view,2025-01-25T11:08:00
187,36,click,2025-01-25T11:10:00
187,86,search,2025-01-27T01:37:00
187,86,view,2025-01-27T01:38:00
187,86,click,2025-01-27T01:40:00
187,68,view,2025-01-27T01:43:00
187,68,click,2025-01-27T01:47:00
187,87,view,2025-01-29T11:07:00
187,87,click,2025-01-29T11:09:00
187,87,add_to_cart,2025-01-29T11:12:00
187,87,purchase,2025-01-29T11:13:00
187,73,view,2025-01-29T11:19:00
187,73,click,2025-01-29T11:21:00
187,73,add_to_cart,2025-01-29T11:22:00
187,73,remove_cart,2025-01-29T11:23:00
187,72,review,2025-02-05T02:06:00
187,87,review,2025-02-08T11:19:00
188,135,search,2025-01-12T04:17:00
188,135,view,2025-01-12T04:20:00
188,135,click,2025-01-12T04:23:00
188,135,add_to_cart,2025-01-12T04:26:00
188,135,remove_cart,2025-01-12T04:28:00
188,152,view,2025-01-12T04:30:00
188,152,click,2025-01-12T04:31:00
188,152,add_to_cart,2025-01-12T04:33:00
188,152,purchase,2025-01-12T04:35:00
188,141,view,2025-01-12T04:38:00
188,141,click,2025-01-12T04:42:00
188,141,add_to_cart,2025-01-12T04:44:00
188,141,remove_cart,2025-01-12T04:46:00
188,147,search,2025-01-13T05:27:00
188,147,view,2025-01-13T05:30:00
188,143,view,2025-01-13T05:31:00
188,143,click,2025-01-13T05:34:00
188,143,add_to_cart,2025-01-13T05:37:00
188,143,purchase,2025-01-13T05:39:00
188,137,view,2025-01-15T12:48:00
188,137,click,2025-01-15T12:49:00
188,137,add_to_cart,2025-01-15T12:50:00
188,137,purchase,2025-01-15T12:52:00
188,144,view,2025-01-15T12:56:00
188,144,click,2025-01-15T12:58:00
188,144,add_to_cart,2025-01-15T12:59:00
188,144,purchase,2025-01-15T13:01:00
188,134,view,2025-01-15T13:09:00
188,134,click,2025-01-15T13:13:00
188,149,search,2025-01-17T01:19:00
188,149,view,2025-01-17T01:20:00
188,149,click,2025-01-17T01:21:00
188,153,view,2025-01-19T15:38:00
188,153,click,2025-01-19T15:41:00
188,132,view,2025-01-19T15:44:00
188,132,click,2025-01-19T15:46:00
188,132,add_to_cart,2025-01-19T15:48:00
188,132,purchase,2025-01-19T15:49:00
188,151,view,2025-01-19T15:54:00
188,151,click,2025-01-19T15:56:00
188,50,search,2025-01-20T20:12:00
188,50,view,2025-01-20T20:13:00
188,50,click,2025-01-20T20:17:00
188,50,add_to_cart,2025-01-20T20:20:00
188,50,purchase,2025-01-20T20:21:00
188,132,review,2025-01-23T15:54:00
188,152,review,2025-01-24T04:38:00
189,62,search,2025-01-11T01:21:00
189,62,view,2025-01-11T01:23:00
189,62,click,2025-01-11T01:26:00
189,47,view,2025-01-11T01:27:00
189,47,click,2025-01-11T01:30:00
189,34,view,2025-01-13T19:13:00
189,34,click,2025-01-13T19:15:00
189,31,view,2025-01-13T19:18:00
189,31,click,2025-01-13T19:22:00
189,31,add_to_cart,2025-01-13T19:23:00
189,31,purchase,2025-01-13T19:24:00
189,38,view,2025-01-13T19:33:00
189,38,click,2025-01-13T19:36:00
189,31,review,2025-01-14T19:33:00
189,61,search,2025-01-16T11:16:00
189,61,view,2025-01-16T11:17:00
189,61,click,2025-01-16T11:21:00
189,42,search,2025-01-18T08:50:00
189,42,view,2025-01-18T08:53:00
189,42,click,2025-01-18T08:56:00
189,35,view,2025-01-18T08:58:00
189,35,click,2025-01-18T09:02:00
189,35,add_to_cart,2025-01-18T09:05:00
189,35,purchase,2025-01-18T09:07:00
189,41,view,2025-01-18T09:10:00
189,41,add_to_cart,2025-01-18T09:14:00
189,41,purchase,2025-01-18T09:15:00
189,26,view,2025-01-19T22:51:00
189,26,click,2025-01-19T22:55:00
189,26,add_to_cart,2025-01-19T22:57:00
189,26,remove_cart,2025-01-19T22:59:00
189,33,view,2025-01-19T23:01:00
189,33,click,2025-01-19T23:02:00
189,106,search,2025-01-20T22:17:00
189,106,view,2025-01-20T22:18:00
189,106,click,2025-01-20T22:21:00
189,109,view,2025-01-20T22:24:00
189,109,click,2025-01-20T22:27:00
189,109,add_to_cart,2025-01-20T22:29:00
189,109,purchase,2025-01-20T22:30:00
189,38,search,2025-01-22T07:57:00
189,38,view,2025-01-22T08:00:00
189,103,search,2025-01-25T01:47:00
189,103,view,2025-01-25T01:48:00
189,103,click,2025-01-25T01:51:00
189,103,add_to_cart,2025-01-25T01:52:00
189,103,purchase,2025-01-25T01:53:00
189,40,search,2025-01-26T10:55:00
189,40,view,2025-01-26T10:57:00
189,40,click,2025-01-26T11:01:00
189,90,search,2025-01-28T23:51:00
189,90,view,2025-01-28T23:54:00
189,90,click,2025-01-28T23:57:00
189,90,add_to_cart,2025-01-29T00:00:00
189,90,purchase,2025-01-29T00:01:00
189,108,view,2025-01-29T00:06:00
189,108,click,2025-01-29T00:08:00
189,108,add_to_cart,2025-01-29T00:09:00
189,108,purchase,2025-01-29T00:10:00
189,101,view,2025-01-29T00:14:00
189,101,click,2025-01-29T00:18:00
189,109,review,2025-02-01T22:38:00
189,90,review,2025-02-04T00:06:00
189,108,review,2025-02-08T00:14:00
189,103,review,2025-02-08T02:00:00
190,16,search,2025-01-06T04:22:00
190,16,view,2025-01-06T04:24:00
190,16,add_to_cart,2025-01-06T04:25:00
190,16,remove_cart,2025-01-06T04:27:00
190,138,search,2025-01-07T12:11:00
190,138,view,2025-01-07T12:14:00
190,138,click,2025-01-07T12:17:00
190,138,add_to_cart,2025-01-07T12:20:00
190,138,remove_cart,2025-01-07T12:21:00
190,140,view,2025-01-07T12:22:00
190,140,click,2025-01-07T12:24:00
190,140,add_to_cart,2025-01-07T12:26:00
190,140,remove_cart,2025-01-07T12:28:00
190,4,search,2025-01-10T08:57:00
190,4,view,2025-01-10T08:59:00
190,4,click,2025-01-10T09:03:00
190,4,add_to_cart,2025-01-10T09:05:00
190,4,purchase,2025-01-10T09:07:00
190,11,view,2025-01-12T13:12:00
190,11,click,2025-01-12T13:16:00
190,2,view,2025-01-12T13:18:00
190,2,click,2025-01-12T13:21:00
190,2,add_to_cart,2025-01-12T13:24:00
190,2,purchase,2025-01-12T13:25:00
190,17,view,2025-01-12T13:35:00
190,17,click,2025-01-12T13:37:00
190,17,add_to_cart,2025-01-12T13:38:00
190,17,purchase,2025-01-12T13:40:00
190,78,search,2025-01-14T04:17:00
190,78,view,2025-01-14T04:18:00
190,78,add_to_cart,2025-01-14T04:21:00
190,78,purchase,2025-01-14T04:23:00
190,80,view,2025-01-14T04:30:00
190,80,click,2025-01-14T04:34:00
190,80,add_to_cart,2025-01-14T04:36:00
190,80,purchase,2025-01-14T04:38:00
190,85,view,2025-01-16T05:46:00
190,85,click,2025-01-16T05:47:00
190,4,review,2025-01-17T09:15:00
190,13,search,2025-01-18T16:21:00
190,13,view,2025-01-18T16:24:00
190,13,click,2025-01-18T16:27:00
190,13,add_to_cart,2025-01-18T16:29:00
190,13,purchase,2025-01-18T16:31:00
190,12,view,2025-01-18T16:39:00
190,79,view,2025-01-20T21:24:00
190,79,add_to_cart,2025-01-20T21:25:00
190,79,remove_cart,2025-01-20T21:27:00
190,67,view,2025-01-20T21:28:00
190,67,click,2025-01-20T21:29:00
190,143,search,2025-01-21T15:08:00
190,143,view,2025-01-21T15:11:00
190,143,click,2025-01-21T15:15:00
190,143,add_to_cart,2025-01-21T15:16:00
190,143,purchase,2025-01-21T15:17:00
190,145,view,2025-01-21T15:24:00
190,145,click,2025-01-21T15:28:00
190,145,add_to_cart,2025-01-21T15:30:00
190,145,purchase,2025-01-21T15:31:00
190,134,view,2025-01-21T15:37:00
190,134,click,2025-01-21T15:38:00
190,134,add_to_cart,2025-01-21T15:41:00
190,134,purchase,2025-01-21T15:43:00
190,145,view,2025-01-23T21:43:00
190,145,click,2025-01-23T21:47:00
190,144,view,2025-01-23T21:48:00
190,144,click,2025-01-23T21:49:00
190,144,add_to_cart,2025-01-23T21:52:00
190,144,purchase,2025-01-23T21:54:00
190,153,view,2025-01-23T22:05:00
190,153,click,2025-01-23T22:06:00
190,153,add_to_cart,2025-01-23T22:09:00
190,153,purchase,2025-01-23T22:10:00
190,78,review,2025-01-24T04:30:00
190,13,review,2025-01-24T16:39:00
190,153,review,2025-01-26T22:15:00
190,145,review,2025-01-28T15:37:00
190,143,review,2025-02-02T15:24:00
191,51,search,2025-01-13T07:15:00
191,51,view,2025-01-13T07:17:00
191,51,add_to_cart,2025-01-13T07:19:00
191,51,purchase,2025-01-13T07:20:00
191,58,view,2025-01-13T07:25:00
191,58,click,2025-01-13T07:29:00
191,160,view,2025-01-15T07:08:00
191,160,click,2025-01-15T07:11:00
191,57,view,2025-01-18T02:33:00
191,57,click,2025-01-18T02:34:00
191,57,add_to_cart,2025-01-18T02:37:00
191,57,remove_cart,2025-01-18T02:38:00
191,52,view,2025-01-18T02:39:00
191,52,click,2025-01-18T02:41:00
191,171,search,2025-01-21T01:30:00
191,171,view,2025-01-21T01:32:00
191,171,click,2025-01-21T01:36:00
191,45,search,2025-01-22T03:36:00
191,45,view,2025-01-22T03:39:00
191,45,click,2025-01-22T03:41:00
191,56,search,2025-01-24T02:35:00
191,56,view,2025-01-24T02:36:00
191,56,click,2025-01-24T02:39:00
191,56,add_to_cart,2025-01-24T02:42:00
191,56,purchase,2025-01-24T02:44:00
191,53,view,2025-01-24T02:55:00
191,53,click,2025-01-24T02:56:00
191,53,add_to_cart,2025-01-24T02:59:00
191,53,purchase,2025-01-24T03:00:00
191,170,search,2025-01-25T15:39:00
191,170,view,2025-01-25T15:42:00
191,170,click,2025-01-25T15:44:00
191,157,view,2025-01-25T15:45:00
191,157,click,2025-01-25T15:46:00
191,83,view,2025-01-28T13:33:00
192,107,search,2025-01-08T02:11:00
192,107,view,2025-01-08T02:12:00
192,107,click,2025-01-08T02:13:00
192,133,search,2025-01-10T19:52:00
192,133,view,2025-01-10T19:53:00
192,133,click,2025-01-10T19:55:00
192,133,add_to_cart,2025-01-10T19:57:00
192,133,purchase,2025-01-10T19:58:00
192,30,view,2025-01-11T13:22:00
192,30,click,2025-01-11T13:25:00
192,89,view,2025-01-12T13:29:00
192,89,click,2025-01-12T13:32:00
192,135,search,2025-01-15T10:21:00
192,135,view,2025-01-15T10:24:00
192,135,click,2025-01-15T10:27:00
192,135,add_to_cart,2025-01-15T10:29:00
192,135,purchase,2025-01-15T10:31:00
192,133,view,2025-01-15T10:39:00
192,133,click,2025-01-15T10:42:00
192,133,add_to_cart,2025-01-15T10:44:00
192,133,purchase,2025-01-15T10:45:00
192,151,view,2025-01-15T10:48:00
192,151,click,2025-01-15T10:51:00
192,151,add_to_cart,2025-01-15T10:52:00
192,151,purchase,2025-01-15T10:53:00
192,144,search,2025-01-16T03:57:00
192,144,view,2025-01-16T04:00:00
192,144,click,2025-01-16T04:02:00
192,144,add_to_cart,2025-01-16T04:04:00
192,144,purchase,2025-01-16T04:05:00
192,152,view,2025-01-16T04:09:00
192,152,click,2025-01-16T04:11:00
192,151,view,2025-01-16T04:12:00
192,151,click,2025-01-16T04:16:00
192,151,add_to_cart,2025-01-16T04:19:00
192,151,purchase,2025-01-16T04:21:00
192,39,search,2025-01-17T05:12:00
192,39,view,2025-01-17T05:15:00
192,39,click,2025-01-17T05:16:00
192,39,add_to_cart,2025-01-17T05:17:00
192,39,remove_cart,2025-01-17T05:18:00
192,151,review,2025-01-17T10:56:00
192,133,review,2025-01-17T20:01:00
192,144,review,2025-01-25T04:09:00
192,133,review,2025-01-25T10:48:00
192,135,review,2025-01-28T10:39:00
193,133,search,2025-01-03T15:09:00
193,133,view,2025-01-03T15:12:00
193,133,add_to_cart,2025-01-03T15:16:00
193,133,purchase,2025-01-03T15:18:00
193,138,view,2025-01-03T15:22:00
193,138,add_to_cart,2025-01-03T15:26:00
193,138,remove_cart,2025-01-03T15:28:00
193,155,view,2025-01-05T12:26:00
193,155,click,2025-01-05T12:27:00
193,164,view,2025-01-05T12:28:00
193,164,click,2025-01-05T12:32:00
193,164,add_to_cart,2025-01-05T12:34:00
193,164,remove_cart,2025-01-05T12:35:00
193,175,view,2025-01-05T12:36:00
193,175,click,2025-01-05T12:39:00
193,133,review,2025-01-07T15:22:00
193,57,view,2025-01-07T21:19:00
193,57,click,2025-01-07T21:20:00
193,57,add_to_cart,2025-01-07T21:21:00
193,57,purchase,2025-01-07T21:22:00
193,55,view,2025-01-07T21:33:00
193,55,add_to_cart,2025-01-07T21:37:00
193,55,remove_cart,2025-01-07T21:38:00
193,54,search,2025-01-09T00:12:00
193,54,view,2025-01-09T00:15:00
193,54,click,2025-01-09T00:19:00
193,54,add_to_cart,2025-01-09T00:21:00
193,54,remove_cart,2025-01-09T00:22:00
193,56,view,2025-01-09T00:24:00
193,56,click,2025-01-09T00:25:00
193,47,view,2025-01-09T00:26:00
193,47,click,2025-01-09T00:28:00
193,160,search,2025-01-09T13:28:00
193,160,view,2025-01-09T13:31:00
193,160,click,2025-01-09T13:34:00
193,171,view,2025-01-09T13:36:00
193,171,click,2025-01-09T13:37:00
193,171,add_to_cart,2025-01-09T13:40:00
193,171,remove_cart,2025-01-09T13:41:00
193,166,view,2025-01-09T13:42:00
193,50,search,2025-01-12T14:30:00
193,50,view,2025-01-12T14:32:00
193,50,click,2025-01-12T14:33:00
193,50,add_to_cart,2025-01-12T14:34:00
193,50,purchase,2025-01-12T14:35:00
193,60,view,2025-01-12T14:40:00
193,60,click,2025-01-12T14:42:00
193,48,view,2025-01-12T14:43:00
193,48,click,2025-01-12T14:47:00
193,48,add_to_cart,2025-01-12T14:50:00
193,48,purchase,2025-01-12T14:52:00
193,43,search,2025-01-13T19:51:00
193,43,view,2025-01-13T19:54:00
193,43,click,2025-01-13T19:58:00
193,60,view,2025-01-13T20:01:00
193,60,click,2025-01-13T20:05:00
193,60,add_to_cart,2025-01-13T20:07:00
193,60,purchase,2025-01-13T20:08:00
193,57,review,2025-01-14T21:33:00
193,50,review,2025-01-15T14:40:00
193,153,search,2025-01-16T17:22:00
193,153,view,2025-01-16T17:23:00
193,153,click,2025-01-16T17:24:00
193,153,add_to_cart,2025-01-16T17:25:00
193,153,remove_cart,2025-01-16T17:26:00
193,137,view,2025-01-16T17:28:00
193,137,click,2025-01-16T17:32:00
193,148,view,2025-01-16T17:34:00
193,148,click,2025-01-16T17:38:00
193,151,search,2025-01-19T18:05:00
193,151,view,2025-01-19T18:08:00
193,151,click,2025-01-19T18:10:00
193,150,search,2025-01-21T03:21:00
193,150,view,2025-01-21T03:23:00
193,150,click,2025-01-21T03:25:00
193,150,add_to_cart,2025-01-21T03:27:00
193,150,purchase,2025-01-21T03:29:00
193,147,view,2025-01-21T03:36:00
193,60,review,2025-01-24T20:12:00
194,109,search,2025-01-09T13:45:00
194,109,view,2025-01-09T13:48:00
194,109,click,2025-01-09T13:52:00
194,109,add_to_cart,2025-01-09T13:53:00
194,109,purchase,2025-01-09T13:55:00
194,189,search,2025-01-10T23:21:00
194,189,view,2025-01-10T23:23:00
194,189,click,2025-01-10T23:26:00
194,184,view,2025-01-10T23:27:00
194,184,click,2025-01-10T23:31:00
194,107,search,2025-01-13T23:18:00
194,107,view,2025-01-13T23:19:00
194,107,click,2025-01-13T23:21:00
194,101,view,2025-01-13T23:24:00
194,101,click,2025-01-13T23:25:00
194,95,view,2025-01-13T23:27:00
194,95,click,2025-01-13T23:28:00
194,95,add_to_cart,2025-01-13T23:31:00
194,95,purchase,2025-01-13T23:33:00
194,170,search,2025-01-15T05:25:00
194,170,view,2025-01-15T05:28:00
194,170,click,2025-01-15T05:30:00
194,101,search,2025-01-15T21:09:00
194,101,view,2025-01-15T21:11:00
194,101,click,2025-01-15T21:15:00
194,105,view,2025-01-15T21:16:00
194,105,click,2025-01-15T21:17:00
194,105,add_to_cart,2025-01-15T21:18:00
194,105,purchase,2025-01-15T21:20:00
194,102,search,2025-01-18T08:38:00
194,102,view,2025-01-18T08:41:00
194,102,click,2025-01-18T08:45:00
194,95,review,2025-01-18T23:37:00
194,109,review,2025-01-19T14:07:00
194,96,search,2025-01-21T04:49:00
194,96,view,2025-01-21T04:52:00
194,96,add_to_cart,2025-01-21T04:54:00
194,96,purchase,2025-01-21T04:56:00
194,101,view,2025-01-21T05:02:00
194,101,click,2025-01-21T05:06:00
194,164,view,2025-01-24T04:51:00
194,164,click,2025-01-24T04:54:00
194,164,add_to_cart,2025-01-24T04:55:00
194,164,purchase,2025-01-24T04:56:00
194,160,view,2025-01-24T05:03:00
194,160,click,2025-01-24T05:05:00
194,166,view,2025-01-24T05:07:00
194,108,search,2025-01-25T06:44:00
194,108,view,2025-01-25T06:45:00
194,108,click,2025-01-25T06:49:00
194,109,view,2025-01-25T06:51:00
194,109,add_to_cart,2025-01-25T06:52:00
194,109,purchase,2025-01-25T06:54:00
194,109,review,2025-02-02T07:05:00
194,164,review,2025-02-05T05:03:00
195,193,search,2025-01-11T20:53:00
195,193,view,2025-01-11T20:55:00
195,193,click,2025-01-11T20:58:00
195,195,view,2025-01-11T21:01:00
195,195,click,2025-01-11T21:02:00
195,90,search,2025-01-13T21:46:00
195,90,view,2025-01-13T21:48:00
195,90,click,2025-01-13T21:49:00
195,92,view,2025-01-13T21:52:00
195,92,click,2025-01-13T21:55:00
195,92,add_to_cart,2025-01-13T21:56:00
195,92,purchase,2025-01-13T21:58:00
195,200,search,2025-01-16T04:38:00
195,200,view,2025-01-16T04:40:00
195,200,click,2025-01-16T04:44:00
195,196,view,2025-01-16T04:46:00
195,196,click,2025-01-16T04:47:00
195,196,add_to_cart,2025-01-16T04:49:00
195,196,purchase,2025-01-16T04:51:00
195,186,view,2025-01-16T04:56:00
195,186,click,2025-01-16T04:59:00
195,46,view,2025-01-19T00:27:00
195,53,view,2025-01-19T00:29:00
195,53,click,2025-01-19T00:32:00
195,52,search,2025-01-21T19:40:00
195,52,view,2025-01-21T19:42:00
195,52,click,2025-01-21T19:46:00
195,186,search,2025-01-24T01:03:00
195,186,view,2025-01-24T01:04:00
195,186,click,2025-01-24T01:07:00
195,186,add_to_cart,2025-01-24T01:09:00
195,186,purchase,2025-01-24T01:10:00
195,92,review,2025-01-24T22:02:00
195,93,search,2025-01-25T11:45:00
195,93,view,2025-01-25T11:48:00
195,93,click,2025-01-25T11:51:00
195,93,add_to_cart,2025-01-25T11:52:00
195,93,purchase,2025-01-25T11:54:00
195,98,search,2025-01-27T05:19:00
195,98,view,2025-01-27T05:21:00
195,98,click,2025-01-27T05:23:00
195,108,view,2025-01-27T05:24:00
195,108,click,2025-01-27T05:27:00
195,99,view,2025-01-27T05:28:00
195,99,click,2025-01-27T05:31:00
195,99,add_to_cart,2025-01-27T05:34:00
195,99,purchase,2025-01-27T05:36:00
195,93,review,2025-01-27T12:06:00
195,92,view,2025-01-29T20:43:00
195,92,click,2025-01-29T20:46:00
195,186,review,2025-02-02T01:22:00
195,99,review,2025-02-03T05:46:00
196,52,search,2025-01-04T03:29:00
196,52,view,2025-01-04T03:31:00
196,52,click,2025-01-04T03:35:00
196,52,add_to_cart,2025-01-04T03:36:00
196,52,purchase,2025-01-04T03:38:00
196,32,search,2025-01-04T23:22:00
196,32,view,2025-01-04T23:24:00
196,141,search,2025-01-07T09:16:00
196,141,view,2025-01-07T09:17:00
196,141,click,2025-01-07T09:21:00
196,143,view,2025-01-07T09:24:00
196,143,click,2025-01-07T09:25:00
196,143,add_to_cart,2025-01-07T09:27:00
196,143,purchase,2025-01-07T09:28:00
196,44,search,2025-01-09T10:20:00
196,44,view,2025-01-09T10:23:00
196,44,click,2025-01-09T10:24:00
196,55,view,2025-01-09T10:26:00
196,55,add_to_cart,2025-01-09T10:28:00
196,55,purchase,2025-01-09T10:29:00
196,57,view,2025-01-09T10:33:00
196,57,click,2025-01-09T10:36:00
196,37,search,2025-01-11T17:52:00
196,37,view,2025-01-11T17:53:00
196,37,click,2025-01-11T17:57:00
196,37,add_to_cart,2025-01-11T17:58:00
196,37,purchase,2025-01-11T18:00:00
196,35,view,2025-01-11T18:11:00
196,35,click,2025-01-11T18:12:00
196,134,search,2025-01-12T21:04:00
196,134,view,2025-01-12T21:05:00
196,134,click,2025-01-12T21:07:00
196,134,add_to_cart,2025-01-12T21:08:00
196,134,purchase,2025-01-12T21:09:00
196,138,view,2025-01-12T21:15:00
196,138,add_to_cart,2025-01-12T21:18:00
196,138,purchase,2025-01-12T21:20:00
196,36,search,2025-01-15T22:09:00
196,36,view,2025-01-15T22:10:00
196,36,click,2025-01-15T22:12:00
196,36,add_to_cart,2025-01-15T22:15:00
196,36,purchase,2025-01-15T22:16:00
196,37,view,2025-01-15T22:28:00
196,37,click,2025-01-15T22:31:00
196,25,view,2025-01-15T22:33:00
196,25,click,2025-01-15T22:35:00
196,64,view,2025-01-17T12:51:00
196,64,click,2025-01-17T12:55:00
196,37,review,2025-01-19T18:11:00
196,55,review,2025-01-22T10:33:00
196,134,review,2025-01-23T21:15:00
196,138,review,2025-01-24T21:25:00
197,61,search,2025-01-11T06:51:00
197,61,view,2025-01-11T06:52:00
197,61,click,2025-01-11T06:54:00
197,61,add_to_cart,2025-01-11T06:55:00
197,61,purchase,2025-01-11T06:56:00
197,46,view,2025-01-11T07:00:00
197,106,view,2025-01-13T22:40:00
197,92,view,2025-01-13T22:44:00
197,98,view,2025-01-13T22:48:00
197,98,click,2025-01-13T22:51:00
197,33,search,2025-01-15T05:52:00
197,33,view,2025-01-15T05:55:00
197,33,click,2025-01-15T05:56:00
197,31,view,2025-01-15T05:59:00
197,31,click,2025-01-15T06:02:00
197,23,search,2025-01-15T21:17:00
197,23,view,2025-01-15T21:20:00
197,23,click,2025-01-15T21:21:00
197,23,add_to_cart,2025-01-15T21:22:00
197,23,purchase,2025-01-15T21:24:00
197,33,view,2025-01-15T21:27:00
197,33,add_to_cart,2025-01-15T21:31:00
197,33,remove_cart,2025-01-15T21:32:00
197,27,view,2025-01-15T21:33:00
197,27,click,2025-01-15T21:36:00
197,27,add_to_cart,2025-01-15T21:37:00
197,27,purchase,2025-01-15T21:39:00
197,37,search,2025-01-16T20:15:00
197,37,view,2025-01-16T20:17:00
197,37,click,2025-01-16T20:18:00
197,57,search,2025-01-17T11:07:00
197,57,view,2025-01-17T11:09:00
197,57,click,2025-01-17T11:13:00
197,57,add_to_cart,2025-01-17T11:16:00
197,57,purchase,2025-01-17T11:18:00
197,58,view,2025-01-17T11:29:00
197,58,click,2025-01-17T11:33:00
197,93,search,2025-01-19T06:45:00
197,93,view,2025-01-19T06:48:00
197,93,click,2025-01-19T06:52:00
197,93,add_to_cart,2025-01-19T06:55:00
197,93,purchase,2025-01-19T06:57:00
197,91,view,2025-01-19T07:02:00
197,91,click,2025-01-19T07:04:00
197,23,review,2025-01-20T21:27:00
197,62,search,2025-01-21T00:25:00
197,62,view,2025-01-21T00:28:00
197,62,click,2025-01-21T00:29:00
197,56,view,2025-01-21T00:31:00
197,56,click,2025-01-21T00:33:00
197,56,add_to_cart,2025-01-21T00:34:00
197,56,purchase,2025-01-21T00:36:00
197,103,search,2025-01-22T03:06:00
197,103,view,2025-01-22T03:09:00
197,103,click,2025-01-22T03:10:00
197,108,view,2025-01-22T03:13:00
197,108,click,2025-01-22T03:14:00
197,88,view,2025-01-22T03:15:00
197,88,click,2025-01-22T03:18:00
197,88,add_to_cart,2025-01-22T03:19:00
197,88,purchase,2025-01-22T03:20:00
197,48,search,2025-01-23T13:28:00
197,48,view,2025-01-23T13:31:00
197,48,click,2025-01-23T13:33:00
197,46,view,2025-01-23T13:35:00
197,46,add_to_cart,2025-01-23T13:38:00
197,46,remove_cart,2025-01-23T13:39:00
197,57,review,2025-01-25T11:29:00
197,56,review,2025-01-31T00:47:00
197,93,review,2025-02-02T07:02:00
198,9,view,2025-01-09T09:09:00
198,9,click,2025-01-09T09:11:00
198,17,view,2025-01-09T09:13:00
198,17,click,2025-01-09T09:16:00
198,143,view,2025-01-10T13:15:00
198,143,click,2025-01-10T13:16:00
198,146,view,2025-01-10T13:18:00
198,146,click,2025-01-10T13:22:00
198,137,search,2025-01-13T00:30:00
198,137,view,2025-01-13T00:31:00
198,137,add_to_cart,2025-01-13T00:33:00
198,137,purchase,2025-01-13T00:34:00
198,103,search,2025-01-15T23:55:00
198,103,view,2025-01-15T23:58:00
198,103,click,2025-01-16T00:02:00
198,103,add_to_cart,2025-01-16T00:04:00
198,103,purchase,2025-01-16T00:06:00
198,106,view,2025-01-16T00:11:00
198,88,view,2025-01-16T00:15:00
198,88,click,2025-01-16T00:18:00
198,88,search,2025-01-16T17:45:00
198,88,view,2025-01-16T17:46:00
198,88,click,2025-01-16T17:49:00
198,88,add_to_cart,2025-01-16T17:51:00
198,88,remove_cart,2025-01-16T17:53:00
198,98,view,2025-01-16T17:55:00
198,98,click,2025-01-16T17:59:00
198,98,add_to_cart,2025-01-16T18:02:00
198,98,remove_cart,2025-01-16T18:03:00
198,142,view,2025-01-19T11:50:00
198,142,click,2025-01-19T11:54:00
198,152,view,2025-01-19T11:57:00
198,152,click,2025-01-19T11:58:00
198,139,search,2025-01-20T11:16:00
198,139,view,2025-01-20T11:18:00
198,139,click,2025-01-20T11:22:00
198,4,search,2025-01-21T18:58:00
198,4,view,2025-01-21T19:01:00
198,4,click,2025-01-21T19:02:00
198,1,view,2025-01-21T19:05:00
198,1,click,2025-01-21T19:09:00
198,103,review,2025-01-23T00:11:00
198,99,view,2025-01-23T07:11:00
198,99,click,2025-01-23T07:14:00
198,137,review,2025-01-24T00:41:00
198,106,search,2025-01-25T22:45:00
198,106,view,2025-01-25T22:46:00
198,106,click,2025-01-25T22:47:00
198,97,view,2025-01-25T22:49:00
198,97,click,2025-01-25T22:53:00
198,97,add_to_cart,2025-01-25T22:55:00
198,97,purchase,2025-01-25T22:57:00
198,97,review,2025-02-04T23:06:00
199,170,search,2025-01-06T16:43:00
199,170,view,2025-01-06T16:44:00
199,170,click,2025-01-06T16:45:00
199,164,view,2025-01-06T16:47:00
199,164,click,2025-01-06T16:51:00
199,166,search,2025-01-09T03:31:00
199,166,view,2025-01-09T03:34:00
199,166,click,2025-01-09T03:38:00
199,166,add_to_cart,2025-01-09T03:41:00
199,166,purchase,2025-01-09T03:43:00
199,172,view,2025-01-09T03:52:00
199,54,search,2025-01-11T16:37:00
199,54,view,2025-01-11T16:40:00
199,54,click,2025-01-11T16:44:00
199,57,view,2025-01-11T16:45:00
199,44,view,2025-01-11T16:47:00
199,44,click,2025-01-11T16:51:00
199,44,add_to_cart,2025-01-11T16:52:00
199,44,purchase,2025-01-11T16:54:00
199,28,search,2025-01-13T23:51:00
199,28,view,2025-01-13T23:54:00
199,28,click,2025-01-13T23:56:00
199,28,add_to_cart,2025-01-13T23:57:00
199,28,remove_cart,2025-01-13T23:58:00
199,42,view,2025-01-13T23:59:00
199,42,click,2025-01-14T00:01:00
199,42,add_to_cart,2025-01-14T00:02:00
199,42,remove_cart,2025-01-14T00:04:00
199,35,search,2025-01-16T00:22:00
199,35,view,2025-01-16T00:25:00
199,35,click,2025-01-16T00:26:00
199,168,search,2025-01-18T20:53:00
199,168,view,2025-01-18T20:54:00
199,168,click,2025-01-18T20:57:00
199,168,add_to_cart,2025-01-18T21:00:00
199,168,purchase,2025-01-18T21:02:00
199,171,view,2025-01-18T21:04:00
199,171,click,2025-01-18T21:07:00
199,171,add_to_cart,2025-01-18T21:10:00
199,171,purchase,2025-01-18T21:12:00
199,39,search,2025-01-19T19:42:00
199,39,view,2025-01-19T19:44:00
199,39,click,2025-01-19T19:46:00
199,39,add_to_cart,2025-01-19T19:47:00
199,39,purchase,2025-01-19T19:49:00
199,23,view,2025-01-19T19:55:00
199,23,click,2025-01-19T19:58:00
199,31,view,2025-01-19T19:59:00
199,31,click,2025-01-19T20:03:00
199,23,search,2025-01-20T10:20:00
199,23,view,2025-01-20T10:21:00
199,23,click,2025-01-20T10:23:00
199,28,view,2025-01-20T10:24:00
199,28,add_to_cart,2025-01-20T10:25:00
199,28,purchase,2025-01-20T10:27:00
199,44,review,2025-01-20T17:01:00
199,171,review,2025-01-20T21:19:00
199,166,review,2025-01-22T03:52:00
199,27,view,2025-01-22T11:08:00
199,40,view,2025-01-22T11:10:00
199,40,click,2025-01-22T11:12:00
199,40,add_to_cart,2025-01-22T11:15:00
199,40,purchase,2025-01-22T11:16:00
199,38,view,2025-01-22T11:27:00
199,38,click,2025-01-22T11:29:00
199,35,search,2025-01-23T06:57:00
199,35,view,2025-01-23T06:58:00
199,35,click,2025-01-23T07:00:00
199,35,add_to_cart,2025-01-23T07:03:00
199,35,remove_cart,2025-01-23T07:04:00
199,32,view,2025-01-23T07:05:00
199,32,click,2025-01-23T07:06:00
199,32,add_to_cart,2025-01-23T07:08:00
199,32,remove_cart,2025-01-23T07:09:00
199,41,view,2025-01-23T07:10:00
199,41,click,2025-01-23T07:12:00
199,168,review,2025-01-25T21:04:00
199,40,review,2025-01-29T11:27:00
200,34,search,2025-01-11T11:25:00
200,34,view,2025-01-11T11:27:00
200,34,click,2025-01-11T11:29:00
200,34,add_to_cart,2025-01-11T11:32:00
200,34,purchase,2025-01-11T11:34:00
200,31,view,2025-01-11T11:38:00
200,31,click,2025-01-11T11:41:00
200,35,search,2025-01-13T19:25:00
200,35,view,2025-01-13T19:27:00
200,35,click,2025-01-13T19:30:00
200,35,add_to_cart,2025-01-13T19:31:00
200,35,remove_cart,2025-01-13T19:33:00
200,40,view,2025-01-14T08:11:00
200,40,click,2025-01-14T08:15:00
200,29,view,2025-01-14T08:16:00
200,29,click,2025-01-14T08:18:00
200,41,view,2025-01-14T08:21:00
200,41,click,2025-01-14T08:25:00
200,42,search,2025-01-15T10:34:00
200,42,view,2025-01-15T10:35:00
200,42,click,2025-01-15T10:38:00
200,42,add_to_cart,2025-01-15T10:41:00
200,42,purchase,2025-01-15T10:42:00
200,27,view,2025-01-15T10:51:00
200,27,click,2025-01-15T10:52:00
200,27,add_to_cart,2025-01-15T10:55:00
200,27,purchase,2025-01-15T10:57:00
200,41,search,2025-01-16T07:01:00
200,41,view,2025-01-16T07:04:00
200,41,click,2025-01-16T07:06:00
200,41,add_to_cart,2025-01-16T07:09:00
200,41,remove_cart,2025-01-16T07:10:00
200,110,view,2025-01-18T07:52:00
200,110,click,2025-01-18T07:56:00
200,110,add_to_cart,2025-01-18T07:59:00
200,110,purchase,2025-01-18T08:00:00
200,118,view,2025-01-18T08:12:00
200,118,click,2025-01-18T08:15:00
200,118,add_to_cart,2025-01-18T08:16:00
200,118,purchase,2025-01-18T08:17:00
200,110,search,2025-01-21T06:19:00
200,110,view,2025-01-21T06:21:00
200,110,click,2025-01-21T06:24:00
200,42,review,2025-01-21T10:51:00
200,32,search,2025-01-23T06:16:00
200,32,view,2025-01-23T06:17:00
200,32,click,2025-01-23T06:21:00
200,32,add_to_cart,2025-01-23T06:22:00
200,32,purchase,2025-01-23T06:23:00
200,118,review,2025-01-23T08:29:00
200,32,review,2025-01-25T06:33:00
200,21,view,2025-01-26T07:23:00
200,21,click,2025-01-26T07:27:00
200,21,add_to_cart,2025-01-26T07:30:00
200,21,purchase,2025-01-26T07:32:00
200,19,view,2025-01-26T07:38:00
200,19,click,2025-01-26T07:41:00
200,21,review,2025-02-06T07:38:00
201,179,view,2025-01-10T15:25:00
201,179,click,2025-01-10T15:28:00
201,186,view,2025-01-10T15:31:00
201,186,click,2025-01-10T15:32:00
201,162,search,2025-01-13T15:09:00
201,162,view,2025-01-13T15:12:00
201,162,click,2025-01-13T15:15:00
201,196,search,2025-01-14T05:03:00
201,196,view,2025-01-14T05:05:00
201,196,click,2025-01-14T05:06:00
201,191,search,2025-01-15T19:16:00
201,191,view,2025-01-15T19:17:00
201,191,click,2025-01-15T19:21:00
201,162,search,2025-01-16T17:23:00
201,162,view,2025-01-16T17:25:00
201,162,click,2025-01-16T17:27:00
201,173,view,2025-01-16T17:28:00
201,175,search,2025-01-18T02:40:00
201,175,view,2025-01-18T02:41:00
201,175,click,2025-01-18T02:42:00
201,178,search,2025-01-19T22:38:00
201,178,view,2025-01-19T22:41:00
201,184,view,2025-01-19T22:42:00
201,184,click,2025-01-19T22:45:00
201,173,search,2025-01-22T10:05:00
201,173,view,2025-01-22T10:07:00
201,173,click,2025-01-22T10:09:00
201,170,view,2025-01-22T10:12:00
201,170,click,2025-01-22T10:15:00
201,170,add_to_cart,2025-01-22T10:18:00
201,170,purchase,2025-01-22T10:20:00
201,154,search,2025-01-25T00:21:00
201,154,view,2025-01-25T00:23:00
201,154,click,2025-01-25T00:27:00
201,154,add_to_cart,2025-01-25T00:28:00
201,154,remove_cart,2025-01-25T00:29:00
201,159,view,2025-01-25T00:30:00
201,159,click,2025-01-25T00:32:00
201,167,view,2025-01-25T00:33:00
201,167,click,2025-01-25T00:34:00
201,167,add_to_cart,2025-01-25T00:36:00
201,167,purchase,2025-01-25T00:38:00
201,167,review,2025-01-29T00:47:00
202,48,search,2025-01-09T11:07:00
202,48,view,2025-01-09T11:09:00
202,48,click,2025-01-09T11:11:00
202,48,add_to_cart,2025-01-09T11:14:00
202,48,purchase,2025-01-09T11:16:00
202,63,view,2025-01-09T11:23:00
202,63,add_to_cart,2025-01-09T11:26:00
202,63,purchase,2025-01-09T11:27:00
202,176,search,2025-01-12T05:45:00
202,176,view,2025-01-12T05:48:00
202,176,click,2025-01-12T05:50:00
202,176,add_to_cart,2025-01-12T05:53:00
202,176,purchase,2025-01-12T05:55:00
202,184,view,2025-01-12T06:00:00
202,184,click,2025-01-12T06:02:00
202,184,add_to_cart,2025-01-12T06:05:00
202,184,remove_cart,2025-01-12T06:06:00
202,186,view,2025-01-12T06:08:00
202,186,click,2025-01-12T06:10:00
202,44,search,2025-01-13T05:25:00
202,44,view,2025-01-13T05:26:00
202,44,click,2025-01-13T05:28:00
202,128,view,2025-01-14T06:15:00
202,128,click,2025-01-14T06:17:00
202,128,add_to_cart,2025-01-14T06:18:00
202,128,purchase,2025-01-14T06:20:00
202,127,view,2025-01-14T06:28:00
202,127,click,2025-01-14T06:30:00
202,121,view,2025-01-14T06:31:00
202,121,click,2025-01-14T06:32:00
202,121,add_to_cart,2025-01-14T06:34:00
202,121,remove_cart,2025-01-14T06:36:00
202,44,search,2025-01-15T04:35:00
202,44,view,2025-01-15T04:38:00
202,44,add_to_cart,2025-01-15T04:41:00
202,44,remove_cart,2025-01-15T04:42:00
202,51,view,2025-01-15T04:43:00
202,51,click,2025-01-15T04:46:00
202,51,add_to_cart,2025-01-15T04:47:00
202,51,purchase,2025-01-15T04:48:00
202,47,view,2025-01-15T04:50:00
202,47,click,2025-01-15T04:51:00
202,176,review,2025-01-16T06:00:00
202,43,search,2025-01-17T14:39:00
202,43,view,2025-01-17T14:42:00
202,43,click,2025-01-17T14:45:00
202,54,view,2025-01-17T14:47:00
202,54,click,2025-01-17T14:48:00
202,54,add_to_cart,2025-01-17T14:50:00
202,54,purchase,2025-01-17T14:52:00
202,128,review,2025-01-18T06:28:00
202,54,review,2025-01-19T14:59:00
203,174,search,2025-01-05T09:15:00
203,174,view,2025-01-05T09:17:00
203,174,click,2025-01-05T09:18:00
203,158,view,2025-01-05T09:19:00
203,158,click,2025-01-05T09:20:00
203,162,view,2025-01-05T09:23:00
203,162,click,2025-01-05T09:27:00
203,162,add_to_cart,2025-01-05T09:28:00
203,162,purchase,2025-01-05T09:29:00
203,142,search,2025-01-07T12:07:00
203,142,view,2025-01-07T12:10:00
203,142,click,2025-01-07T12:13:00
203,185,search,2025-01-08T12:58:00
203,185,view,2025-01-08T13:00:00
203,162,review,2025-01-10T09:32:00
203,155,view,2025-01-11T11:19:00
203,155,click,2025-01-11T11:23:00
203,157,view,2025-01-11T11:24:00
203,157,click,2025-01-11T11:26:00
203,156,view,2025-01-11T11:29:00
203,156,click,2025-01-11T11:30:00
203,156,add_to_cart,2025-01-11T11:31:00
203,156,purchase,2025-01-11T11:33:00
203,157,search,2025-01-13T06:26:00
203,157,view,2025-01-13T06:28:00
203,157,click,2025-01-13T06:29:00
203,157,add_to_cart,2025-01-13T06:32:00
203,157,purchase,2025-01-13T06:34:00
203,167,view,2025-01-13T06:36:00
203,167,click,2025-01-13T06:37:00
203,167,add_to_cart,2025-01-13T06:39:00
203,167,purchase,2025-01-13T06:41:00
203,170,view,2025-01-13T06:51:00
203,170,click,2025-01-13T06:55:00
203,170,add_to_cart,2025-01-13T06:58:00
203,170,purchase,2025-01-13T07:00:00
203,170,review,2025-01-14T07:09:00
203,171,search,2025-01-15T14:04:00
203,171,view,2025-01-15T14:05:00
203,171,click,2025-01-15T14:07:00
203,171,add_to_cart,2025-01-15T14:09:00
203,171,purchase,2025-01-15T14:10:00
203,157,view,2025-01-15T14:15:00
203,157,add_to_cart,2025-01-15T14:16:00
203,157,purchase,2025-01-15T14:18:00
203,175,view,2025-01-15T14:28:00
203,175,click,2025-01-15T14:31:00
203,175,add_to_cart,2025-01-15T14:33:00
203,175,purchase,2025-01-15T14:35:00
203,175,review,2025-01-17T14:40:00
203,191,view,2025-01-17T14:42:00
203,191,click,2025-01-17T14:46:00
203,191,add_to_cart,2025-01-17T14:49:00
203,191,remove_cart,2025-01-17T14:51:00
203,184,view,2025-01-17T14:53:00
203,184,add_to_cart,2025-01-17T14:57:00
203,184,purchase,2025-01-17T14:59:00
203,184,review,2025-01-27T15:01:00
204,111,view,2025-01-05T14:37:00
204,111,click,2025-01-05T14:38:00
204,111,add_to_cart,2025-01-05T14:39:00
204,111,purchase,2025-01-05T14:41:00
204,130,view,2025-01-05T14:46:00
204,130,click,2025-01-05T14:50:00
204,130,add_to_cart,2025-01-05T14:51:00
204,130,remove_cart,2025-01-05T14:52:00
204,124,view,2025-01-05T14:54:00
204,124,click,2025-01-05T14:58:00
204,119,search,2025-01-07T09:42:00
204,119,view,2025-01-07T09:43:00
204,119,click,2025-01-07T09:45:00
204,119,add_to_cart,2025-01-07T09:46:00
204,119,purchase,2025-01-07T09:48:00
204,127,view,2025-01-07T09:54:00
204,127,add_to_cart,2025-01-07T09:55:00
204,127,purchase,2025-01-07T09:56:00
204,119,review,2025-01-08T09:54:00
204,29,search,2025-01-08T23:38:00
204,29,view,2025-01-08T23:41:00
204,29,click,2025-01-08T23:45:00
204,29,add_to_cart,2025-01-08T23:47:00
204,29,remove_cart,2025-01-08T23:48:00
204,41,view,2025-01-08T23:50:00
204,41,click,2025-01-08T23:52:00
204,41,add_to_cart,2025-01-08T23:55:00
204,41,purchase,2025-01-08T23:56:00
204,38,view,2025-01-09T00:02:00
204,38,click,2025-01-09T00:05:00
204,140,view,2025-01-11T00:42:00
204,140,click,2025-01-11T00:46:00
204,140,add_to_cart,2025-01-11T00:48:00
204,140,remove_cart,2025-01-11T00:50:00
204,135,view,2025-01-11T00:52:00
204,135,click,2025-01-11T00:54:00
204,146,view,2025-01-11T00:57:00
204,146,click,2025-01-11T01:01:00
204,146,add_to_cart,2025-01-11T01:03:00
204,146,purchase,2025-01-11T01:05:00
204,41,review,2025-01-12T00:02:00
204,114,view,2025-01-12T04:04:00
204,114,click,2025-01-12T04:05:00
204,121,search,2025-01-12T21:50:00
204,121,view,2025-01-12T21:53:00
204,121,click,2025-01-12T21:54:00
204,111,review,2025-01-13T14:46:00
204,146,review,2025-01-14T01:07:00
204,39,search,2025-01-15T18:53:00
204,39,view,2025-01-15T18:54:00
204,39,click,2025-01-15T18:58:00
205,60,search,2025-01-09T07:40:00
205,60,view,2025-01-09T07:43:00
205,60,click,2025-01-09T07:47:00
205,60,add_to_cart,2025-01-09T07:49:00
205,60,purchase,2025-01-09T07:50:00
205,52,view,2025-01-09T08:01:00
205,52,click,2025-01-09T08:04:00
205,52,add_to_cart,2025-01-09T08:05:00
205,52,purchase,2025-01-09T08:06:00
205,51,view,2025-01-09T08:12:00
205,51,click,2025-01-09T08:14:00
205,25,search,2025-01-10T11:46:00
205,25,view,2025-01-10T11:48:00
205,25,click,2025-01-10T11:49:00
205,30,view,2025-01-10T11:50:00
205,30,add_to_cart,2025-01-10T11:51:00
205,30,purchase,2025-01-10T11:52:00
205,37,view,2025-01-10T12:00:00
205,197,search,2025-01-12T12:27:00
205,197,view,2025-01-12T12:28:00
205,197,click,2025-01-12T12:29:00
205,179,search,2025-01-13T09:16:00
205,179,view,2025-01-13T09:18:00
205,194,view,2025-01-13T09:20:00
205,194,click,2025-01-13T09:24:00
205,195,view,2025-01-13T09:27:00
205,195,click,2025-01-13T09:30:00
205,195,add_to_cart,2025-01-13T09:31:00
205,195,purchase,2025-01-13T09:32:00
205,179,view,2025-01-16T10:31:00
205,179,click,2025-01-16T10:32:00
205,60,review,2025-01-18T08:01:00
205,183,search,2025-01-18T14:41:00
205,183,view,2025-01-18T14:44:00
205,183,click,2025-01-18T14:45:00
205,183,add_to_cart,2025-01-18T14:47:00
205,183,purchase,2025-01-18T14:49:00
205,181,view,2025-01-18T15:00:00
205,181,click,2025-01-18T15:01:00
205,186,view,2025-01-18T15:03:00
205,186,click,2025-01-18T15:06:00
205,23,search,2025-01-19T15:15:00
205,23,view,2025-01-19T15:17:00
205,23,click,2025-01-19T15:21:00
205,23,add_to_cart,2025-01-19T15:23:00
205,23,purchase,2025-01-19T15:24:00
206,94,search,2025-01-11T19:59:00
206,94,view,2025-01-11T20:01:00
206,94,click,2025-01-11T20:05:00
206,94,add_to_cart,2025-01-11T20:06:00
206,94,purchase,2025-01-11T20:07:00
206,68,search,2025-01-14T12:55:00
206,68,view,2025-01-14T12:57:00
206,68,click,2025-01-14T12:58:00
206,68,add_to_cart,2025-01-14T13:00:00
206,68,purchase,2025-01-14T13:01:00
206,71,view,2025-01-14T13:10:00
206,71,click,2025-01-14T13:11:00
206,71,add_to_cart,2025-01-14T13:13:00
206,71,remove_cart,2025-01-14T13:14:00
206,68,review,2025-01-16T13:10:00
206,75,search,2025-01-17T03:22:00
206,75,view,2025-01-17T03:23:00
206,75,click,2025-01-17T03:27:00
206,75,add_to_cart,2025-01-17T03:29:00
206,75,purchase,2025-01-17T03:31:00
206,79,view,2025-01-17T03:41:00
206,79,add_to_cart,2025-01-17T03:44:00
206,79,purchase,2025-01-17T03:46:00
206,79,review,2025-01-18T03:56:00
206,78,search,2025-01-19T19:02:00
206,78,view,2025-01-19T19:03:00
206,78,click,2025-01-19T19:07:00
206,8,search,2025-01-21T13:28:00
206,8,view,2025-01-21T13:30:00
206,8,click,2025-01-21T13:32:00
206,8,add_to_cart,2025-01-21T13:33:00
206,8,remove_cart,2025-01-21T13:34:00
206,21,view,2025-01-21T13:35:00
206,21,click,2025-01-21T13:39:00
206,96,search,2025-01-23T16:43:00
206,96,view,2025-01-23T16:44:00
206,96,click,2025-01-23T16:47:00
206,19,search,2025-01-25T09:05:00
206,19,view,2025-01-25T09:06:00
206,19,click,2025-01-25T09:09:00
206,19,add_to_cart,2025-01-25T09:12:00
206,19,purchase,2025-01-25T09:14:00
206,14,view,2025-01-25T09:18:00
206,14,click,2025-01-25T09:22:00
206,77,search,2025-01-26T13:21:00
206,77,view,2025-01-26T13:22:00
206,77,click,2025-01-26T13:25:00
206,75,review,2025-01-27T03:41:00
206,19,review,2025-01-27T09:18:00
207,62,view,2025-01-05T08:41:00
207,62,click,2025-01-05T08:43:00
207,62,add_to_cart,2025-01-05T08:45:00
207,62,purchase,2025-01-05T08:47:00
207,47,view,2025-01-08T01:13:00
207,49,view,2025-01-08T01:17:00
207,49,click,2025-01-08T01:19:00
207,60,view,2025-01-08T01:20:00
207,60,click,2025-01-08T01:24:00
207,60,add_to_cart,2025-01-08T01:27:00
207,60,purchase,2025-01-08T01:28:00
207,151,search,2025-01-09T18:32:00
207,151,view,2025-01-09T18:33:00
207,151,click,2025-01-09T18:36:00
207,151,add_to_cart,2025-01-09T18:39:00
207,151,purchase,2025-01-09T18:40:00
207,144,view,2025-01-09T18:49:00
207,144,add_to_cart,2025-01-09T18:50:00
207,144,purchase,2025-01-09T18:51:00
207,60,review,2025-01-12T01:33:00
207,62,search,2025-01-12T07:15:00
207,62,view,2025-01-12T07:17:00
207,62,click,2025-01-12T07:19:00
207,49,view,2025-01-12T07:22:00
207,49,click,2025-01-12T07:26:00
207,54,view,2025-01-12T07:28:00
207,54,click,2025-01-12T07:31:00
207,139,search,2025-01-13T04:02:00
207,139,view,2025-01-13T04:03:00
207,139,click,2025-01-13T04:07:00
207,140,view,2025-01-13T04:10:00
207,140,click,2025-01-13T04:12:00
207,153,view,2025-01-13T04:13:00
207,153,click,2025-01-13T04:14:00
207,62,review,2025-01-13T08:51:00
207,176,search,2025-01-13T19:59:00
207,176,view,2025-01-13T20:00:00
207,176,click,2025-01-13T20:01:00
207,176,add_to_cart,2025-01-13T20:03:00
207,176,remove_cart,2025-01-13T20:05:00
207,140,search,2025-01-15T16:12:00
207,140,view,2025-01-15T16:13:00
207,140,click,2025-01-15T16:15:00
207,151,view,2025-01-15T16:18:00
207,151,click,2025-01-15T16:20:00
207,152,view,2025-01-15T16:21:00
207,152,click,2025-01-15T16:24:00
207,64,view,2025-01-18T00:22:00
207,64,click,2025-01-18T00:26:00
207,133,search,2025-01-19T05:09:00
207,133,view,2025-01-19T05:10:00
207,133,click,2025-01-19T05:14:00
208,145,view,2025-01-11T18:08:00
208,145,add_to_cart,2025-01-11T18:10:00
208,145,purchase,2025-01-11T18:11:00
208,134,view,2025-01-11T18:21:00
208,134,click,2025-01-11T18:25:00
208,151,view,2025-01-11T18:26:00
208,151,click,2025-01-11T18:27:00
208,70,search,2025-01-12T18:56:00
208,70,view,2025-01-12T18:57:00
208,70,click,2025-01-12T19:01:00
208,151,search,2025-01-14T09:57:00
208,151,view,2025-01-14T09:59:00
208,151,click,2025-01-14T10:00:00
208,151,add_to_cart,2025-01-14T10:01:00
208,151,purchase,2025-01-14T10:02:00
208,150,view,2025-01-14T10:07:00
208,150,click,2025-01-14T10:10:00
208,150,add_to_cart,2025-01-14T10:13:00
208,150,purchase,2025-01-14T10:15:00
208,134,view,2025-01-14T10:18:00
208,134,click,2025-01-14T10:20:00
208,164,search,2025-01-16T01:10:00
208,164,view,2025-01-16T01:12:00
208,164,click,2025-01-16T01:15:00
208,159,view,2025-01-16T01:16:00
208,159,click,2025-01-16T01:20:00
208,173,view,2025-01-16T01:23:00
208,73,search,2025-01-17T16:40:00
208,73,view,2025-01-17T16:43:00
208,73,click,2025-01-17T16:44:00
208,67,view,2025-01-17T16:46:00
208,67,click,2025-01-17T16:49:00
208,155,search,2025-01-20T01:47:00
208,155,view,2025-01-20T01:49:00
208,155,add_to_cart,2025-01-20T01:53:00
208,155,purchase,2025-01-20T01:55:00
208,174,view,2025-01-20T01:59:00
208,166,view,2025-01-20T02:02:00
208,166,click,2025-01-20T02:06:00
208,166,add_to_cart,2025-01-20T02:08:00
208,166,purchase,2025-01-20T02:10:00
208,141,search,2025-01-22T16:12:00
208,141,view,2025-01-22T16:14:00
208,141,click,2025-01-22T16:17:00
208,134,view,2025-01-22T16:20:00
208,134,click,2025-01-22T16:24:00
208,149,view,2025-01-22T16:25:00
208,149,click,2025-01-22T16:27:00
208,166,review,2025-01-24T02:12:00
208,150,review,2025-01-24T10:18:00
208,165,view,2025-01-24T17:10:00
208,165,click,2025-01-24T17:13:00
208,156,view,2025-01-24T17:15:00
208,156,click,2025-01-24T17:16:00
208,156,add_to_cart,2025-01-24T17:19:00
208,156,purchase,2025-01-24T17:21:00
208,155,review,2025-02-01T01:59:00
208,156,review,2025-02-05T17:30:00
209,36,search,2025-01-05T20:10:00
209,36,view,2025-01-05T20:13:00
209,36,click,2025-01-05T20:16:00
209,36,add_to_cart,2025-01-05T20:17:00
209,36,purchase,2025-01-05T20:18:00
209,26,view,2025-01-05T20:28:00
209,26,click,2025-01-05T20:30:00
209,31,search,2025-01-08T01:08:00
209,31,view,2025-01-08T01:10:00
209,177,search,2025-01-10T21:42:00
209,177,view,2025-01-10T21:45:00
209,177,click,2025-01-10T21:47:00
209,177,add_to_cart,2025-01-10T21:50:00
209,177,purchase,2025-01-10T21:52:00
209,191,search,2025-01-11T17:58:00
209,191,view,2025-01-11T18:00:00
209,191,click,2025-01-11T18:01:00
209,36,review,2025-01-12T20:28:00
209,177,review,2025-01-13T21:58:00
209,134,search,2025-01-14T03:12:00
209,134,view,2025-01-14T03:15:00
209,134,click,2025-01-14T03:19:00
209,145,view,2025-01-14T03:20:00
209,145,click,2025-01-14T03:23:00
209,153,view,2025-01-14T03:26:00
209,153,click,2025-01-14T03:29:00
209,187,search,2025-01-16T23:35:00
209,187,view,2025-01-16T23:36:00
209,187,click,2025-01-16T23:39:00
209,181,search,2025-01-19T07:44:00
209,181,view,2025-01-19T07:46:00
209,181,add_to_cart,2025-01-19T07:47:00
209,181,purchase,2025-01-19T07:48:00
209,182,view,2025-01-19T07:52:00
209,182,click,2025-01-19T07:54:00
209,31,search,2025-01-20T08:24:00
209,31,view,2025-01-20T08:25:00
209,176,search,2025-01-23T03:52:00
209,176,view,2025-01-23T03:53:00
209,176,click,2025-01-23T03:54:00
209,195,view,2025-01-23T03:56:00
209,195,click,2025-01-23T04:00:00
209,195,add_to_cart,2025-01-23T04:02:00
209,195,purchase,2025-01-23T04:03:00
209,179,view,2025-01-23T04:09:00
209,179,add_to_cart,2025-01-23T04:10:00
209,179,purchase,2025-01-23T04:12:00
209,179,review,2025-01-24T04:23:00
209,195,review,2025-01-28T04:09:00
210,46,search,2025-01-11T02:46:00
210,46,view,2025-01-11T02:48:00
210,46,click,2025-01-11T02:52:00
210,59,search,2025-01-11T15:32:00
210,59,view,2025-01-11T15:33:00
210,59,click,2025-01-11T15:34:00
210,56,search,2025-01-14T01:02:00
210,56,view,2025-01-14T01:05:00
210,56,click,2025-01-14T01:07:00
210,62,view,2025-01-14T01:08:00
210,62,click,2025-01-14T01:11:00
210,61,view,2025-01-14T01:12:00
210,61,click,2025-01-14T01:14:00
210,105,search,2025-01-16T06:45:00
210,105,view,2025-01-16T06:46:00
210,94,view,2025-01-16T06:49:00
210,94,click,2025-01-16T06:52:00
210,94,add_to_cart,2025-01-16T06:54:00
210,94,purchase,2025-01-16T06:56:00
210,102,view,2025-01-16T07:08:00
210,102,click,2025-01-16T07:09:00
210,102,add_to_cart,2025-01-16T07:10:00
210,102,purchase,2025-01-16T07:12:00
210,102,search,2025-01-18T00:04:00
210,102,view,2025-01-18T00:07:00
210,102,click,2025-01-18T00:09:00
210,102,add_to_cart,2025-01-18T00:10:00
210,102,purchase,2025-01-18T00:12:00
210,187,search,2025-01-20T22:14:00
210,187,view,2025-01-20T22:17:00
210,187,click,2025-01-20T22:21:00
210,187,add_to_cart,2025-01-20T22:24:00
210,187,purchase,2025-01-20T22:26:00
210,193,view,2025-01-20T22:30:00
210,193,add_to_cart,2025-01-20T22:33:00
210,193,purchase,2025-01-20T22:35:00
210,102,review,2025-01-22T00:23:00
210,94,review,2025-01-22T07:08:00
210,186,search,2025-01-23T10:32:00
210,186,view,2025-01-23T10:34:00
210,186,click,2025-01-23T10:38:00
210,197,search,2025-01-24T11:30:00
210,197,view,2025-01-24T11:33:00
210,197,click,2025-01-24T11:35:00
210,187,review,2025-01-24T22:30:00
210,102,review,2025-01-27T07:19:00
211,135,search,2025-01-06T13:35:00
211,135,view,2025-01-06T13:37:00
211,135,add_to_cart,2025-01-06T13:41:00
211,135,purchase,2025-01-06T13:42:00
211,134,view,2025-01-06T13:54:00
211,134,click,2025-01-06T13:56:00
211,134,add_to_cart,2025-01-06T13:57:00
211,134,remove_cart,2025-01-06T13:59:00
211,144,view,2025-01-06T14:00:00
211,144,click,2025-01-06T14:03:00
211,170,search,2025-01-09T10:39:00
211,170,view,2025-01-09T10:42:00
211,170,click,2025-01-09T10:44:00
211,170,add_to_cart,2025-01-09T10:46:00
211,170,purchase,2025-01-09T10:47:00
211,174,view,2025-01-09T10:52:00
211,174,click,2025-01-09T10:56:00
211,174,add_to_cart,2025-01-09T10:59:00
211,174,purchase,2025-01-09T11:00:00
211,172,view,2025-01-09T11:07:00
211,170,search,2025-01-11T18:39:00
211,170,view,2025-01-11T18:42:00
211,170,add_to_cart,2025-01-11T18:45:00
211,170,purchase,2025-01-11T18:47:00
211,39,view,2025-01-13T17:46:00
211,26,view,2025-01-13T17:48:00
211,26,click,2025-01-13T17:50:00
211,26,add_to_cart,2025-01-13T17:53:00
211,26,purchase,2025-01-13T17:54:00
211,42,search,2025-01-15T02:32:00
211,42,view,2025-01-15T02:35:00
211,42,add_to_cart,2025-01-15T02:38:00
211,42,purchase,2025-01-15T02:39:00
211,32,view,2025-01-15T02:41:00
211,32,click,2025-01-15T02:43:00
211,32,add_to_cart,2025-01-15T02:44:00
211,32,purchase,2025-01-15T02:46:00
211,31,view,2025-01-15T02:51:00
211,31,add_to_cart,2025-01-15T02:54:00
211,31,remove_cart,2025-01-15T02:56:00
211,172,search,2025-01-18T01:30:00
211,172,view,2025-01-18T01:33:00
211,174,view,2025-01-18T01:36:00
211,174,click,2025-01-18T01:37:00
211,34,search,2025-01-20T20:00:00
211,34,view,2025-01-20T20:01:00
211,34,click,2025-01-20T20:05:00
211,39,view,2025-01-20T20:08:00
211,39,click,2025-01-20T20:09:00
211,39,add_to_cart,2025-01-20T20:12:00
211,39,purchase,2025-01-20T20:13:00
211,24,search,2025-01-22T13:06:00
211,24,view,2025-01-22T13:09:00
211,24,click,2025-01-22T13:13:00
211,24,add_to_cart,2025-01-22T13:15:00
211,24,purchase,2025-01-22T13:16:00
211,32,review,2025-01-23T02:51:00
211,42,review,2025-01-25T02:41:00
211,39,review,2025-02-03T20:25:00
212,159,search,2025-01-08T00:45:00
212,159,view,2025-01-08T00:47:00
212,159,click,2025-01-08T00:50:00
212,159,add_to_cart,2025-01-08T00:51:00
212,159,remove_cart,2025-01-08T00:53:00
212,158,view,2025-01-08T00:55:00
212,158,click,2025-01-08T00:56:00
212,158,add_to_cart,2025-01-08T00:57:00
212,158,purchase,2025-01-08T00:58:00
212,160,view,2025-01-08T01:10:00
212,160,click,2025-01-08T01:13:00
212,160,add_to_cart,2025-01-08T01:15:00
212,160,purchase,2025-01-08T01:17:00
212,20,view,2025-01-09T01:31:00
212,20,click,2025-01-09T01:33:00
212,20,add_to_cart,2025-01-09T01:35:00
212,20,purchase,2025-01-09T01:37:00
212,2,view,2025-01-09T01:44:00
212,2,click,2025-01-09T01:46:00
212,2,add_to_cart,2025-01-09T01:48:00
212,2,purchase,2025-01-09T01:50:00
212,2,search,2025-01-10T15:59:00
212,2,view,2025-01-10T16:00:00
212,2,click,2025-01-10T16:02:00
212,2,add_to_cart,2025-01-10T16:04:00
212,2,purchase,2025-01-10T16:06:00
212,4,search,2025-01-12T15:51:00
212,4,view,2025-01-12T15:54:00
212,4,add_to_cart,2025-01-12T15:55:00
212,4,purchase,2025-01-12T15:56:00
212,158,search,2025-01-13T14:58:00
212,158,view,2025-01-13T15:01:00
212,158,click,2025-01-13T15:03:00
212,158,add_to_cart,2025-01-13T15:06:00
212,158,purchase,2025-01-13T15:08:00
212,175,search,2025-01-14T04:15:00
212,175,view,2025-01-14T04:17:00
212,175,click,2025-01-14T04:20:00
212,14,search,2025-01-15T06:07:00
212,14,view,2025-01-15T06:08:00
212,14,click,2025-01-15T06:12:00
212,4,review,2025-01-24T16:03:00
213,72,search,2025-01-10T15:38:00
213,72,view,2025-01-10T15:41:00
213,72,click,2025-01-10T15:45:00
213,72,add_to_cart,2025-01-10T15:48:00
213,72,purchase,2025-01-10T15:49:00
213,84,view,2025-01-10T15:57:00
213,84,add_to_cart,2025-01-10T15:59:00
213,84,remove_cart,2025-01-10T16:00:00
213,106,view,2025-01-12T08:24:00
213,106,click,2025-01-12T08:25:00
213,108,search,2025-01-12T22:25:00
213,108,view,2025-01-12T22:27:00
213,108,click,2025-01-12T22:28:00
213,108,add_to_cart,2025-01-12T22:29:00
213,108,purchase,2025-01-12T22:30:00
213,102,view,2025-01-12T22:41:00
213,68,search,2025-01-14T22:26:00
213,68,view,2025-01-14T22:27:00
213,68,click,2025-01-14T22:29:00
213,107,view,2025-01-17T20:56:00
213,107,click,2025-01-17T20:58:00
213,107,add_to_cart,2025-01-17T21:00:00
213,107,remove_cart,2025-01-17T21:02:00
213,93,view,2025-01-17T21:03:00
213,93,click,2025-01-17T21:07:00
213,106,view,2025-01-17T21:08:00
213,37,view,2025-01-18T20:39:00
213,37,click,2025-01-18T20:42:00
213,37,add_to_cart,2025-01-18T20:45:00
213,37,purchase,2025-01-18T20:47:00
213,31,view,2025-01-18T20:57:00
213,31,click,2025-01-18T20:58:00
213,31,add_to_cart,2025-01-18T20:59:00
213,31,purchase,2025-01-18T21:00:00
213,108,review,2025-01-19T22:41:00
213,32,search,2025-01-20T01:30:00
213,32,view,2025-01-20T01:32:00
213,32,click,2025-01-20T01:35:00
213,31,review,2025-01-28T21:04:00
214,162,search,2025-01-09T14:44:00
214,162,view,2025-01-09T14:46:00
214,162,click,2025-01-09T14:48:00
214,168,view,2025-01-09T14:49:00
214,168,click,2025-01-09T14:53:00
214,154,search,2025-01-10T03:46:00
214,154,view,2025-01-10T03:49:00
214,154,click,2025-01-10T03:52:00
214,168,view,2025-01-10T03:54:00
214,168,add_to_cart,2025-01-10T03:55:00
214,168,purchase,2025-01-10T03:57:00
214,133,view,2025-01-12T00:51:00
214,133,click,2025-01-12T00:55:00
214,151,view,2025-01-12T00:56:00
214,151,click,2025-01-12T01:00:00
214,151,add_to_cart,2025-01-12T01:02:00
214,151,remove_cart,2025-01-12T01:04:00
214,136,view,2025-01-12T01:06:00
214,136,click,2025-01-12T01:07:00
214,136,add_to_cart,2025-01-12T01:09:00
214,136,purchase,2025-01-12T01:11:00
214,136,review,2025-01-13T01:19:00
214,168,review,2025-01-13T04:01:00
214,21,search,2025-01-13T14:43:00
214,21,view,2025-01-13T14:45:00
214,21,click,2025-01-13T14:48:00
214,157,view,2025-01-16T11:00:00
214,157,click,2025-01-16T11:03:00
214,157,add_to_cart,2025-01-16T11:06:00
214,157,purchase,2025-01-16T11:08:00
214,19,view,2025-01-18T13:19:00
214,19,click,2025-01-18T13:22:00
214,19,add_to_cart,2025-01-18T13:25:00
214,19,purchase,2025-01-18T13:26:00
214,157,review,2025-01-23T11:14:00
215,155,search,2025-01-12T15:29:00
215,155,view,2025-01-12T15:32:00
215,155,click,2025-01-12T15:33:00
215,155,add_to_cart,2025-01-12T15:35:00
215,155,remove_cart,2025-01-12T15:36:00
215,195,search,2025-01-14T08:22:00
215,195,view,2025-01-14T08:24:00
215,195,click,2025-01-14T08:28:00
215,195,add_to_cart,2025-01-14T08:29:00
215,195,remove_cart,2025-01-14T08:30:00
215,188,view,2025-01-14T08:31:00
215,188,click,2025-01-14T08:32:00
215,165,search,2025-01-14T20:56:00
215,165,view,2025-01-14T20:58:00
215,165,click,2025-01-14T21:01:00
215,154,view,2025-01-14T21:02:00
215,154,click,2025-01-14T21:04:00
215,154,add_to_cart,2025-01-14T21:07:00
215,154,remove_cart,2025-01-14T21:08:00
215,159,view,2025-01-14T21:09:00
215,159,click,2025-01-14T21:13:00
215,174,search,2025-01-17T05:00:00
215,174,view,2025-01-17T05:02:00
215,174,add_to_cart,2025-01-17T05:04:00
215,174,purchase,2025-01-17T05:06:00
215,168,view,2025-01-17T05:12:00
215,168,click,2025-01-17T05:14:00
215,200,search,2025-01-19T11:57:00
215,200,view,2025-01-19T11:59:00
215,200,click,2025-01-19T12:00:00
215,200,add_to_cart,2025-01-19T12:01:00
215,200,purchase,2025-01-19T12:02:00
215,199,view,2025-01-19T12:04:00
215,199,click,2025-01-19T12:07:00
215,199,add_to_cart,2025-01-19T12:08:00
215,199,purchase,2025-01-19T12:09:00
215,184,view,2025-01-19T12:17:00
215,184,click,2025-01-19T12:21:00
215,157,search,2025-01-22T02:22:00
215,157,view,2025-01-22T02:25:00
215,157,click,2025-01-22T02:28:00
215,175,view,2025-01-22T02:29:00
215,175,click,2025-01-22T02:33:00
215,175,add_to_cart,2025-01-22T02:36:00
215,175,purchase,2025-01-22T02:38:00
215,166,view,2025-01-22T02:49:00
215,166,click,2025-01-22T02:50:00
216,28,search,2025-01-12T12:02:00
216,28,view,2025-01-12T12:04:00
216,28,click,2025-01-12T12:07:00
216,32,view,2025-01-12T12:08:00
216,32,click,2025-01-12T12:12:00
216,32,add_to_cart,2025-01-12T12:14:00
216,32,purchase,2025-01-12T12:15:00
216,179,view,2025-01-13T06:08:00
216,179,click,2025-01-13T06:11:00
216,22,search,2025-01-16T03:44:00
216,22,view,2025-01-16T03:47:00
216,22,click,2025-01-16T03:50:00
216,22,add_to_cart,2025-01-16T03:51:00
216,22,purchase,2025-01-16T03:53:00
216,14,view,2025-01-16T04:01:00
216,14,click,2025-01-16T04:03:00
216,31,view,2025-01-18T13:05:00
216,31,add_to_cart,2025-01-18T13:06:00
216,31,remove_cart,2025-01-18T13:07:00
216,12,search,2025-01-20T16:40:00
216,12,view,2025-01-20T16:41:00
216,12,click,2025-01-20T16:42:00
216,12,add_to_cart,2025-01-20T16:44:00
216,12,purchase,2025-01-20T16:45:00
216,4,view,2025-01-21T09:49:00
216,4,click,2025-01-21T09:52:00
216,4,add_to_cart,2025-01-21T09:55:00
216,4,purchase,2025-01-21T09:57:00
216,20,view,2025-01-21T10:05:00
216,5,view,2025-01-21T10:07:00
216,5,click,2025-01-21T10:11:00
216,184,search,2025-01-23T01:18:00
216,184,view,2025-01-23T01:20:00
216,184,click,2025-01-23T01:23:00
216,184,add_to_cart,2025-01-23T01:25:00
216,184,purchase,2025-01-23T01:26:00
216,4,review,2025-01-24T10:05:00
216,17,view,2025-01-24T19:07:00
216,17,add_to_cart,2025-01-24T19:11:00
216,17,purchase,2025-01-24T19:13:00
216,21,view,2025-01-24T19:19:00
216,21,add_to_cart,2025-01-24T19:22:00
216,21,remove_cart,2025-01-24T19:23:00
216,20,view,2025-01-24T19:24:00
216,20,click,2025-01-24T19:26:00
216,22,review,2025-01-27T04:01:00
216,184,review,2025-02-06T01:30:00
217,128,search,2025-01-07T05:16:00
217,128,view,2025-01-07T05:17:00
217,128,click,2025-01-07T05:18:00
217,119,search,2025-01-09T07:35:00
217,119,view,2025-01-09T07:38:00
217,119,click,2025-01-09T07:41:00
217,125,view,2025-01-09T07:42:00
217,125,click,2025-01-09T07:46:00
217,125,add_to_cart,2025-01-09T07:48:00
217,125,purchase,2025-01-09T07:49:00
217,132,search,2025-01-10T22:15:00
217,132,view,2025-01-10T22:18:00
217,153,view,2025-01-10T22:19:00
217,153,click,2025-01-10T22:20:00
217,52,search,2025-01-12T00:14:00
217,52,view,2025-01-12T00:17:00
217,52,click,2025-01-12T00:19:00
217,50,view,2025-01-12T00:22:00
217,50,click,2025-01-12T00:26:00
217,44,view,2025-01-12T00:28:00
217,44,click,2025-01-12T00:30:00
217,49,search,2025-01-14T16:23:00
217,49,view,2025-01-14T16:26:00
217,49,click,2025-01-14T16:27:00
217,49,add_to_cart,2025-01-14T16:30:00
217,49,purchase,2025-01-14T16:31:00
217,45,view,2025-01-14T16:40:00
217,45,add_to_cart,2025-01-14T16:41:00
217,45,purchase,2025-01-14T16:43:00
217,126,search,2025-01-16T05:03:00
217,126,view,2025-01-16T05:05:00
217,126,click,2025-01-16T05:08:00
217,126,add_to_cart,2025-01-16T05:09:00
217,126,purchase,2025-01-16T05:10:00
217,122,view,2025-01-16T05:13:00
217,122,click,2025-01-16T05:17:00
217,51,search,2025-01-19T05:03:00
217,51,view,2025-01-19T05:05:00
217,51,click,2025-01-19T05:07:00
217,55,view,2025-01-19T05:08:00
217,55,click,2025-01-19T05:11:00
217,55,add_to_cart,2025-01-19T05:12:00
217,55,remove_cart,2025-01-19T05:13:00
217,61,view,2025-01-19T05:14:00
217,61,click,2025-01-19T05:16:00
217,48,search,2025-01-20T07:06:00
217,48,view,2025-01-20T07:07:00
217,49,review,2025-01-27T16:40:00
217,45,review,2025-01-28T16:49:00
218,60,view,2025-01-03T12:27:00
218,60,click,2025-01-03T12:30:00
218,55,view,2025-01-03T12:31:00
218,192,search,2025-01-06T11:05:00
218,192,view,2025-01-06T11:06:00
218,192,click,2025-01-06T11:09:00
218,181,view,2025-01-08T09:24:00
218,181,click,2025-01-08T09:27:00
218,197,view,2025-01-08T09:29:00
218,197,click,2025-01-08T09:32:00
218,196,view,2025-01-09T06:28:00
218,196,click,2025-01-09T06:32:00
218,186,search,2025-01-10T16:08:00
218,186,view,2025-01-10T16:11:00
218,186,click,2025-01-10T16:15:00
218,182,view,2025-01-10T16:16:00
218,182,click,2025-01-10T16:18:00
218,187,search,2025-01-12T00:06:00
218,187,view,2025-01-12T00:08:00
218,187,click,2025-01-12T00:09:00
218,187,add_to_cart,2025-01-12T00:10:00
218,187,purchase,2025-01-12T00:12:00
218,190,view,2025-01-12T00:20:00
218,176,view,2025-01-12T00:22:00
218,176,click,2025-01-12T00:26:00
218,176,add_to_cart,2025-01-12T00:28:00
218,176,purchase,2025-01-12T00:30:00
218,145,search,2025-01-13T14:35:00
218,145,view,2025-01-13T14:36:00
218,145,click,2025-01-13T14:40:00
218,145,add_to_cart,2025-01-13T14:42:00
218,145,purchase,2025-01-13T14:43:00
218,152,view,2025-01-13T14:49:00
218,152,click,2025-01-13T14:53:00
218,152,add_to_cart,2025-01-13T14:54:00
218,152,purchase,2025-01-13T14:55:00
218,141,view,2025-01-13T14:58:00
218,141,click,2025-01-13T15:00:00
218,141,add_to_cart,2025-01-13T15:03:00
218,141,purchase,2025-01-13T15:05:00
218,176,review,2025-01-14T00:40:00
218,139,search,2025-01-15T22:53:00
218,139,view,2025-01-15T22:55:00
218,139,add_to_cart,2025-01-15T22:58:00
218,139,purchase,2025-01-15T22:59:00
218,49,view,2025-01-16T16:09:00
218,49,click,2025-01-16T16:10:00
218,44,view,2025-01-16T16:11:00
218,44,click,2025-01-16T16:12:00
218,145,review,2025-01-18T14:49:00
218,187,review,2025-01-24T00:20:00
218,141,review,2025-01-24T15:14:00
219,183,search,2025-01-12T12:39:00
219,183,view,2025-01-12T12:42:00
219,183,click,2025-01-12T12:43:00
219,183,add_to_cart,2025-01-12T12:46:00
219,183,purchase,2025-01-12T12:47:00
219,187,view,2025-01-12T12:52:00
219,187,click,2025-01-12T12:54:00
219,187,add_to_cart,2025-01-12T12:56:00
219,187,purchase,2025-01-12T12:58:00
219,189,view,2025-01-12T13:08:00
219,167,search,2025-01-14T00:38:00
219,167,view,2025-01-14T00:41:00
219,167,click,2025-01-14T00:44:00
219,167,add_to_cart,2025-01-14T00:46:00
219,167,purchase,2025-01-14T00:48:00
219,175,view,2025-01-14T00:55:00
219,175,add_to_cart,2025-01-14T00:56:00
219,175,purchase,2025-01-14T00:57:00
219,173,view,2025-01-14T01:05:00
219,173,click,2025-01-14T01:06:00
219,171,search,2025-01-15T03:47:00
219,171,view,2025-01-15T03:48:00
219,171,click,2025-01-15T03:51:00
219,183,review,2025-01-17T12:52:00
219,190,view,2025-01-18T01:36:00
219,190,click,2025-01-18T01:38:00
219,190,add_to_cart,2025-01-18T01:39:00
219,190,remove_cart,2025-01-18T01:41:00
219,6,search,2025-01-20T19:40:00
219,6,view,2025-01-20T19:42:00
219,6,click,2025-01-20T19:45:00
219,3,view,2025-01-20T19:46:00
219,3,click,2025-01-20T19:47:00
219,3,add_to_cart,2025-01-20T19:50:00
219,3,purchase,2025-01-20T19:52:00
219,10,view,2025-01-20T19:58:00
219,10,click,2025-01-20T20:00:00
219,10,add_to_cart,2025-01-20T20:01:00
219,10,purchase,2025-01-20T20:03:00
219,3,review,2025-01-21T19:58:00
219,10,review,2025-01-22T20:08:00
219,185,search,2025-01-23T04:19:00
219,185,view,2025-01-23T04:21:00
219,185,click,2025-01-23T04:23:00
219,176,view,2025-01-23T04:24:00
219,176,click,2025-01-23T04:25:00
219,176,add_to_cart,2025-01-23T04:28:00
219,176,purchase,2025-01-23T04:29:00
219,199,view,2025-01-23T04:41:00
219,199,click,2025-01-23T04:44:00
219,173,view,2025-01-23T21:53:00
219,173,add_to_cart,2025-01-23T21:55:00
219,173,remove_cart,2025-01-23T21:57:00
219,162,view,2025-01-23T21:58:00
219,162,click,2025-01-23T21:59:00
219,175,review,2025-01-26T01:05:00
219,9,search,2025-01-26T13:33:00
219,9,view,2025-01-26T13:35:00
219,9,click,2025-01-26T13:36:00
219,6,search,2025-01-28T05:13:00
219,6,view,2025-01-28T05:14:00
219,6,click,2025-01-28T05:18:00
219,6,add_to_cart,2025-01-28T05:19:00
219,6,remove_cart,2025-01-28T05:20:00
219,15,view,2025-01-28T05:21:00
219,176,review,2025-01-31T04:41:00
220,32,search,2025-01-02T16:39:00
220,32,view,2025-01-02T16:42:00
220,32,click,2025-01-02T16:43:00
220,40,view,2025-01-02T16:46:00
220,40,click,2025-01-02T16:47:00
220,40,add_to_cart,2025-01-02T16:50:00
220,40,remove_cart,2025-01-02T16:52:00
220,24,view,2025-01-02T16:53:00
220,24,click,2025-01-02T16:54:00
220,24,add_to_cart,2025-01-02T16:57:00
220,24,remove_cart,2025-01-02T16:58:00
220,188,search,2025-01-05T03:51:00
220,188,view,2025-01-05T03:52:00
220,188,add_to_cart,2025-01-05T03:56:00
220,188,purchase,2025-01-05T03:58:00
220,193,view,2025-01-05T04:10:00
220,169,view,2025-01-05T21:13:00
220,169,click,2025-01-05T21:15:00
220,169,add_to_cart,2025-01-05T21:18:00
220,169,purchase,2025-01-05T21:19:00
220,188,review,2025-01-06T04:10:00
220,183,view,2025-01-08T07:41:00
220,183,click,2025-01-08T07:42:00
220,183,add_to_cart,2025-01-08T07:43:00
220,183,purchase,2025-01-08T07:45:00
220,192,search,2025-01-10T21:18:00
220,192,view,2025-01-10T21:21:00
220,192,click,2025-01-10T21:25:00
220,192,add_to_cart,2025-01-10T21:28:00
220,192,remove_cart,2025-01-10T21:30:00
220,191,view,2025-01-10T21:31:00
220,191,click,2025-01-10T21:35:00
220,191,add_to_cart,2025-01-10T21:36:00
220,191,purchase,2025-01-10T21:37:00
220,169,review,2025-01-11T21:28:00
220,156,search,2025-01-13T09:38:00
220,156,view,2025-01-13T09:41:00
220,174,view,2025-01-13T09:45:00
220,174,click,2025-01-13T09:47:00
220,175,view,2025-01-13T09:50:00
220,175,click,2025-01-13T09:52:00
220,183,review,2025-01-16T07:53:00
220,191,review,2025-01-21T21:49:00
221,195,search,2025-01-09T05:43:00
221,195,view,2025-01-09T05:46:00
221,195,add_to_cart,2025-01-09T05:48:00
221,195,remove_cart,2025-01-09T05:50:00
221,188,view,2025-01-09T05:52:00
221,188,click,2025-01-09T05:53:00
221,19,view,2025-01-11T01:50:00
221,19,click,2025-01-11T01:53:00
221,19,add_to_cart,2025-01-11T01:56:00
221,19,remove_cart,2025-01-11T01:57:00
221,13,search,2025-01-12T11:55:00
221,13,view,2025-01-12T11:57:00
221,13,click,2025-01-12T12:00:00
221,49,search,2025-01-13T10:18:00
221,49,view,2025-01-13T10:21:00
221,49,click,2025-01-13T10:22:00
221,49,add_to_cart,2025-01-13T10:24:00
221,49,purchase,2025-01-13T10:26:00
221,62,view,2025-01-13T10:30:00
221,62,click,2025-01-13T10:33:00
221,62,add_to_cart,2025-01-13T10:35:00
221,62,remove_cart,2025-01-13T10:36:00
221,63,view,2025-01-13T10:37:00
221,63,click,2025-01-13T10:41:00
221,50,search,2025-01-15T02:13:00
221,50,view,2025-01-15T02:14:00
221,50,click,2025-01-15T02:18:00
221,8,search,2025-01-17T00:22:00
221,8,view,2025-01-17T00:25:00
221,8,click,2025-01-17T00:27:00
221,8,add_to_cart,2025-01-17T00:29:00
221,8,purchase,2025-01-17T00:31:00
221,184,view,2025-01-18T03:08:00
221,184,click,2025-01-18T03:10:00
221,184,add_to_cart,2025-01-18T03:11:00
221,184,purchase,2025-01-18T03:13:00
221,179,view,2025-01-18T03:17:00
221,179,click,2025-01-18T03:21:00
221,179,add_to_cart,2025-01-18T03:22:00
221,179,remove_cart,2025-01-18T03:24:00
221,188,view,2025-01-18T03:25:00
221,188,click,2025-01-18T03:26:00
221,188,add_to_cart,2025-01-18T03:28:00
221,188,purchase,2025-01-18T03:29:00
221,182,search,2025-01-21T00:37:00
221,182,view,2025-01-21T00:40:00
221,182,click,2025-01-21T00:44:00
221,182,add_to_cart,2025-01-21T00:46:00
221,182,purchase,2025-01-21T00:47:00
221,198,view,2025-01-21T00:55:00
221,198,click,2025-01-21T00:57:00
221,198,add_to_cart,2025-01-21T01:00:00
221,198,purchase,2025-01-21T01:02:00
221,188,view,2025-01-21T01:14:00
221,188,click,2025-01-21T01:17:00
221,17,view,2025-01-24T01:13:00
221,17,click,2025-01-24T01:15:00
221,9,view,2025-01-24T01:16:00
221,9,click,2025-01-24T01:17:00
221,9,add_to_cart,2025-01-24T01:20:00
221,9,purchase,2025-01-24T01:22:00
221,189,search,2025-01-24T14:23:00
221,189,view,2025-01-24T14:26:00
221,189,click,2025-01-24T14:30:00
221,189,add_to_cart,2025-01-24T14:31:00
221,189,purchase,2025-01-24T14:32:00
221,176,view,2025-01-24T14:42:00
221,183,view,2025-01-24T14:46:00
221,183,click,2025-01-24T14:47:00
221,198,review,2025-01-27T01:14:00
221,8,review,2025-01-29T00:37:00
221,182,review,2025-01-30T00:55:00
221,188,review,2025-01-30T03:33:00
221,189,review,2025-02-03T14:42:00
222,165,search,2025-01-12T20:37:00
222,165,view,2025-01-12T20:40:00
222,165,click,2025-01-12T20:44:00
222,165,add_to_cart,2025-01-12T20:47:00
222,165,purchase,2025-01-12T20:48:00
222,175,view,2025-01-12T20:59:00
222,175,click,2025-01-12T21:03:00
222,175,add_to_cart,2025-01-12T21:05:00
222,175,remove_cart,2025-01-12T21:06:00
222,155,view,2025-01-12T21:08:00
222,162,search,2025-01-15T13:44:00
222,162,view,2025-01-15T13:47:00
222,162,click,2025-01-15T13:50:00
222,66,search,2025-01-17T22:19:00
222,66,view,2025-01-17T22:21:00
222,66,click,2025-01-17T22:24:00
222,66,add_to_cart,2025-01-17T22:27:00
222,66,purchase,2025-01-17T22:28:00
222,75,search,2025-01-20T09:56:00
222,75,view,2025-01-20T09:58:00
222,75,click,2025-01-20T10:01:00
222,85,view,2025-01-20T10:02:00
222,85,click,2025-01-20T10:06:00
222,81,search,2025-01-21T19:19:00
222,81,view,2025-01-21T19:20:00
222,81,click,2025-01-21T19:21:00
222,196,search,2025-01-23T11:37:00
222,196,view,2025-01-23T11:39:00
222,196,click,2025-01-23T11:42:00
222,175,search,2025-01-26T04:10:00
222,175,view,2025-01-26T04:13:00
222,175,click,2025-01-26T04:15:00
222,175,add_to_cart,2025-01-26T04:17:00
222,175,purchase,2025-01-26T04:19:00
222,157,view,2025-01-26T04:31:00
222,157,click,2025-01-26T04:32:00
222,157,add_to_cart,2025-01-26T04:34:00
222,157,remove_cart,2025-01-26T04:35:00
222,186,search,2025-01-29T04:41:00
222,186,view,2025-01-29T04:42:00
222,190,view,2025-01-29T04:43:00
222,190,click,2025-01-29T04:46:00
222,188,view,2025-01-29T04:47:00
222,188,click,2025-01-29T04:50:00
222,165,view,2025-01-31T19:49:00
222,165,click,2025-01-31T19:51:00
222,165,add_to_cart,2025-01-31T19:53:00
222,165,purchase,2025-01-31T19:55:00
222,158,view,2025-01-31T20:03:00
222,158,click,2025-01-31T20:04:00
222,78,view,2025-02-03T00:34:00
222,78,click,2025-02-03T00:38:00
222,78,add_to_cart,2025-02-03T00:39:00
222,78,purchase,2025-02-03T00:40:00
222,74,view,2025-02-03T00:43:00
223,106,search,2025-01-12T01:04:00
223,106,view,2025-01-12T01:06:00
223,106,click,2025-01-12T01:09:00
223,91,view,2025-01-12T01:12:00
223,101,view,2025-01-12T01:13:00
223,101,click,2025-01-12T01:15:00
223,97,search,2025-01-14T21:16:00
223,97,view,2025-01-14T21:19:00
223,97,add_to_cart,2025-01-14T21:22:00
223,97,purchase,2025-01-14T21:24:00
223,16,search,2025-01-15T13:06:00
223,16,view,2025-01-15T13:07:00
223,16,click,2025-01-15T13:09:00
223,16,add_to_cart,2025-01-15T13:10:00
223,16,remove_cart,2025-01-15T13:11:00
223,15,view,2025-01-15T13:12:00
223,15,click,2025-01-15T13:14:00
223,1,view,2025-01-15T13:16:00
223,1,click,2025-01-15T13:17:00
223,1,add_to_cart,2025-01-15T13:20:00
223,1,remove_cart,2025-01-15T13:21:00
223,94,search,2025-01-17T18:46:00
223,94,view,2025-01-17T18:48:00
223,94,click,2025-01-17T18:51:00
223,105,view,2025-01-17T18:54:00
223,105,click,2025-01-17T18:55:00
223,106,view,2025-01-17T18:56:00
223,106,click,2025-01-17T18:58:00
223,97,review,2025-01-19T21:36:00
223,1,search,2025-01-20T10:16:00
223,1,view,2025-01-20T10:17:00
223,15,view,2025-01-20T10:21:00
223,15,click,2025-01-20T10:25:00
223,15,add_to_cart,2025-01-20T10:28:00
223,15,purchase,2025-01-20T10:29:00
223,2,view,2025-01-20T10:31:00
223,2,click,2025-01-20T10:33:00
223,14,view,2025-01-22T09:03:00
223,14,click,2025-01-22T09:05:00
223,14,add_to_cart,2025-01-22T09:07:00
223,14,purchase,2025-01-22T09:09:00
223,16,view,2025-01-22T09:21:00
223,16,click,2025-01-22T09:24:00
223,16,add_to_cart,2025-01-22T09:26:00
223,16,purchase,2025-01-22T09:28:00
223,10,view,2025-01-22T09:40:00
223,10,click,2025-01-22T09:42:00
223,16,review,2025-02-04T09:40:00
224,94,view,2025-01-08T18:21:00
224,94,click,2025-01-08T18:23:00
224,161,search,2025-01-09T15:19:00
224,161,view,2025-01-09T15:22:00
224,161,click,2025-01-09T15:25:00
224,155,view,2025-01-09T15:27:00
224,155,click,2025-01-09T15:29:00
224,160,view,2025-01-09T15:32:00
224,166,search,2025-01-10T17:54:00
224,166,view,2025-01-10T17:57:00
224,166,click,2025-01-10T18:00:00
224,166,add_to_cart,2025-01-10T18:01:00
224,166,purchase,2025-01-10T18:03:00
224,72,view,2025-01-12T18:47:00
224,72,click,2025-01-12T18:48:00
224,81,view,2025-01-12T18:50:00
224,81,click,2025-01-12T18:52:00
224,86,view,2025-01-12T18:54:00
224,86,click,2025-01-12T18:56:00
224,86,add_to_cart,2025-01-12T18:58:00
224,86,purchase,2025-01-12T18:59:00
224,71,search,2025-01-13T21:32:00
224,71,view,2025-01-13T21:33:00
224,71,click,2025-01-13T21:37:00
224,71,add_to_cart,2025-01-13T21:38:00
224,71,remove_cart,2025-01-13T21:39:00
224,82,view,2025-01-13T21:40:00
224,82,click,2025-01-13T21:42:00
224,105,search,2025-01-16T06:22:00
224,105,view,2025-01-16T06:25:00
224,105,click,2025-01-16T06:27:00
224,105,add_to_cart,2025-01-16T06:28:00
224,105,remove_cart,2025-01-16T06:30:00
224,166,review,2025-01-16T18:10:00
224,94,search,2025-01-18T13:38:00
224,94,view,2025-01-18T13:41:00
224,94,click,2025-01-18T13:43:00
224,94,add_to_cart,2025-01-18T13:45:00
224,94,remove_cart,2025-01-18T13:46:00
224,86,review,2025-01-18T19:03:00
224,66,search,2025-01-19T16:16:00
224,66,view,2025-01-19T16:19:00
224,66,click,2025-01-19T16:22:00
224,74,view,2025-01-19T16:25:00
224,80,view,2025-01-19T16:29:00
224,80,click,2025-01-19T16:33:00
225,114,search,2025-01-10T07:31:00
225,114,view,2025-01-10T07:34:00
225,114,click,2025-01-10T07:36:00
225,114,add_to_cart,2025-01-10T07:39:00
225,114,remove_cart,2025-01-10T07:41:00
225,113,view,2025-01-10T07:42:00
225,113,click,2025-01-10T07:44:00
225,113,add_to_cart,2025-01-10T07:46:00
225,113,purchase,2025-01-10T07:48:00
225,114,view,2025-01-11T09:35:00
225,114,click,2025-01-11T09:36:00
225,126,view,2025-01-11T09:38:00
225,127,view,2025-01-11T09:42:00
225,127,click,2025-01-11T09:44:00
225,93,search,2025-01-12T04:23:00
225,93,view,2025-01-12T04:26:00
225,109,search,2025-01-13T13:30:00
225,109,view,2025-01-13T13:32:00
225,109,click,2025-01-13T13:36:00
225,109,add_to_cart,2025-01-13T13:37:00
225,109,remove_cart,2025-01-13T13:39:00
225,88,view,2025-01-13T13:41:00
225,88,click,2025-01-13T13:45:00
225,92,view,2025-01-13T13:46:00
225,92,click,2025-01-13T13:50:00
225,134,search,2025-01-15T11:14:00
225,134,view,2025-01-15T11:15:00
225,134,click,2025-01-15T11:19:00
225,134,add_to_cart,2025-01-15T11:20:00
225,134,purchase,2025-01-15T11:22:00
225,132,view,2025-01-15T11:30:00
225,132,click,2025-01-15T11:34:00
225,139,view,2025-01-15T11:37:00
225,139,click,2025-01-15T11:41:00
225,139,add_to_cart,2025-01-15T11:44:00
225,139,purchase,2025-01-15T11:46:00
225,142,search,2025-01-17T02:15:00
225,142,view,2025-01-17T02:18:00
225,142,click,2025-01-17T02:21:00
225,142,add_to_cart,2025-01-17T02:23:00
225,142,remove_cart,2025-01-17T02:25:00
225,141,view,2025-01-17T02:26:00
225,141,click,2025-01-17T02:28:00
225,141,add_to_cart,2025-01-17T02:29:00
225,141,purchase,2025-01-17T02:30:00
225,122,search,2025-01-19T13:49:00
225,122,view,2025-01-19T13:51:00
225,122,click,2025-01-19T13:55:00
225,117,view,2025-01-19T13:58:00
225,117,add_to_cart,2025-01-19T14:00:00
225,117,purchase,2025-01-19T14:02:00
225,131,view,2025-01-19T14:07:00
225,131,click,2025-01-19T14:08:00
225,131,add_to_cart,2025-01-19T14:10:00
225,131,purchase,2025-01-19T14:11:00
225,126,search,2025-01-22T00:59:00
225,126,view,2025-01-22T01:01:00
225,123,view,2025-01-22T01:03:00
225,123,click,2025-01-22T01:07:00
225,122,view,2025-01-22T01:09:00
225,122,click,2025-01-22T01:11:00
225,122,add_to_cart,2025-01-22T01:14:00
225,122,purchase,2025-01-22T01:16:00
225,139,review,2025-01-24T11:52:00
225,134,review,2025-01-26T11:30:00
225,122,review,2025-01-29T01:22:00
226,10,search,2025-01-05T16:23:00
226,10,view,2025-01-05T16:26:00
226,10,click,2025-01-05T16:27:00
226,22,view,2025-01-05T16:29:00
226,22,click,2025-01-05T16:31:00
226,22,add_to_cart,2025-01-05T16:33:00
226,22,purchase,2025-01-05T16:35:00
226,105,search,2025-01-07T09:33:00
226,105,view,2025-01-07T09:34:00
226,105,click,2025-01-07T09:37:00
226,105,add_to_cart,2025-01-07T09:40:00
226,105,purchase,2025-01-07T09:42:00
226,7,search,2025-01-10T01:46:00
226,7,view,2025-01-10T01:48:00
226,7,click,2025-01-10T01:52:00
226,15,view,2025-01-10T01:55:00
226,15,add_to_cart,2025-01-10T01:57:00
226,15,purchase,2025-01-10T01:59:00
226,18,view,2025-01-10T02:10:00
226,18,click,2025-01-10T02:13:00
226,18,add_to_cart,2025-01-10T02:16:00
226,18,purchase,2025-01-10T02:17:00
226,18,review,2025-01-11T02:19:00
226,108,search,2025-01-11T14:36:00
226,108,view,2025-01-11T14:39:00
226,108,click,2025-01-11T14:41:00
226,108,add_to_cart,2025-01-11T14:42:00
226,108,purchase,2025-01-11T14:43:00
226,106,view,2025-01-11T14:53:00
226,106,add_to_cart,2025-01-11T14:55:00
226,106,purchase,2025-01-11T14:56:00
226,109,view,2025-01-11T15:04:00
226,109,click,2025-01-11T15:08:00
226,10,search,2025-01-13T18:29:00
226,10,view,2025-01-13T18:30:00
226,10,click,2025-01-13T18:33:00
226,10,add_to_cart,2025-01-13T18:34:00
226,10,purchase,2025-01-13T18:36:00
226,14,view,2025-01-13T18:42:00
226,14,click,2025-01-13T18:43:00
226,14,add_to_cart,2025-01-13T18:44:00
226,14,remove_cart,2025-01-13T18:45:00
226,106,review,2025-01-15T15:04:00
226,19,search,2025-01-16T11:30:00
226,19,view,2025-01-16T11:32:00
226,19,click,2025-01-16T11:35:00
226,108,review,2025-01-17T14:53:00
226,90,search,2025-01-19T09:17:00
226,90,view,2025-01-19T09:19:00
226,90,click,2025-01-19T09:20:00
226,90,add_to_cart,2025-01-19T09:23:00
226,90,purchase,2025-01-19T09:24:00
226,108,view,2025-01-19T09:34:00
226,108,click,2025-01-19T09:38:00
226,106,view,2025-01-19T09:39:00
226,106,click,2025-01-19T09:42:00
226,106,add_to_cart,2025-01-19T09:43:00
226,106,purchase,2025-01-19T09:45:00
226,1,view,2025-01-20T02:05:00
226,1,add_to_cart,2025-01-20T02:08:00
226,1,purchase,2025-01-20T02:09:00
226,107,search,2025-01-21T08:57:00
226,107,view,2025-01-21T09:00:00
226,107,click,2025-01-21T09:01:00
226,10,review,2025-01-25T18:42:00
226,106,review,2025-01-28T09:54:00
226,90,review,2025-01-31T09:34:00
226,1,review,2025-02-01T02:19:00
227,64,view,2025-01-07T14:47:00
227,64,click,2025-01-07T14:49:00
227,64,add_to_cart,2025-01-07T14:52:00
227,64,remove_cart,2025-01-07T14:54:00
227,45,search,2025-01-08T03:30:00
227,45,view,2025-01-08T03:32:00
227,45,click,2025-01-08T03:34:00
227,58,view,2025-01-08T03:35:00
227,58,click,2025-01-08T03:38:00
227,58,add_to_cart,2025-01-08T03:41:00
227,58,remove_cart,2025-01-08T03:43:00
227,112,search,2025-01-10T15:56:00
227,112,view,2025-01-10T15:58:00
227,112,add_to_cart,2025-01-10T16:00:00
227,112,remove_cart,2025-01-10T16:02:00
227,131,search,2025-01-13T16:02:00
227,131,view,2025-01-13T16:04:00
227,131,click,2025-01-13T16:07:00
227,131,add_to_cart,2025-01-13T16:10:00
227,131,purchase,2025-01-13T16:11:00
227,112,view,2025-01-13T16:14:00
227,112,click,2025-01-13T16:18:00
227,112,add_to_cart,2025-01-13T16:21:00
227,112,purchase,2025-01-13T16:22:00
227,45,search,2025-01-15T00:55:00
227,45,view,2025-01-15T00:56:00
227,45,click,2025-01-15T00:57:00
227,45,add_to_cart,2025-01-15T00:59:00
227,45,purchase,2025-01-15T01:00:00
227,56,view,2025-01-15T01:03:00
227,129,search,2025-01-15T16:16:00
227,129,view,2025-01-15T16:19:00
227,129,click,2025-01-15T16:23:00
227,129,add_to_cart,2025-01-15T16:24:00
227,129,remove_cart,2025-01-15T16:25:00
227,117,view,2025-01-15T16:27:00
227,117,click,2025-01-15T16:30:00
227,116,view,2025-01-15T16:33:00
227,116,click,2025-01-15T16:34:00
227,131,review,2025-01-16T16:14:00
228,132,search,2025-01-08T02:05:00
228,132,view,2025-01-08T02:06:00
228,132,click,2025-01-08T02:08:00
228,143,view,2025-01-08T02:09:00
228,143,click,2025-01-08T02:13:00
228,162,view,2025-01-09T07:01:00
228,162,click,2025-01-09T07:05:00
228,169,view,2025-01-09T21:59:00
228,169,click,2025-01-09T22:01:00
228,169,add_to_cart,2025-01-09T22:04:00
228,169,purchase,2025-01-09T22:06:00
228,157,view,2025-01-09T22:13:00
228,157,click,2025-01-09T22:14:00
228,157,add_to_cart,2025-01-09T22:17:00
228,157,purchase,2025-01-09T22:18:00
228,162,view,2025-01-09T22:22:00
228,162,click,2025-01-09T22:26:00
228,162,add_to_cart,2025-01-09T22:28:00
228,162,purchase,2025-01-09T22:29:00
228,152,search,2025-01-11T02:50:00
228,152,view,2025-01-11T02:52:00
228,152,click,2025-01-11T02:53:00
228,133,view,2025-01-11T02:56:00
228,133,click,2025-01-11T02:57:00
228,147,view,2025-01-11T02:59:00
228,147,add_to_cart,2025-01-11T03:03:00
228,147,purchase,2025-01-11T03:04:00
228,151,view,2025-01-13T23:54:00
228,151,click,2025-01-13T23:56:00
228,134,view,2025-01-13T23:58:00
228,134,click,2025-01-14T00:01:00
228,147,search,2025-01-15T06:47:00
228,147,view,2025-01-15T06:50:00
228,147,click,2025-01-15T06:53:00
228,147,add_to_cart,2025-01-15T06:54:00
228,147,remove_cart,2025-01-15T06:56:00
228,169,review,2025-01-16T22:13:00
228,147,review,2025-01-19T03:16:00
228,162,review,2025-01-23T22:41:00
229,40,search,2025-01-10T23:27:00
229,40,view,2025-01-10T23:28:00
229,40,click,2025-01-10T23:31:00
229,40,add_to_cart,2025-01-10T23:32:00
229,40,purchase,2025-01-10T23:34:00
229,16,search,2025-01-11T13:52:00
229,16,view,2025-01-11T13:54:00
229,16,click,2025-01-11T13:56:00
229,21,view,2025-01-11T13:59:00
229,21,click,2025-01-11T14:02:00
229,29,view,2025-01-12T07:48:00
229,29,click,2025-01-12T07:51:00
229,33,search,2025-01-15T00:39:00
229,33,view,2025-01-15T00:40:00
229,33,click,2025-01-15T00:41:00
229,20,search,2025-01-17T20:48:00
229,20,view,2025-01-17T20:49:00
229,20,add_to_cart,2025-01-17T20:52:00
229,20,remove_cart,2025-01-17T20:53:00
229,13,view,2025-01-17T20:55:00
229,13,click,2025-01-17T20:57:00
229,13,add_to_cart,2025-01-17T20:58:00
229,13,purchase,2025-01-17T20:59:00
229,151,search,2025-01-19T03:48:00
229,151,view,2025-01-19T03:49:00
229,151,click,2025-01-19T03:51:00
229,151,add_to_cart,2025-01-19T03:54:00
229,151,purchase,2025-01-19T03:55:00
229,139,view,2025-01-19T04:06:00
229,139,click,2025-01-19T04:08:00
229,9,view,2025-01-21T23:11:00
229,9,click,2025-01-21T23:15:00
229,152,search,2025-01-24T01:05:00
229,152,view,2025-01-24T01:08:00
229,152,click,2025-01-24T01:11:00
229,152,add_to_cart,2025-01-24T01:12:00
229,152,purchase,2025-01-24T01:13:00
229,146,view,2025-01-24T01:23:00
229,146,click,2025-01-24T01:25:00
229,147,view,2025-01-24T01:28:00
229,147,click,2025-01-24T01:29:00
229,147,add_to_cart,2025-01-24T01:32:00
229,147,purchase,2025-01-24T01:33:00
229,151,review,2025-01-24T04:06:00
229,36,search,2025-01-25T12:13:00
229,36,view,2025-01-25T12:16:00
229,36,click,2025-01-25T12:20:00
229,36,add_to_cart,2025-01-25T12:23:00
229,36,purchase,2025-01-25T12:25:00
229,152,review,2025-01-26T01:23:00
229,147,review,2025-02-07T01:44:00
230,83,view,2025-01-06T01:48:00
230,83,click,2025-01-06T01:50:00
230,70,view,2025-01-06T01:52:00
230,70,click,2025-01-06T01:54:00
230,70,add_to_cart,2025-01-06T01:55:00
230,70,purchase,2025-01-06T01:56:00
230,72,view,2025-01-06T02:06:00
230,72,click,2025-01-06T02:08:00
230,72,add_to_cart,2025-01-06T02:10:00
230,72,purchase,2025-01-06T02:11:00
230,82,search,2025-01-07T20:28:00
230,82,view,2025-01-07T20:30:00
230,82,click,2025-01-07T20:34:00
230,82,add_to_cart,2025-01-07T20:36:00
230,82,purchase,2025-01-07T20:38:00
230,53,search,2025-01-10T05:40:00
230,53,view,2025-01-10T05:41:00
230,53,click,2025-01-10T05:43:00
230,53,add_to_cart,2025-01-10T05:45:00
230,53,purchase,2025-01-10T05:46:00
230,65,view,2025-01-10T05:51:00
230,65,click,2025-01-10T05:55:00
230,65,add_to_cart,2025-01-10T05:58:00
230,65,purchase,2025-01-10T06:00:00
230,65,review,2025-01-12T06:04:00
230,67,view,2025-01-12T16:01:00
230,67,click,2025-01-12T16:04:00
230,67,add_to_cart,2025-01-12T16:06:00
230,67,remove_cart,2025-01-12T16:07:00
230,81,view,2025-01-12T16:09:00
230,81,click,2025-01-12T16:10:00
230,81,add_to_cart,2025-01-12T16:12:00
230,81,purchase,2025-01-12T16:14:00
230,75,view,2025-01-12T16:21:00
230,75,click,2025-01-12T16:24:00
230,75,add_to_cart,2025-01-12T16:25:00
230,75,remove_cart,2025-01-12T16:27:00
230,73,view,2025-01-15T07:05:00
230,73,click,2025-01-15T07:07:00
230,74,view,2025-01-15T07:10:00
230,74,click,2025-01-15T07:11:00
230,73,search,2025-01-16T14:50:00
230,73,view,2025-01-16T14:52:00
230,73,click,2025-01-16T14:55:00
230,73,add_to_cart,2025-01-16T14:58:00
230,73,purchase,2025-01-16T14:59:00
230,75,view,2025-01-16T15:09:00
230,75,click,2025-01-16T15:13:00
230,82,review,2025-01-16T20:48:00
230,72,review,2025-01-18T02:18:00
230,121,search,2025-01-18T15:51:00
230,121,view,2025-01-18T15:54:00
230,121,click,2025-01-18T15:57:00
230,114,search,2025-01-20T17:54:00
230,114,view,2025-01-20T17:55:00
230,114,click,2025-01-20T17:57:00
230,114,add_to_cart,2025-01-20T17:58:00
230,114,purchase,2025-01-20T18:00:00
230,125,view,2025-01-20T18:02:00
230,125,click,2025-01-20T18:06:00
230,125,add_to_cart,2025-01-20T18:08:00
230,125,purchase,2025-01-20T18:09:00
230,119,view,2025-01-20T18:19:00
230,119,click,2025-01-20T18:23:00
230,125,review,2025-01-27T18:19:00
230,73,review,2025-01-30T15:09:00
231,166,search,2025-01-09T00:48:00
231,166,view,2025-01-09T00:49:00
231,166,click,2025-01-09T00:50:00
231,166,add_to_cart,2025-01-09T00:52:00
231,166,remove_cart,2025-01-09T00:53:00
231,167,view,2025-01-09T00:54:00
231,167,add_to_cart,2025-01-09T00:55:00
231,167,remove_cart,2025-01-09T00:56:00
231,18,view,2025-01-10T19:32:00
231,18,click,2025-01-10T19:36:00
231,6,view,2025-01-10T19:38:00
231,6,click,2025-01-10T19:40:00
231,99,search,2025-01-13T13:08:00
231,99,view,2025-01-13T13:11:00
231,99,add_to_cart,2025-01-13T13:12:00
231,99,remove_cart,2025-01-13T13:14:00
231,108,view,2025-01-13T13:16:00
231,108,add_to_cart,2025-01-13T13:19:00
231,108,purchase,2025-01-13T13:20:00
231,106,view,2025-01-13T13:26:00
231,106,click,2025-01-13T13:29:00
231,106,add_to_cart,2025-01-13T13:32:00
231,106,purchase,2025-01-13T13:34:00
231,91,search,2025-01-14T03:37:00
231,91,view,2025-01-14T03:38:00
231,91,click,2025-01-14T03:42:00
231,10,search,2025-01-16T03:28:00
231,10,view,2025-01-16T03:29:00
231,10,click,2025-01-16T03:33:00
231,10,add_to_cart,2025-01-16T03:36:00
231,10,purchase,2025-01-16T03:38:00
231,106,review,2025-01-16T13:42:00
231,21,search,2025-01-19T03:05:00
231,21,view,2025-01-19T03:08:00
231,21,click,2025-01-19T03:10:00
231,12,view,2025-01-19T03:11:00
231,12,click,2025-01-19T03:13:00
231,12,add_to_cart,2025-01-19T03:15:00
231,12,purchase,2025-01-19T03:17:00
231,19,view,2025-01-19T03:26:00
231,19,click,2025-01-19T03:30:00
231,108,review,2025-01-19T13:26:00
231,10,review,2025-01-22T03:49:00
231,12,review,2025-01-26T03:26:00
232,72,search,2025-01-12T10:49:00
232,72,view,2025-01-12T10:51:00
232,72,add_to_cart,2025-01-12T10:54:00
232,72,remove_cart,2025-01-12T10:56:00
232,60,search,2025-01-14T02:47:00
232,60,view,2025-01-14T02:48:00
232,60,click,2025-01-14T02:50:00
232,60,add_to_cart,2025-01-14T02:53:00
232,60,purchase,2025-01-14T02:55:00
232,52,view,2025-01-14T02:58:00
232,52,click,2025-01-14T02:59:00
232,52,add_to_cart,2025-01-14T03:00:00
232,52,purchase,2025-01-14T03:01:00
232,48,view,2025-01-14T03:11:00
232,48,click,2025-01-14T03:14:00
232,48,add_to_cart,2025-01-14T03:17:00
232,48,purchase,2025-01-14T03:19:00
232,85,search,2025-01-14T16:18:00
232,85,view,2025-01-14T16:20:00
232,85,click,2025-01-14T16:21:00
232,66,view,2025-01-14T16:23:00
232,66,click,2025-01-14T16:26:00
232,68,view,2025-01-14T16:29:00
232,68,click,2025-01-14T16:32:00
232,60,review,2025-01-15T02:58:00
232,125,view,2025-01-16T14:17:00
232,125,click,2025-01-16T14:21:00
232,125,add_to_cart,2025-01-16T14:24:00
232,125,purchase,2025-01-16T14:25:00
232,117,view,2025-01-16T14:29:00
232,117,click,2025-01-16T14:33:00
232,79,search,2025-01-17T21:48:00
232,79,view,2025-01-17T21:49:00
232,79,click,2025-01-17T21:52:00
232,74,search,2025-01-20T20:17:00
232,74,view,2025-01-20T20:19:00
232,74,click,2025-01-20T20:20:00
232,74,add_to_cart,2025-01-20T20:23:00
232,74,purchase,2025-01-20T20:25:00
232,66,search,2025-01-21T16:12:00
232,66,view,2025-01-21T16:15:00
232,66,click,2025-01-21T16:16:00
232,69,view,2025-01-21T16:18:00
232,69,click,2025-01-21T16:20:00
232,84,search,2025-01-23T07:53:00
232,84,view,2025-01-23T07:56:00
232,84,click,2025-01-23T08:00:00
232,64,view,2025-01-25T02:13:00
232,62,view,2025-01-25T02:17:00
232,62,click,2025-01-25T02:20:00
232,74,search,2025-01-25T17:33:00
232,74,view,2025-01-25T17:34:00
232,74,click,2025-01-25T17:38:00
232,81,view,2025-01-25T17:40:00
232,81,click,2025-01-25T17:43:00
233,162,search,2025-01-10T09:28:00
233,162,view,2025-01-10T09:30:00
233,162,click,2025-01-10T09:33:00
233,162,add_to_cart,2025-01-10T09:36:00
233,162,purchase,2025-01-10T09:38:00
233,172,view,2025-01-10T09:45:00
233,172,click,2025-01-10T09:47:00
233,172,add_to_cart,2025-01-10T09:49:00
233,172,remove_cart,2025-01-10T09:51:00
233,174,view,2025-01-10T09:52:00
233,174,click,2025-01-10T09:55:00
233,161,search,2025-01-12T13:14:00
233,161,view,2025-01-12T13:15:00
233,161,click,2025-01-12T13:17:00
233,161,add_to_cart,2025-01-12T13:19:00
233,161,purchase,2025-01-12T13:20:00
233,174,view,2025-01-12T13:29:00
233,174,click,2025-01-12T13:31:00
233,172,search,2025-01-13T13:18:00
233,172,view,2025-01-13T13:19:00
233,172,click,2025-01-13T13:23:00
233,160,view,2025-01-13T13:25:00
233,160,click,2025-01-13T13:26:00
233,183,view,2025-01-14T14:31:00
233,183,click,2025-01-14T14:34:00
233,190,view,2025-01-14T14:35:00
233,190,click,2025-01-14T14:39:00
233,190,add_to_cart,2025-01-14T14:42:00
233,190,purchase,2025-01-14T14:43:00
233,187,search,2025-01-15T17:40:00
233,187,view,2025-01-15T17:43:00
233,187,click,2025-01-15T17:47:00
233,192,view,2025-01-15T17:49:00
233,192,click,2025-01-15T17:53:00
233,192,add_to_cart,2025-01-15T17:55:00
233,192,purchase,2025-01-15T17:57:00
233,182,search,2025-01-17T21:29:00
233,182,view,2025-01-17T21:31:00
233,182,click,2025-01-17T21:33:00
233,194,view,2025-01-17T21:36:00
233,194,click,2025-01-17T21:39:00
233,194,add_to_cart,2025-01-17T21:40:00
233,194,remove_cart,2025-01-17T21:41:00
233,161,review,2025-01-18T13:29:00
233,169,search,2025-01-20T13:17:00
233,169,view,2025-01-20T13:20:00
233,169,click,2025-01-20T13:23:00
233,168,search,2025-01-22T17:55:00
233,168,view,2025-01-22T17:56:00
233,168,add_to_cart,2025-01-22T17:58:00
233,168,purchase,2025-01-22T17:59:00
233,169,view,2025-01-22T18:04:00
233,169,add_to_cart,2025-01-22T18:08:00
233,169,purchase,2025-01-22T18:10:00
233,172,view,2025-01-22T18:15:00
233,131,view,2025-01-23T08:27:00
233,131,click,2025-01-23T08:28:00
233,115,view,2025-01-23T08:31:00
233,115,click,2025-01-23T08:35:00
233,123,view,2025-01-23T08:36:00
233,192,review,2025-01-29T17:59:00
234,5,search,2025-01-11T12:31:00
234,5,view,2025-01-11T12:33:00
234,5,add_to_cart,2025-01-11T12:36:00
234,5,purchase,2025-01-11T12:37:00
234,142,search,2025-01-14T11:26:00
234,142,view,2025-01-14T11:27:00
234,142,click,2025-01-14T11:31:00
234,143,search,2025-01-17T03:59:00
234,143,view,2025-01-17T04:01:00
234,135,view,2025-01-17T04:02:00
234,135,click,2025-01-17T04:05:00
234,135,add_to_cart,2025-01-17T04:08:00
234,135,purchase,2025-01-17T04:09:00
234,132,view,2025-01-17T04:14:00
234,132,click,2025-01-17T04:17:00
234,141,view,2025-01-19T23:37:00
234,141,click,2025-01-19T23:39:00
234,141,add_to_cart,2025-01-19T23:42:00
234,141,remove_cart,2025-01-19T23:43:00
234,153,view,2025-01-19T23:45:00
234,153,click,2025-01-19T23:47:00
234,132,view,2025-01-19T23:49:00
234,132,click,2025-01-19T23:52:00
234,132,add_to_cart,2025-01-19T23:53:00
234,132,purchase,2025-01-19T23:55:00
234,5,review,2025-01-20T12:42:00
234,133,search,2025-01-21T23:47:00
234,133,view,2025-01-21T23:49:00
234,133,click,2025-01-21T23:51:00
234,149,view,2025-01-21T23:52:00
234,149,click,2025-01-21T23:53:00
234,149,add_to_cart,2025-01-21T23:55:00
234,149,remove_cart,2025-01-21T23:57:00
234,77,search,2025-01-24T17:56:00
234,77,view,2025-01-24T17:57:00
234,77,click,2025-01-24T18:01:00
234,77,add_to_cart,2025-01-24T18:02:00
234,77,purchase,2025-01-24T18:03:00
234,71,view,2025-01-24T18:10:00
234,71,click,2025-01-24T18:14:00
234,72,view,2025-01-24T18:15:00
234,72,click,2025-01-24T18:16:00
234,133,search,2025-01-27T01:48:00
234,133,view,2025-01-27T01:49:00
234,133,click,2025-01-27T01:50:00
234,137,view,2025-01-27T01:53:00
234,137,click,2025-01-27T01:55:00
234,137,add_to_cart,2025-01-27T01:57:00
234,137,remove_cart,2025-01-27T01:59:00
234,135,review,2025-01-31T04:14:00
235,111,view,2025-01-03T00:33:00
235,111,click,2025-01-03T00:34:00
235,59,search,2025-01-05T10:03:00
235,59,view,2025-01-05T10:06:00
235,59,click,2025-01-05T10:09:00
235,52,view,2025-01-05T10:11:00
235,52,click,2025-01-05T10:13:00
235,198,search,2025-01-07T14:59:00
235,198,view,2025-01-07T15:02:00
235,198,click,2025-01-07T15:03:00
235,186,view,2025-01-07T15:04:00
235,186,click,2025-01-07T15:08:00
235,186,add_to_cart,2025-01-07T15:11:00
235,186,purchase,2025-01-07T15:12:00
235,113,view,2025-01-09T00:29:00
235,113,click,2025-01-09T00:32:00
235,113,add_to_cart,2025-01-09T00:35:00
235,113,purchase,2025-01-09T00:36:00
235,126,view,2025-01-09T00:43:00
235,126,click,2025-01-09T00:45:00
235,126,add_to_cart,2025-01-09T00:48:00
235,126,purchase,2025-01-09T00:50:00
235,59,view,2025-01-09T19:44:00
235,59,click,2025-01-09T19:45:00
235,57,view,2025-01-09T19:47:00
235,57,click,2025-01-09T19:50:00
235,55,view,2025-01-09T19:51:00
235,55,click,2025-01-09T19:54:00
235,119,search,2025-01-12T05:15:00
235,119,view,2025-01-12T05:17:00
235,119,click,2025-01-12T05:18:00
235,123,view,2025-01-12T05:20:00
235,123,click,2025-01-12T05:23:00
235,126,review,2025-01-14T01:01:00
235,186,view,2025-01-14T01:29:00
235,186,click,2025-01-14T01:31:00
235,186,add_to_cart,2025-01-14T01:33:00
235,186,purchase,2025-01-14T01:35:00
235,192,view,2025-01-14T01:44:00
235,192,click,2025-01-14T01:48:00
235,65,search,2025-01-14T22:04:00
235,65,view,2025-01-14T22:05:00
235,65,click,2025-01-14T22:08:00
235,46,view,2025-01-14T22:09:00
235,46,click,2025-01-14T22:13:00
235,120,search,2025-01-17T00:32:00
235,120,view,2025-01-17T00:34:00
235,120,click,2025-01-17T00:38:00
235,121,view,2025-01-17T00:40:00
235,121,click,2025-01-17T00:41:00
235,121,add_to_cart,2025-01-17T00:42:00
235,121,purchase,2025-01-17T00:44:00
236,23,search,2025-01-07T18:28:00
236,23,view,2025-01-07T18:30:00
236,23,click,2025-01-07T18:31:00
236,28,view,2025-01-07T18:32:00
236,28,click,2025-01-07T18:34:00
236,45,view,2025-01-10T18:55:00
236,45,click,2025-01-10T18:56:00
236,45,add_to_cart,2025-01-10T18:57:00
236,45,purchase,2025-01-10T18:59:00
236,32,search,2025-01-12T04:46:00
236,32,view,2025-01-12T04:48:00
236,32,click,2025-01-12T04:51:00
236,34,view,2025-01-12T04:53:00
236,40,view,2025-01-13T06:19:00
236,40,click,2025-01-13T06:23:00
236,40,add_to_cart,2025-01-13T06:25:00
236,40,purchase,2025-01-13T06:26:00
236,29,view,2025-01-13T06:37:00
236,40,review,2025-01-14T06:37:00
236,39,search,2025-01-14T21:28:00
236,39,view,2025-01-14T21:30:00
236,39,click,2025-01-14T21:32:00
236,39,add_to_cart,2025-01-14T21:33:00
236,39,purchase,2025-01-14T21:35:00
236,41,search,2025-01-16T00:10:00
236,41,view,2025-01-16T00:11:00
236,37,view,2025-01-16T00:13:00
236,37,click,2025-01-16T00:17:00
236,30,view,2025-01-16T00:20:00
236,30,click,2025-01-16T00:23:00
236,34,search,2025-01-17T01:02:00
236,34,view,2025-01-17T01:03:00
236,34,click,2025-01-17T01:06:00
236,34,add_to_cart,2025-01-17T01:07:00
236,34,purchase,2025-01-17T01:09:00
236,40,view,2025-01-17T01:11:00
236,40,click,2025-01-17T01:13:00
236,40,add_to_cart,2025-01-17T01:16:00
236,40,purchase,2025-01-17T01:17:00
236,39,review,2025-01-17T21:45:00
236,23,view,2025-01-19T08:07:00
236,23,click,2025-01-19T08:11:00
236,40,view,2025-01-20T15:32:00
236,40,click,2025-01-20T15:36:00
236,29,view,2025-01-20T15:38:00
236,29,click,2025-01-20T15:42:00
236,39,view,2025-01-20T15:45:00
236,39,click,2025-01-20T15:47:00
236,39,add_to_cart,2025-01-20T15:50:00
236,39,remove_cart,2025-01-20T15:51:00
236,167,search,2025-01-22T10:09:00
236,167,view,2025-01-22T10:11:00
236,167,click,2025-01-22T10:14:00
236,167,add_to_cart,2025-01-22T10:15:00
236,167,purchase,2025-01-22T10:16:00
236,163,view,2025-01-22T10:20:00
236,163,click,2025-01-22T10:24:00
236,40,review,2025-01-27T01:25:00
237,32,search,2025-01-10T20:36:00
237,32,view,2025-01-10T20:38:00
237,32,click,2025-01-10T20:42:00
237,31,view,2025-01-10T20:44:00
237,31,click,2025-01-10T20:47:00
237,31,add_to_cart,2025-01-10T20:50:00
237,31,remove_cart,2025-01-10T20:52:00
237,35,search,2025-01-13T02:03:00
237,35,view,2025-01-13T02:05:00
237,32,view,2025-01-13T02:06:00
237,32,click,2025-01-13T02:07:00
237,35,search,2025-01-15T09:01:00
237,35,view,2025-01-15T09:02:00
237,35,click,2025-01-15T09:04:00
237,42,view,2025-01-15T09:07:00
237,42,click,2025-01-15T09:09:00
237,36,view,2025-01-15T09:12:00
237,36,click,2025-01-15T09:14:00
237,117,search,2025-01-17T02:30:00
237,117,view,2025-01-17T02:33:00
237,117,click,2025-01-17T02:36:00
237,126,view,2025-01-18T17:09:00
237,126,click,2025-01-18T17:12:00
237,126,add_to_cart,2025-01-18T17:13:00
237,126,purchase,2025-01-18T17:15:00
237,197,search,2025-01-20T10:04:00
237,197,view,2025-01-20T10:07:00
237,197,click,2025-01-20T10:10:00
237,200,view,2025-01-20T10:12:00
237,200,click,2025-01-20T10:13:00
237,200,add_to_cart,2025-01-20T10:15:00
237,200,purchase,2025-01-20T10:16:00
237,184,search,2025-01-21T15:06:00
237,184,view,2025-01-21T15:08:00
237,184,click,2025-01-21T15:10:00
237,184,add_to_cart,2025-01-21T15:11:00
237,184,purchase,2025-01-21T15:12:00
237,196,view,2025-01-21T15:20:00
237,196,click,2025-01-21T15:23:00
237,196,add_to_cart,2025-01-21T15:24:00
237,196,purchase,2025-01-21T15:25:00
237,26,search,2025-01-22T06:50:00
237,26,view,2025-01-22T06:53:00
237,26,click,2025-01-22T06:54:00
237,26,add_to_cart,2025-01-22T06:57:00
237,26,purchase,2025-01-22T06:58:00
237,34,view,2025-01-22T07:06:00
237,34,click,2025-01-22T07:08:00
237,34,add_to_cart,2025-01-22T07:11:00
237,34,purchase,2025-01-22T07:12:00
237,27,view,2025-01-22T07:17:00
237,27,click,2025-01-22T07:19:00
237,36,search,2025-01-23T07:16:00
237,36,view,2025-01-23T07:19:00
237,36,click,2025-01-23T07:20:00
237,36,add_to_cart,2025-01-23T07:21:00
237,36,remove_cart,2025-01-23T07:22:00
237,29,view,2025-01-23T07:23:00
237,29,click,2025-01-23T07:24:00
237,29,add_to_cart,2025-01-23T07:26:00
237,29,remove_cart,2025-01-23T07:28:00
237,26,review,2025-01-24T07:06:00
237,187,search,2025-01-26T05:22:00
237,187,view,2025-01-26T05:24:00
237,187,click,2025-01-26T05:28:00
237,187,add_to_cart,2025-01-26T05:31:00
237,187,purchase,2025-01-26T05:32:00
237,190,view,2025-01-26T05:36:00
237,190,click,2025-01-26T05:40:00
237,184,review,2025-01-26T15:20:00
237,196,review,2025-01-26T15:35:00
237,187,review,2025-02-05T05:36:00
238,66,search,2025-01-11T20:30:00
238,66,view,2025-01-11T20:33:00
238,66,click,2025-01-11T20:36:00
238,66,add_to_cart,2025-01-11T20:37:00
238,66,purchase,2025-01-11T20:38:00
238,86,view,2025-01-11T20:42:00
238,86,click,2025-01-11T20:44:00
238,116,view,2025-01-12T16:05:00
238,116,add_to_cart,2025-01-12T16:07:00
238,116,remove_cart,2025-01-12T16:09:00
238,124,view,2025-01-12T16:10:00
238,124,click,2025-01-12T16:14:00
238,124,add_to_cart,2025-01-12T16:15:00
238,124,purchase,2025-01-12T16:17:00
238,72,view,2025-01-14T05:30:00
238,72,click,2025-01-14T05:33:00
238,72,add_to_cart,2025-01-14T05:34:00
238,72,purchase,2025-01-14T05:35:00
238,114,search,2025-01-16T12:57:00
238,114,view,2025-01-16T12:59:00
238,114,click,2025-01-16T13:00:00
238,114,add_to_cart,2025-01-16T13:03:00
238,114,remove_cart,2025-01-16T13:04:00
238,111,view,2025-01-16T13:06:00
238,111,click,2025-01-16T13:10:00
238,111,add_to_cart,2025-01-16T13:11:00
238,111,purchase,2025-01-16T13:12:00
238,72,review,2025-01-17T05:42:00
238,82,search,2025-01-17T07:09:00
238,82,view,2025-01-17T07:12:00
238,82,click,2025-01-17T07:14:00
238,82,add_to_cart,2025-01-17T07:15:00
238,82,purchase,2025-01-17T07:16:00
238,86,search,2025-01-20T02:44:00
238,86,view,2025-01-20T02:46:00
238,125,search,2025-01-23T00:17:00
238,125,view,2025-01-23T00:18:00
238,111,view,2025-01-23T00:20:00
238,111,click,2025-01-23T00:22:00
238,111,add_to_cart,2025-01-23T00:24:00
238,111,purchase,2025-01-23T00:26:00
239,97,view,2025-01-02T06:54:00
239,97,click,2025-01-02T06:55:00
239,113,search,2025-01-04T09:11:00
239,113,view,2025-01-04T09:13:00
239,113,click,2025-01-04T09:16:00
239,111,view,2025-01-04T09:17:00
239,111,click,2025-01-04T09:19:00
239,111,add_to_cart,2025-01-04T09:20:00
239,111,purchase,2025-01-04T09:22:00
239,128,view,2025-01-07T02:01:00
239,128,click,2025-01-07T02:02:00
239,128,add_to_cart,2025-01-07T02:04:00
239,128,remove_cart,2025-01-07T02:06:00
239,110,search,2025-01-08T18:10:00
239,110,view,2025-01-08T18:11:00
239,110,click,2025-01-08T18:14:00
239,110,add_to_cart,2025-01-08T18:17:00
239,110,purchase,2025-01-08T18:18:00
239,118,view,2025-01-08T18:30:00
239,118,click,2025-01-08T18:34:00
239,100,search,2025-01-09T13:06:00
239,100,view,2025-01-09T13:08:00
239,100,click,2025-01-09T13:11:00
239,100,add_to_cart,2025-01-09T13:14:00
239,100,purchase,2025-01-09T13:15:00
239,104,view,2025-01-09T13:26:00
239,106,search,2025-01-12T02:51:00
239,106,view,2025-01-12T02:54:00
239,106,click,2025-01-12T02:56:00
239,106,add_to_cart,2025-01-12T02:59:00
239,106,purchase,2025-01-12T03:00:00
239,90,view,2025-01-12T03:08:00
239,90,click,2025-01-12T03:09:00
239,89,search,2025-01-13T13:57:00
239,89,view,2025-01-13T14:00:00
239,100,view,2025-01-13T14:03:00
239,100,add_to_cart,2025-01-13T14:05:00
239,100,purchase,2025-01-13T14:06:00
239,111,review,2025-01-18T09:27:00
239,106,review,2025-01-20T03:08:00
239,100,review,2025-01-22T13:26:00
239,100,review,2025-01-24T14:13:00
240,188,search,2025-01-08T01:00:00
240,188,view,2025-01-08T01:03:00
240,188,click,2025-01-08T01:06:00
240,181,view,2025-01-08T01:09:00
240,181,click,2025-01-08T01:11:00
240,154,search,2025-01-11T01:07:00
240,154,view,2025-01-11T01:09:00
240,154,click,2025-01-11T01:10:00
240,158,view,2025-01-11T01:12:00
240,158,click,2025-01-11T01:13:00
240,154,search,2025-01-13T06:18:00
240,154,view,2025-01-13T06:21:00
240,154,click,2025-01-13T06:22:00
240,172,view,2025-01-13T06:23:00
240,172,click,2025-01-13T06:24:00
240,144,search,2025-01-15T03:26:00
240,144,view,2025-01-15T03:29:00
240,144,click,2025-01-15T03:33:00
240,153,view,2025-01-15T03:35:00
240,153,click,2025-01-15T03:36:00
240,137,view,2025-01-15T03:39:00
240,137,click,2025-01-15T03:41:00
240,137,add_to_cart,2025-01-15T03:44:00
240,137,remove_cart,2025-01-15T03:45:00
240,152,search,2025-01-16T11:14:00
240,152,view,2025-01-16T11:16:00
240,152,click,2025-01-16T11:20:00
240,151,view,2025-01-16T11:22:00
240,151,click,2025-01-16T11:25:00
240,144,view,2025-01-16T11:28:00
240,144,click,2025-01-16T11:30:00
240,165,view,2025-01-18T00:47:00
240,165,click,2025-01-18T00:51:00
241,123,search,2025-01-03T13:47:00
241,123,view,2025-01-03T13:50:00
241,123,click,2025-01-03T13:54:00
241,123,add_to_cart,2025-01-03T13:55:00
241,123,purchase,2025-01-03T13:56:00
241,124,search,2025-01-05T06:37:00
241,124,view,2025-01-05T06:40:00
241,124,click,2025-01-05T06:43:00
241,124,add_to_cart,2025-01-05T06:45:00
241,124,purchase,2025-01-05T06:46:00
241,119,view,2025-01-05T06:57:00
241,119,click,2025-01-05T07:01:00
241,119,add_to_cart,2025-01-05T07:02:00
241,119,purchase,2025-01-05T07:03:00
241,125,view,2025-01-05T07:14:00
241,125,add_to_cart,2025-01-05T07:18:00
241,125,remove_cart,2025-01-05T07:19:00
241,45,search,2025-01-07T08:57:00
241,45,view,2025-01-07T08:59:00
241,45,click,2025-01-07T09:01:00
241,61,view,2025-01-07T09:02:00
241,61,click,2025-01-07T09:04:00
241,56,view,2025-01-07T09:06:00
241,56,click,2025-01-07T09:07:00
241,16,view,2025-01-08T12:30:00
241,16,click,2025-01-08T12:32:00
241,16,add_to_cart,2025-01-08T12:33:00
241,16,purchase,2025-01-08T12:35:00
241,12,view,2025-01-08T12:44:00
241,12,click,2025-01-08T12:45:00
241,12,add_to_cart,2025-01-08T12:48:00
241,12,purchase,2025-01-08T12:49:00
241,8,view,2025-01-08T12:56:00
241,8,click,2025-01-08T12:58:00
241,63,search,2025-01-10T09:26:00
241,63,view,2025-01-10T09:27:00
241,63,click,2025-01-10T09:29:00
241,57,view,2025-01-10T09:31:00
241,57,click,2025-01-10T09:35:00
241,123,review,2025-01-11T13:59:00
241,125,search,2025-01-12T05:24:00
241,125,view,2025-01-12T05:27:00
241,125,click,2025-01-12T05:28:00
241,125,add_to_cart,2025-01-12T05:29:00
241,125,purchase,2025-01-12T05:30:00
241,131,view,2025-01-12T05:35:00
241,131,click,2025-01-12T05:37:00
241,12,review,2025-01-12T12:56:00
241,65,search,2025-01-13T15:11:00
241,65,view,2025-01-13T15:14:00
241,51,search,2025-01-16T02:06:00
241,51,view,2025-01-16T02:09:00
241,51,click,2025-01-16T02:12:00
241,59,view,2025-01-16T02:14:00
241,59,add_to_cart,2025-01-16T02:16:00
241,59,purchase,2025-01-16T02:17:00
241,44,view,2025-01-16T02:25:00
241,119,review,2025-01-17T07:14:00
241,16,review,2025-01-17T12:44:00
241,11,view,2025-01-17T16:05:00
241,11,click,2025-01-17T16:07:00
241,1,view,2025-01-17T16:10:00
241,1,click,2025-01-17T16:13:00
241,1,add_to_cart,2025-01-17T16:14:00
241,1,remove_cart,2025-01-17T16:15:00
241,125,review,2025-01-18T05:35:00
241,59,review,2025-01-30T02:25:00
242,194,view,2025-01-08T18:58:00
242,180,view,2025-01-08T18:59:00
242,180,click,2025-01-08T19:03:00
242,174,search,2025-01-10T20:21:00
242,174,view,2025-01-10T20:23:00
242,174,click,2025-01-10T20:25:00
242,156,search,2025-01-12T05:13:00
242,156,view,2025-01-12T05:14:00
242,156,click,2025-01-12T05:17:00
242,156,add_to_cart,2025-01-12T05:19:00
242,156,purchase,2025-01-12T05:20:00
242,159,view,2025-01-14T22:49:00
242,159,click,2025-01-14T22:52:00
242,159,add_to_cart,2025-01-14T22:53:00
242,159,purchase,2025-01-14T22:54:00
242,163,view,2025-01-14T22:59:00
242,163,click,2025-01-14T23:03:00
242,163,add_to_cart,2025-01-14T23:06:00
242,163,purchase,2025-01-14T23:07:00
242,161,search,2025-01-16T05:23:00
242,161,view,2025-01-16T05:25:00
242,175,view,2025-01-16T05:26:00
242,175,click,2025-01-16T05:29:00
242,175,view,2025-01-16T21:21:00
242,175,click,2025-01-16T21:22:00
242,155,view,2025-01-16T21:25:00
242,155,click,2025-01-16T21:28:00
242,155,add_to_cart,2025-01-16T21:29:00
242,155,purchase,2025-01-16T21:30:00
242,167,view,2025-01-16T21:33:00
242,167,add_to_cart,2025-01-16T21:34:00
242,167,purchase,2025-01-16T21:35:00
242,164,search,2025-01-19T04:36:00
242,164,view,2025-01-19T04:39:00
242,164,click,2025-01-19T04:42:00
242,164,add_to_cart,2025-01-19T04:43:00
242,164,purchase,2025-01-19T04:44:00
242,167,view,2025-01-19T04:51:00
242,167,click,2025-01-19T04:52:00
242,162,view,2025-01-19T04:54:00
242,162,click,2025-01-19T04:55:00
242,159,review,2025-01-19T22:59:00
242,156,review,2025-01-23T05:28:00
242,167,review,2025-01-25T21:43:00
242,163,review,2025-01-28T23:09:00
243,121,search,2025-01-09T03:36:00
243,121,view,2025-01-09T03:38:00
243,121,click,2025-01-09T03:40:00
243,125,view,2025-01-09T03:42:00
243,125,click,2025-01-09T03:44:00
243,127,view,2025-01-09T03:47:00
243,127,click,2025-01-09T03:48:00
243,82,search,2025-01-10T09:56:00
243,82,view,2025-01-10T09:57:00
243,82,click,2025-01-10T09:59:00
243,69,view,2025-01-10T10:01:00
243,75,search,2025-01-13T04:15:00
243,75,view,2025-01-13T04:16:00
243,69,view,2025-01-14T20:36:00
243,69,click,2025-01-14T20:38:00
243,79,view,2025-01-16T17:13:00
243,79,click,2025-01-16T17:17:00
243,79,add_to_cart,2025-01-16T17:20:00
243,79,purchase,2025-01-16T17:21:00
243,85,view,2025-01-16T17:25:00
243,85,click,2025-01-16T17:26:00
243,85,search,2025-01-19T15:54:00
243,85,view,2025-01-19T15:56:00
243,69,view,2025-01-19T15:57:00
243,69,click,2025-01-19T15:59:00
243,69,add_to_cart,2025-01-19T16:02:00
243,69,purchase,2025-01-19T16:03:00
243,29,search,2025-01-20T10:28:00
243,29,view,2025-01-20T10:31:00
243,29,add_to_cart,2025-01-20T10:33:00
243,29,purchase,2025-01-20T10:34:00
243,118,search,2025-01-23T11:01:00
243,118,view,2025-01-23T11:02:00
243,118,add_to_cart,2025-01-23T11:04:00
243,118,purchase,2025-01-23T11:05:00
243,122,view,2025-01-23T11:11:00
243,122,click,2025-01-23T11:15:00
243,115,view,2025-01-23T11:16:00
243,115,click,2025-01-23T11:20:00
243,72,view,2025-01-25T17:59:00
243,72,click,2025-01-25T18:03:00
243,86,view,2025-01-25T18:05:00
243,86,click,2025-01-25T18:09:00
243,87,view,2025-01-25T18:12:00
243,87,click,2025-01-25T18:16:00
243,87,add_to_cart,2025-01-25T18:17:00
243,87,purchase,2025-01-25T18:19:00
243,66,search,2025-01-26T22:16:00
243,66,view,2025-01-26T22:17:00
243,66,add_to_cart,2025-01-26T22:20:00
243,66,purchase,2025-01-26T22:22:00
243,69,review,2025-01-28T16:06:00
243,79,review,2025-01-29T17:25:00
243,118,review,2025-02-01T11:11:00
243,66,review,2025-02-03T22:26:00
244,112,search,2025-01-05T17:51:00
244,112,view,2025-01-05T17:54:00
244,112,click,2025-01-05T17:56:00
244,123,view,2025-01-05T17:58:00
244,123,click,2025-01-05T18:02:00
244,186,search,2025-01-06T20:40:00
244,186,view,2025-01-06T20:43:00
244,186,click,2025-01-06T20:45:00
244,198,view,2025-01-06T20:48:00
244,198,click,2025-01-06T20:52:00
244,181,view,2025-01-06T20:55:00
244,181,click,2025-01-06T20:59:00
244,111,search,2025-01-09T02:57:00
244,111,view,2025-01-09T02:59:00
244,111,click,2025-01-09T03:01:00
244,118,view,2025-01-09T03:04:00
244,118,click,2025-01-09T03:06:00
244,115,view,2025-01-09T03:07:00
244,115,click,2025-01-09T03:09:00
244,115,add_to_cart,2025-01-09T03:12:00
244,115,purchase,2025-01-09T03:13:00
244,125,search,2025-01-11T22:03:00
244,125,view,2025-01-11T22:05:00
244,125,click,2025-01-11T22:08:00
244,119,view,2025-01-14T01:50:00
244,119,click,2025-01-14T01:54:00
244,131,view,2025-01-14T01:56:00
244,131,click,2025-01-14T02:00:00
244,131,add_to_cart,2025-01-14T02:02:00
244,131,remove_cart,2025-01-14T02:03:00
244,128,view,2025-01-14T02:04:00
244,128,add_to_cart,2025-01-14T02:07:00
244,128,purchase,2025-01-14T02:09:00
244,61,search,2025-01-15T11:22:00
244,61,view,2025-01-15T11:23:00
244,61,click,2025-01-15T11:24:00
244,61,add_to_cart,2025-01-15T11:27:00
244,61,remove_cart,2025-01-15T11:29:00
244,53,view,2025-01-15T11:31:00
244,53,click,2025-01-15T11:33:00
244,53,add_to_cart,2025-01-15T11:35:00
244,53,remove_cart,2025-01-15T11:36:00
244,128,review,2025-01-17T02:16:00
244,120,view,2025-01-17T18:52:00
244,120,click,2025-01-17T18:56:00
244,113,view,2025-01-17T18:58:00
244,113,add_to_cart,2025-01-17T18:59:00
244,113,purchase,2025-01-17T19:00:00
244,51,view,2025-01-18T15:35:00
244,51,click,2025-01-18T15:39:00
244,49,view,2025-01-19T17:21:00
244,49,click,2025-01-19T17:22:00
244,49,add_to_cart,2025-01-19T17:23:00
244,49,purchase,2025-01-19T17:24:00
244,64,view,2025-01-19T17:30:00
244,48,view,2025-01-19T17:33:00
244,48,click,2025-01-19T17:34:00
244,48,add_to_cart,2025-01-19T17:35:00
244,48,purchase,2025-01-19T17:37:00
244,113,review,2025-01-20T19:09:00
244,48,review,2025-02-02T17:45:00
245,8,search,2025-01-03T00:57:00
245,8,view,2025-01-03T01:00:00
245,8,click,2025-01-03T01:04:00
245,8,add_to_cart,2025-01-03T01:05:00
245,8,purchase,2025-01-03T01:07:00
245,22,view,2025-01-03T14:29:00
245,22,click,2025-01-03T14:30:00
245,22,add_to_cart,2025-01-03T14:31:00
245,22,purchase,2025-01-03T14:33:00
245,1,view,2025-01-03T14:40:00
245,1,add_to_cart,2025-01-03T14:41:00
245,1,purchase,2025-01-03T14:42:00
245,70,view,2025-01-05T12:04:00
245,70,click,2025-01-05T12:05:00
245,1,review,2025-01-05T14:48:00
245,86,search,2025-01-08T00:12:00
245,86,view,2025-01-08T00:15:00
245,72,view,2025-01-08T00:19:00
245,72,click,2025-01-08T00:21:00
245,72,add_to_cart,2025-01-08T00:22:00
245,72,purchase,2025-01-08T00:24:00
245,71,view,2025-01-08T00:30:00
245,71,click,2025-01-08T00:33:00
245,71,add_to_cart,2025-01-08T00:34:00
245,71,remove_cart,2025-01-08T00:36:00
245,166,search,2025-01-08T16:37:00
245,166,view,2025-01-08T16:38:00
245,166,click,2025-01-08T16:40:00
245,166,add_to_cart,2025-01-08T16:42:00
245,166,purchase,2025-01-08T16:44:00
245,154,view,2025-01-08T16:48:00
245,154,click,2025-01-08T16:50:00
245,14,search,2025-01-09T13:33:00
245,14,view,2025-01-09T13:35:00
245,14,click,2025-01-09T13:36:00
245,15,view,2025-01-09T13:39:00
245,15,click,2025-01-09T13:43:00
245,80,search,2025-01-10T15:17:00
245,80,view,2025-01-10T15:20:00
245,80,click,2025-01-10T15:21:00
245,77,view,2025-01-10T15:22:00
245,77,click,2025-01-10T15:23:00
245,77,add_to_cart,2025-01-10T15:26:00
245,77,purchase,2025-01-10T15:28:00
245,68,view,2025-01-10T15:32:00
245,68,click,2025-01-10T15:36:00
245,68,add_to_cart,2025-01-10T15:38:00
245,68,purchase,2025-01-10T15:40:00
245,168,search,2025-01-11T11:24:00
245,168,view,2025-01-11T11:27:00
245,168,click,2025-01-11T11:28:00
245,161,view,2025-01-11T11:31:00
245,161,click,2025-01-11T11:34:00
245,161,add_to_cart,2025-01-11T11:35:00
245,161,purchase,2025-01-11T11:36:00
245,162,view,2025-01-11T11:45:00
245,162,click,2025-01-11T11:48:00
245,162,add_to_cart,2025-01-11T11:51:00
245,162,remove_cart,2025-01-11T11:53:00
245,72,review,2025-01-12T00:30:00
245,166,review,2025-01-16T16:48:00
245,77,review,2025-01-19T15:32:00
245,68,review,2025-01-19T15:50:00
246,7,search,2025-01-11T21:28:00
246,7,view,2025-01-11T21:31:00
246,7,click,2025-01-11T21:34:00
246,7,add_to_cart,2025-01-11T21:36:00
246,7,purchase,2025-01-11T21:38:00
246,8,view,2025-01-11T21:47:00
246,8,add_to_cart,2025-01-11T21:51:00
246,8,remove_cart,2025-01-11T21:53:00
246,19,view,2025-01-11T21:55:00
246,19,click,2025-01-11T21:57:00
246,19,add_to_cart,2025-01-11T21:59:00
246,19,purchase,2025-01-11T22:01:00
246,7,review,2025-01-12T21:47:00
246,2,search,2025-01-14T11:04:00
246,2,view,2025-01-14T11:07:00
246,2,click,2025-01-14T11:11:00
246,15,view,2025-01-14T11:14:00
246,15,click,2025-01-14T11:16:00
246,15,add_to_cart,2025-01-14T11:19:00
246,15,purchase,2025-01-14T11:20:00
246,22,view,2025-01-16T17:22:00
246,22,click,2025-01-16T17:23:00
246,22,add_to_cart,2025-01-16T17:26:00
246,22,purchase,2025-01-16T17:27:00
246,187,search,2025-01-18T13:05:00
246,187,view,2025-01-18T13:07:00
246,187,add_to_cart,2025-01-18T13:08:00
246,187,purchase,2025-01-18T13:10:00
246,197,view,2025-01-18T13:18:00
246,197,click,2025-01-18T13:22:00
246,197,add_to_cart,2025-01-18T13:24:00
246,197,remove_cart,2025-01-18T13:26:00
246,22,review,2025-01-18T17:31:00
246,2,search,2025-01-20T14:03:00
246,2,view,2025-01-20T14:04:00
246,2,click,2025-01-20T14:05:00
246,9,view,2025-01-20T14:06:00
246,9,click,2025-01-20T14:10:00
246,9,add_to_cart,2025-01-20T14:11:00
246,9,purchase,2025-01-20T14:13:00
246,183,search,2025-01-21T03:44:00
246,183,view,2025-01-21T03:46:00
246,183,click,2025-01-21T03:50:00
246,200,view,2025-01-21T03:53:00
246,200,click,2025-01-21T03:57:00
246,200,view,2025-01-22T05:39:00
246,200,click,2025-01-22T05:42:00
246,57,search,2025-01-24T08:39:00
246,57,view,2025-01-24T08:42:00
246,57,click,2025-01-24T08:44:00
246,57,add_to_cart,2025-01-24T08:47:00
246,57,remove_cart,2025-01-24T08:49:00
246,62,view,2025-01-24T08:50:00
246,187,review,2025-01-27T13:18:00
247,8,search,2025-01-06T14:52:00
247,8,view,2025-01-06T14:54:00
247,8,click,2025-01-06T14:58:00
247,15,search,2025-01-08T02:37:00
247,15,view,2025-01-08T02:39:00
247,15,click,2025-01-08T02:40:00
247,15,add_to_cart,2025-01-08T02:42:00
247,15,purchase,2025-01-08T02:44:00
247,97,view,2025-01-10T19:38:00
247,97,click,2025-01-10T19:41:00
247,97,add_to_cart,2025-01-10T19:42:00
247,97,remove_cart,2025-01-10T19:43:00
247,88,view,2025-01-10T19:44:00
247,88,click,2025-01-10T19:47:00
247,88,add_to_cart,2025-01-10T19:50:00
247,88,purchase,2025-01-10T19:51:00
247,13,search,2025-01-13T01:30:00
247,13,view,2025-01-13T01:31:00
247,13,add_to_cart,2025-01-13T01:34:00
247,13,purchase,2025-01-13T01:36:00
247,30,search,2025-01-15T01:04:00
247,30,view,2025-01-15T01:06:00
247,30,click,2025-01-15T01:10:00
247,30,add_to_cart,2025-01-15T01:12:00
247,30,purchase,2025-01-15T01:14:00
247,34,view,2025-01-15T01:25:00
247,34,click,2025-01-15T01:28:00
247,34,add_to_cart,2025-01-15T01:29:00
247,34,purchase,2025-01-15T01:30:00
247,29,view,2025-01-15T01:37:00
247,29,click,2025-01-15T01:40:00
247,29,add_to_cart,2025-01-15T01:41:00
247,29,purchase,2025-01-15T01:42:00
247,15,review,2025-01-15T02:48:00
247,20,search,2025-01-17T18:47:00
247,20,view,2025-01-17T18:48:00
247,20,click,2025-01-17T18:50:00
247,20,add_to_cart,2025-01-17T18:51:00
247,20,purchase,2025-01-17T18:53:00
247,19,view,2025-01-17T19:00:00
247,88,review,2025-01-18T19:53:00
247,108,search,2025-01-19T15:35:00
247,108,view,2025-01-19T15:36:00
247,108,click,2025-01-19T15:40:00
247,93,view,2025-01-19T15:42:00
247,93,click,2025-01-19T15:43:00
247,9,search,2025-01-22T13:54:00
247,9,view,2025-01-22T13:56:00
247,9,click,2025-01-22T14:00:00
247,9,add_to_cart,2025-01-22T14:02:00
247,9,purchase,2025-01-22T14:04:00
247,10,view,2025-01-22T14:10:00
247,10,click,2025-01-22T14:12:00
247,10,add_to_cart,2025-01-22T14:14:00
247,10,remove_cart,2025-01-22T14:15:00
247,34,review,2025-01-23T01:37:00
247,29,review,2025-01-24T01:53:00
247,20,review,2025-01-29T19:00:00
248,64,view,2025-01-06T05:23:00
248,64,click,2025-01-06T05:25:00
248,64,add_to_cart,2025-01-06T05:28:00
248,64,purchase,2025-01-06T05:30:00
248,61,search,2025-01-06T23:44:00
248,61,view,2025-01-06T23:46:00
248,61,click,2025-01-06T23:47:00
248,61,add_to_cart,2025-01-06T23:49:00
248,61,purchase,2025-01-06T23:51:00
248,61,review,2025-01-09T00:02:00
248,61,view,2025-01-09T17:41:00
248,61,click,2025-01-09T17:43:00
248,57,search,2025-01-11T17:55:00
248,57,view,2025-01-11T17:56:00
248,57,click,2025-01-11T17:59:00
248,46,view,2025-01-14T01:25:00
248,46,click,2025-01-14T01:27:00
248,153,search,2025-01-15T05:11:00
248,153,view,2025-01-15T05:14:00
248,150,view,2025-01-15T05:17:00
248,150,click,2025-01-15T05:21:00
248,150,add_to_cart,2025-01-15T05:23:00
248,150,purchase,2025-01-15T05:24:00
248,141,view,2025-01-15T05:33:00
248,141,click,2025-01-15T05:36:00
248,141,add_to_cart,2025-01-15T05:39:00
248,141,purchase,2025-01-15T05:41:00
248,59,search,2025-01-16T05:16:00
248,59,view,2025-01-16T05:19:00
248,59,click,2025-01-16T05:20:00
248,46,view,2025-01-16T05:22:00
248,46,click,2025-01-16T05:24:00
248,153,search,2025-01-17T11:22:00
248,153,view,2025-01-17T11:23:00
248,153,click,2025-01-17T11:25:00
248,46,view,2025-01-19T02:26:00
248,46,click,2025-01-19T02:27:00
248,57,view,2025-01-19T02:29:00
248,57,click,2025-01-19T02:32:00
248,57,add_to_cart,2025-01-19T02:34:00
248,57,remove_cart,2025-01-19T02:36:00
248,73,view,2025-01-19T19:44:00
248,73,click,2025-01-19T19:47:00
248,82,view,2025-01-19T19:48:00
248,82,click,2025-01-19T19:50:00
248,82,add_to_cart,2025-01-19T19:53:00
248,82,purchase,2025-01-19T19:55:00
249,37,view,2025-01-12T08:59:00
249,37,click,2025-01-12T09:03:00
249,37,add_to_cart,2025-01-12T09:05:00
249,37,purchase,2025-01-12T09:06:00
249,124,search,2025-01-14T18:40:00
249,124,view,2025-01-14T18:41:00
249,124,click,2025-01-14T18:45:00
249,124,add_to_cart,2025-01-14T18:48:00
249,124,remove_cart,2025-01-14T18:50:00
249,116,view,2025-01-14T18:51:00
249,116,click,2025-01-14T18:53:00
249,116,add_to_cart,2025-01-14T18:55:00
249,116,remove_cart,2025-01-14T18:56:00
249,114,view,2025-01-14T18:57:00
249,197,search,2025-01-15T20:55:00
249,197,view,2025-01-15T20:57:00
249,197,click,2025-01-15T21:00:00
249,188,view,2025-01-15T21:01:00
249,188,click,2025-01-15T21:04:00
249,186,view,2025-01-15T21:07:00
249,186,click,2025-01-15T21:09:00
249,186,add_to_cart,2025-01-15T21:11:00
249,186,remove_cart,2025-01-15T21:13:00
249,124,search,2025-01-16T15:22:00
249,124,view,2025-01-16T15:23:00
249,117,view,2025-01-16T15:26:00
249,117,click,2025-01-16T15:29:00
249,187,search,2025-01-19T09:27:00
249,187,view,2025-01-19T09:30:00
249,187,click,2025-01-19T09:32:00
249,187,add_to_cart,2025-01-19T09:35:00
249,187,purchase,2025-01-19T09:36:00
249,195,view,2025-01-19T09:40:00
249,195,click,2025-01-19T09:44:00
249,196,view,2025-01-19T09:45:00
249,196,click,2025-01-19T09:46:00
249,196,add_to_cart,2025-01-19T09:48:00
249,196,purchase,2025-01-19T09:49:00
249,24,search,2025-01-20T13:14:00
249,24,view,2025-01-20T13:16:00
249,24,add_to_cart,2025-01-20T13:20:00
249,24,purchase,2025-01-20T13:22:00
249,27,view,2025-01-20T13:33:00
249,27,click,2025-01-20T13:35:00
249,110,search,2025-01-21T19:42:00
249,110,view,2025-01-21T19:43:00
249,129,view,2025-01-21T19:45:00
249,24,review,2025-01-23T13:33:00
249,126,search,2025-01-23T18:13:00
249,126,view,2025-01-23T18:15:00
249,126,click,2025-01-23T18:19:00
249,130,view,2025-01-23T18:22:00
249,130,click,2025-01-23T18:23:00
249,37,review,2025-01-25T09:12:00
249,177,view,2025-01-25T22:19:00
249,177,add_to_cart,2025-01-25T22:21:00
249,177,purchase,2025-01-25T22:23:00
249,185,view,2025-01-25T22:27:00
249,185,add_to_cart,2025-01-25T22:31:00
249,185,purchase,2025-01-25T22:32:00
249,127,search,2025-01-27T07:34:00
249,127,view,2025-01-27T07:37:00
249,127,add_to_cart,2025-01-27T07:40:00
249,127,purchase,2025-01-27T07:42:00
249,118,view,2025-01-27T07:48:00
249,118,click,2025-01-27T07:51:00
249,131,view,2025-01-27T07:52:00
249,131,click,2025-01-27T07:55:00
249,187,review,2025-01-30T09:40:00
249,177,review,2025-02-03T22:27:00
249,185,review,2025-02-07T22:36:00
250,60,search,2025-01-03T06:36:00
250,60,view,2025-01-03T06:39:00
250,60,click,2025-01-03T06:42:00
250,60,add_to_cart,2025-01-03T06:44:00
250,60,purchase,2025-01-03T06:45:00
250,64,view,2025-01-03T06:48:00
250,64,click,2025-01-03T06:52:00
250,65,view,2025-01-03T06:53:00
250,63,search,2025-01-05T08:24:00
250,63,view,2025-01-05T08:26:00
250,63,click,2025-01-05T08:28:00
250,63,add_to_cart,2025-01-05T08:29:00
250,63,purchase,2025-01-05T08:30:00
250,140,search,2025-01-07T16:17:00
250,140,view,2025-01-07T16:18:00
250,143,view,2025-01-07T16:21:00
250,143,click,2025-01-07T16:25:00
250,143,add_to_cart,2025-01-07T16:27:00
250,143,remove_cart,2025-01-07T16:29:00
250,156,search,2025-01-10T09:58:00
250,156,view,2025-01-10T10:01:00
250,170,view,2025-01-10T10:03:00
250,170,click,2025-01-10T10:05:00
250,58,view,2025-01-13T10:19:00
250,58,click,2025-01-13T10:23:00
250,58,add_to_cart,2025-01-13T10:25:00
250,58,purchase,2025-01-13T10:27:00
250,60,review,2025-01-14T06:48:00
250,149,search,2025-01-15T23:51:00
250,149,view,2025-01-15T23:54:00
250,149,click,2025-01-15T23:57:00
250,149,add_to_cart,2025-01-15T23:58:00
250,149,purchase,2025-01-15T23:59:00
250,58,review,2025-01-17T10:30:00
250,154,view,2025-01-18T01:37:00
250,154,add_to_cart,2025-01-18T01:38:00
250,154,purchase,2025-01-18T01:40:00
250,138,view,2025-01-18T18:37:00
250,138,click,2025-01-18T18:39:00
250,138,add_to_cart,2025-01-18T18:41:00
250,138,remove_cart,2025-01-18T18:42:00
250,132,view,2025-01-18T18:44:00
250,132,click,2025-01-18T18:48:00
250,132,add_to_cart,2025-01-18T18:51:00
250,132,purchase,2025-01-18T18:53:00
250,140,view,2025-01-18T19:02:00
250,140,click,2025-01-18T19:03:00
250,140,add_to_cart,2025-01-18T19:04:00
250,140,purchase,2025-01-18T19:05:00
250,146,view,2025-01-19T09:16:00
250,146,click,2025-01-19T09:17:00
250,149,review,2025-01-23T00:03:00
250,140,review,2025-01-23T19:13:00
250,154,review,2025-01-28T01:45:00
251,197,view,2025-01-07T21:40:00
251,197,click,2025-01-07T21:44:00
251,99,search,2025-01-10T19:17:00
251,99,view,2025-01-10T19:19:00
251,99,click,2025-01-10T19:20:00
251,36,search,2025-01-12T16:31:00
251,36,view,2025-01-12T16:34:00
251,36,click,2025-01-12T16:38:00
251,36,add_to_cart,2025-01-12T16:40:00
251,36,purchase,2025-01-12T16:42:00
251,26,view,2025-01-12T16:54:00
251,26,click,2025-01-12T16:58:00
251,28,search,2025-01-13T13:12:00
251,28,view,2025-01-13T13:15:00
251,28,click,2025-01-13T13:17:00
251,25,view,2025-01-13T13:20:00
251,25,click,2025-01-13T13:21:00
251,25,add_to_cart,2025-01-13T13:22:00
251,25,purchase,2025-01-13T13:23:00
251,42,view,2025-01-13T13:25:00
251,42,add_to_cart,2025-01-13T13:28:00
251,42,purchase,2025-01-13T13:30:00
251,36,review,2025-01-14T16:54:00
251,26,search,2025-01-15T19:23:00
251,26,view,2025-01-15T19:24:00
251,26,click,2025-01-15T19:27:00
251,37,view,2025-01-15T19:30:00
251,37,click,2025-01-15T19:32:00
251,37,add_to_cart,2025-01-15T19:33:00
251,37,purchase,2025-01-15T19:35:00
251,35,search,2025-01-18T12:17:00
251,35,view,2025-01-18T12:19:00
251,34,view,2025-01-18T12:23:00
251,34,click,2025-01-18T12:27:00
251,34,add_to_cart,2025-01-18T12:29:00
251,34,purchase,2025-01-18T12:31:00
251,25,review,2025-01-18T13:25:00
251,186,search,2025-01-19T05:06:00
251,186,view,2025-01-19T05:08:00
251,186,click,2025-01-19T05:12:00
251,181,view,2025-01-19T05:15:00
251,184,search,2025-01-19T17:46:00
251,184,view,2025-01-19T17:49:00
251,184,click,2025-01-19T17:52:00
251,180,view,2025-01-19T17:54:00
251,180,click,2025-01-19T17:56:00
251,181,view,2025-01-19T17:59:00
251,181,click,2025-01-19T18:01:00
251,177,search,2025-01-21T06:54:00
251,177,view,2025-01-21T06:56:00
251,177,add_to_cart,2025-01-21T07:00:00
251,177,remove_cart,2025-01-21T07:01:00
251,177,search,2025-01-22T07:07:00
251,177,view,2025-01-22T07:08:00
251,177,click,2025-01-22T07:10:00
251,42,review,2025-01-27T13:39:00
251,37,review,2025-01-28T19:47:00
252,176,search,2025-01-11T18:32:00
252,176,view,2025-01-11T18:34:00
252,176,click,2025-01-11T18:38:00
252,188,view,2025-01-11T18:39:00
252,188,click,2025-01-11T18:42:00
252,188,add_to_cart,2025-01-11T18:44:00
252,188,purchase,2025-01-11T18:45:00
252,187,view,2025-01-11T18:53:00
252,187,click,2025-01-11T18:56:00
252,25,search,2025-01-13T19:55:00
252,25,view,2025-01-13T19:58:00
252,25,click,2025-01-13T20:02:00
252,37,view,2025-01-13T20:03:00
252,37,click,2025-01-13T20:06:00
252,139,view,2025-01-14T21:59:00
252,139,click,2025-01-14T22:02:00
252,153,view,2025-01-14T22:05:00
252,153,click,2025-01-14T22:08:00
252,35,search,2025-01-17T06:18:00
252,35,view,2025-01-17T06:21:00
252,35,click,2025-01-17T06:22:00
252,35,add_to_cart,2025-01-17T06:25:00
252,35,purchase,2025-01-17T06:27:00
252,24,view,2025-01-17T06:38:00
252,24,click,2025-01-17T06:42:00
252,193,view,2025-01-18T22:16:00
252,193,click,2025-01-18T22:17:00
252,185,view,2025-01-18T22:20:00
252,185,click,2025-01-18T22:24:00
252,180,view,2025-01-18T22:27:00
252,180,click,2025-01-18T22:28:00
252,180,add_to_cart,2025-01-18T22:29:00
252,180,purchase,2025-01-18T22:31:00
252,142,search,2025-01-21T15:42:00
252,142,view,2025-01-21T15:45:00
252,142,click,2025-01-21T15:49:00
252,142,add_to_cart,2025-01-21T15:50:00
252,142,purchase,2025-01-21T15:52:00
252,153,view,2025-01-21T16:03:00
252,153,click,2025-01-21T16:06:00
252,153,add_to_cart,2025-01-21T16:08:00
252,153,purchase,2025-01-21T16:10:00
252,136,view,2025-01-21T16:16:00
252,136,click,2025-01-21T16:18:00
252,136,add_to_cart,2025-01-21T16:20:00
252,136,remove_cart,2025-01-21T16:22:00
252,153,search,2025-01-23T02:25:00
252,153,view,2025-01-23T02:27:00
252,153,click,2025-01-23T02:29:00
252,153,add_to_cart,2025-01-23T02:31:00
252,153,purchase,2025-01-23T02:32:00
252,153,review,2025-01-24T16:16:00
252,35,review,2025-01-25T06:38:00
252,24,search,2025-01-25T08:06:00
252,24,view,2025-01-25T08:09:00
252,24,click,2025-01-25T08:12:00
252,142,review,2025-01-26T16:03:00
252,32,search,2025-01-27T05:33:00
252,32,view,2025-01-27T05:35:00
252,32,click,2025-01-27T05:36:00
252,32,add_to_cart,2025-01-27T05:38:00
252,32,purchase,2025-01-27T05:39:00
252,150,search,2025-01-29T10:40:00
252,150,view,2025-01-29T10:42:00
252,150,click,2025-01-29T10:43:00
252,150,add_to_cart,2025-01-29T10:45:00
252,150,remove_cart,2025-01-29T10:46:00
253,175,search,2025-01-09T20:44:00
253,175,view,2025-01-09T20:45:00
253,175,click,2025-01-09T20:49:00
253,175,add_to_cart,2025-01-09T20:52:00
253,175,purchase,2025-01-09T20:54:00
253,190,view,2025-01-11T07:30:00
253,190,click,2025-01-11T07:33:00
253,175,review,2025-01-11T21:00:00
253,179,search,2025-01-14T06:00:00
253,179,view,2025-01-14T06:01:00
253,179,add_to_cart,2025-01-14T06:04:00
253,179,purchase,2025-01-14T06:05:00
253,181,view,2025-01-14T06:16:00
253,181,click,2025-01-14T06:18:00
253,156,view,2025-01-15T16:22:00
253,156,click,2025-01-15T16:23:00
253,161,search,2025-01-17T07:35:00
253,161,view,2025-01-17T07:38:00
253,161,click,2025-01-17T07:41:00
253,172,view,2025-01-17T07:43:00
253,172,click,2025-01-17T07:47:00
253,155,view,2025-01-17T07:50:00
253,155,click,2025-01-17T07:51:00
253,168,search,2025-01-20T06:01:00
253,168,view,2025-01-20T06:02:00
253,168,add_to_cart,2025-01-20T06:04:00
253,168,purchase,2025-01-20T06:05:00
253,159,search,2025-01-22T20:59:00
253,159,view,2025-01-22T21:02:00
253,159,add_to_cart,2025-01-22T21:04:00
253,159,purchase,2025-01-22T21:06:00
253,156,view,2025-01-22T21:18:00
253,156,click,2025-01-22T21:19:00
253,162,search,2025-01-24T10:38:00
253,162,view,2025-01-24T10:39:00
253,162,click,2025-01-24T10:41:00
253,160,view,2025-01-24T10:44:00
253,160,click,2025-01-24T10:48:00
253,160,add_to_cart,2025-01-24T10:50:00
253,160,purchase,2025-01-24T10:51:00
253,159,review,2025-01-24T21:18:00
253,166,search,2025-01-25T14:20:00
253,166,view,2025-01-25T14:23:00
253,166,click,2025-01-25T14:24:00
253,170,view,2025-01-25T14:27:00
253,170,add_to_cart,2025-01-25T14:31:00
253,170,remove_cart,2025-01-25T14:33:00
253,165,search,2025-01-26T02:36:00
253,165,view,2025-01-26T02:37:00
253,165,click,2025-01-26T02:41:00
253,165,add_to_cart,2025-01-26T02:42:00
253,165,purchase,2025-01-26T02:44:00
253,160,view,2025-01-26T02:53:00
253,160,click,2025-01-26T02:56:00
253,155,view,2025-01-26T02:58:00
253,155,click,2025-01-26T02:59:00
253,168,review,2025-01-31T06:12:00
254,7,view,2025-01-06T19:18:00
254,7,click,2025-01-06T19:21:00
254,7,add_to_cart,2025-01-06T19:24:00
254,7,purchase,2025-01-06T19:26:00
254,8,view,2025-01-06T19:29:00
254,8,click,2025-01-06T19:33:00
254,8,add_to_cart,2025-01-06T19:35:00
254,8,purchase,2025-01-06T19:37:00
254,6,view,2025-01-06T19:44:00
254,6,click,2025-01-06T19:45:00
254,6,add_to_cart,2025-01-06T19:48:00
254,6,purchase,2025-01-06T19:50:00
254,41,search,2025-01-08T04:52:00
254,41,view,2025-01-08T04:53:00
254,41,click,2025-01-08T04:55:00
254,36,view,2025-01-08T04:57:00
254,36,click,2025-01-08T04:59:00
254,27,search,2025-01-08T17:37:00
254,27,view,2025-01-08T17:38:00
254,27,click,2025-01-08T17:41:00
254,27,add_to_cart,2025-01-08T17:43:00
254,27,purchase,2025-01-08T17:45:00
254,25,view,2025-01-08T17:57:00
254,25,click,2025-01-08T17:59:00
254,25,add_to_cart,2025-01-08T18:00:00
254,25,purchase,2025-01-08T18:02:00
254,7,view,2025-01-09T17:47:00
254,7,click,2025-01-09T17:48:00
254,2,view,2025-01-09T17:49:00
254,2,click,2025-01-09T17:51:00
254,2,add_to_cart,2025-01-09T17:54:00
254,2,purchase,2025-01-09T17:55:00
254,25,review,2025-01-11T18:08:00
254,175,search,2025-01-11T20:09:00
254,175,view,2025-01-11T20:12:00
254,175,click,2025-01-11T20:15:00
254,160,view,2025-01-11T20:18:00
254,160,click,2025-01-11T20:21:00
254,167,search,2025-01-14T02:04:00
254,167,view,2025-01-14T02:06:00
254,167,click,2025-01-14T02:08:00
254,175,view,2025-01-14T02:11:00
254,175,click,2025-01-14T02:13:00
254,175,add_to_cart,2025-01-14T02:16:00
254,175,purchase,2025-01-14T02:18:00
254,170,search,2025-01-15T09:49:00
254,170,view,2025-01-15T09:51:00
254,170,click,2025-01-15T09:55:00
254,158,view,2025-01-15T09:58:00
254,32,search,2025-01-17T00:34:00
254,32,view,2025-01-17T00:37:00
254,32,add_to_cart,2025-01-17T00:40:00
254,32,purchase,2025-01-17T00:42:00
254,29,view,2025-01-17T00:46:00
254,29,click,2025-01-17T00:50:00
254,39,view,2025-01-17T00:52:00
254,39,click,2025-01-17T00:56:00
254,39,add_to_cart,2025-01-17T00:57:00
254,39,purchase,2025-01-17T00:58:00
254,7,review,2025-01-18T19:29:00
254,6,review,2025-01-18T20:02:00
254,27,review,2025-01-20T17:57:00
254,2,review,2025-01-22T18:00:00
254,32,review,2025-01-28T00:46:00
254,39,review,2025-01-28T01:02:00
255,191,search,2025-01-10T16:46:00
255,191,view,2025-01-10T16:48:00
255,191,click,2025-01-10T16:50:00
255,140,search,2025-01-11T10:55:00
255,140,view,2025-01-11T10:57:00
255,140,click,2025-01-11T11:01:00
255,145,view,2025-01-11T11:02:00
255,145,click,2025-01-11T11:06:00
255,145,add_to_cart,2025-01-11T11:09:00
255,145,purchase,2025-01-11T11:11:00
255,144,view,2025-01-11T11:22:00
255,139,view,2025-01-13T19:24:00
255,139,click,2025-01-13T19:27:00
255,134,search,2025-01-16T01:48:00
255,134,view,2025-01-16T01:51:00
255,134,click,2025-01-16T01:53:00
255,139,view,2025-01-16T01:54:00
255,139,click,2025-01-16T01:56:00
255,139,add_to_cart,2025-01-16T01:57:00
255,139,purchase,2025-01-16T01:58:00
255,94,search,2025-01-18T16:21:00
255,94,view,2025-01-18T16:24:00
255,94,click,2025-01-18T16:25:00
255,103,view,2025-01-18T16:28:00
255,103,add_to_cart,2025-01-18T16:30:00
255,103,remove_cart,2025-01-18T16:32:00
255,107,view,2025-01-18T16:34:00
255,107,click,2025-01-18T16:36:00
255,107,add_to_cart,2025-01-18T16:39:00
255,107,purchase,2025-01-18T16:40:00
255,108,search,2025-01-19T18:28:00
255,108,view,2025-01-19T18:29:00
255,108,click,2025-01-19T18:31:00
255,108,add_to_cart,2025-01-19T18:33:00
255,108,remove_cart,2025-01-19T18:34:00
255,109,view,2025-01-19T18:36:00
255,109,click,2025-01-19T18:40:00
255,109,add_to_cart,2025-01-19T18:41:00
255,109,purchase,2025-01-19T18:43:00
255,152,search,2025-01-21T08:45:00
255,152,view,2025-01-21T08:48:00
255,152,click,2025-01-21T08:49:00
255,142,view,2025-01-21T08:50:00
255,142,add_to_cart,2025-01-21T08:51:00
255,142,purchase,2025-01-21T08:53:00
255,97,view,2025-01-22T12:14:00
255,97,click,2025-01-22T12:18:00
255,97,add_to_cart,2025-01-22T12:19:00
255,97,purchase,2025-01-22T12:21:00
255,104,view,2025-01-22T12:32:00
255,107,review,2025-01-22T16:45:00
255,136,search,2025-01-24T06:42:00
255,136,view,2025-01-24T06:43:00
255,136,click,2025-01-24T06:44:00
255,136,add_to_cart,2025-01-24T06:45:00
255,136,purchase,2025-01-24T06:46:00
255,182,search,2025-01-26T16:32:00
255,182,view,2025-01-26T16:33:00
255,182,click,2025-01-26T16:35:00
255,185,view,2025-01-26T16:37:00
255,185,click,2025-01-26T16:38:00
255,196,view,2025-01-26T16:41:00
255,196,click,2025-01-26T16:43:00
255,196,add_to_cart,2025-01-26T16:46:00
255,196,remove_cart,2025-01-26T16:47:00
255,97,review,2025-01-30T12:32:00
255,109,review,2025-02-01T18:48:00
255,136,review,2025-02-07T06:56:00
256,44,search,2025-01-04T03:07:00
256,44,view,2025-01-04T03:09:00
256,44,click,2025-01-04T03:12:00
256,48,view,2025-01-04T03:13:00
256,48,click,2025-01-04T03:15:00
256,45,view,2025-01-04T03:17:00
256,45,click,2025-01-04T03:18:00
256,45,add_to_cart,2025-01-04T03:19:00
256,45,remove_cart,2025-01-04T03:20:00
256,171,search,2025-01-07T04:00:00
256,171,view,2025-01-07T04:02:00
256,171,click,2025-01-07T04:03:00
256,171,add_to_cart,2025-01-07T04:06:00
256,171,purchase,2025-01-07T04:08:00
256,167,view,2025-01-07T04:16:00
256,167,click,2025-01-07T04:17:00
256,158,view,2025-01-07T04:18:00
256,158,click,2025-01-07T04:21:00
256,174,search,2025-01-09T22:25:00
256,174,view,2025-01-09T22:28:00
256,174,click,2025-01-09T22:29:00
256,174,add_to_cart,2025-01-09T22:30:00
256,174,purchase,2025-01-09T22:32:00
256,53,search,2025-01-11T19:50:00
256,53,view,2025-01-11T19:51:00
256,53,click,2025-01-11T19:54:00
256,53,add_to_cart,2025-01-11T19:56:00
256,53,purchase,2025-01-11T19:57:00
256,43,view,2025-01-11T20:07:00
256,43,click,2025-01-11T20:11:00
256,66,search,2025-01-14T01:40:00
256,66,view,2025-01-14T01:43:00
256,66,click,2025-01-14T01:46:00
256,53,search,2025-01-16T22:48:00
256,53,view,2025-01-16T22:49:00
256,53,click,2025-01-16T22:53:00
256,65,view,2025-01-16T22:56:00
256,65,click,2025-01-16T23:00:00
256,65,add_to_cart,2025-01-16T23:03:00
256,65,purchase,2025-01-16T23:04:00
256,70,search,2025-01-17T11:30:00
256,70,view,2025-01-17T11:31:00
256,70,click,2025-01-17T11:32:00
256,70,add_to_cart,2025-01-17T11:34:00
256,70,purchase,2025-01-17T11:35:00
256,77,search,2025-01-18T00:56:00
256,77,view,2025-01-18T00:58:00
256,77,click,2025-01-18T01:01:00
256,53,review,2025-01-19T20:07:00
256,171,review,2025-01-20T04:16:00
256,70,review,2025-01-27T11:45:00
257,175,search,2025-01-03T16:17:00
257,175,view,2025-01-03T16:19:00
257,109,view,2025-01-06T14:13:00
257,109,click,2025-01-06T14:14:00
257,90,view,2025-01-06T14:17:00
257,90,click,2025-01-06T14:20:00
257,93,view,2025-01-06T14:23:00
257,93,click,2025-01-06T14:25:00
257,135,view,2025-01-07T09:16:00
257,135,click,2025-01-07T09:19:00
257,166,search,2025-01-10T06:25:00
257,166,view,2025-01-10T06:27:00
257,166,click,2025-01-10T06:29:00
257,168,view,2025-01-10T06:31:00
257,168,click,2025-01-10T06:32:00
257,168,add_to_cart,2025-01-10T06:35:00
257,168,purchase,2025-01-10T06:36:00
257,167,view,2025-01-10T06:42:00
257,167,click,2025-01-10T06:46:00
257,167,add_to_cart,2025-01-10T06:47:00
257,167,purchase,2025-01-10T06:48:00
257,163,view,2025-01-11T23:30:00
257,163,click,2025-01-11T23:34:00
257,163,add_to_cart,2025-01-11T23:35:00
257,163,purchase,2025-01-11T23:36:00
257,172,search,2025-01-13T21:55:00
257,172,view,2025-01-13T21:58:00
257,172,click,2025-01-13T22:02:00
257,174,view,2025-01-13T22:04:00
257,174,click,2025-01-13T22:08:00
257,159,view,2025-01-13T22:10:00
257,159,click,2025-01-13T22:12:00
257,159,add_to_cart,2025-01-13T22:15:00
257,159,purchase,2025-01-13T22:17:00
257,168,review,2025-01-18T06:42:00
257,167,review,2025-01-22T06:58:00
257,159,review,2025-01-25T22:29:00
258,144,search,2025-01-08T20:45:00
258,144,view,2025-01-08T20:48:00
258,144,click,2025-01-08T20:51:00
258,153,view,2025-01-08T20:53:00
258,153,click,2025-01-08T20:56:00
258,153,add_to_cart,2025-01-08T20:58:00
258,153,purchase,2025-01-08T20:59:00
258,145,view,2025-01-08T21:07:00
258,145,click,2025-01-08T21:10:00
258,149,search,2025-01-10T14:36:00
258,149,view,2025-01-10T14:37:00
258,149,click,2025-01-10T14:41:00
258,145,view,2025-01-10T14:42:00
258,153,view,2025-01-10T14:45:00
258,153,click,2025-01-10T14:47:00
258,153,add_to_cart,2025-01-10T14:48:00
258,153,remove_cart,2025-01-10T14:49:00
258,92,search,2025-01-12T02:15:00
258,92,view,2025-01-12T02:17:00
258,92,click,2025-01-12T02:20:00
258,92,add_to_cart,2025-01-12T02:22:00
258,92,purchase,2025-01-12T02:23:00
258,90,view,2025-01-12T02:33:00
258,90,add_to_cart,2025-01-12T02:35:00
258,90,remove_cart,2025-01-12T02:37:00
258,12,view,2025-01-14T14:37:00
258,12,click,2025-01-14T14:40:00
258,4,view,2025-01-14T14:42:00
258,4,click,2025-01-14T14:43:00
258,4,add_to_cart,2025-01-14T14:45:00
258,4,purchase,2025-01-14T14:47:00
258,3,search,2025-01-16T19:33:00
258,3,view,2025-01-16T19:35:00
258,17,search,2025-01-17T15:34:00
258,17,view,2025-01-17T15:35:00
258,17,click,2025-01-17T15:36:00
258,17,add_to_cart,2025-01-17T15:38:00
258,17,purchase,2025-01-17T15:40:00
258,141,view,2025-01-19T17:22:00
258,141,click,2025-01-19T17:26:00
258,137,view,2025-01-19T17:28:00
258,137,click,2025-01-19T17:31:00
258,4,review,2025-01-25T14:58:00
259,161,search,2025-01-08T20:29:00
259,161,view,2025-01-08T20:30:00
259,161,click,2025-01-08T20:33:00
259,161,add_to_cart,2025-01-08T20:36:00
259,161,purchase,2025-01-08T20:37:00
259,154,view,2025-01-08T20:46:00
259,168,search,2025-01-09T19:04:00
259,168,view,2025-01-09T19:05:00
259,168,click,2025-01-09T19:06:00
259,168,add_to_cart,2025-01-09T19:09:00
259,168,purchase,2025-01-09T19:11:00
259,171,view,2025-01-09T19:17:00
259,171,click,2025-01-09T19:19:00
259,119,search,2025-01-10T21:09:00
259,119,view,2025-01-10T21:12:00
259,167,search,2025-01-12T09:20:00
259,167,view,2025-01-12T09:22:00
259,167,click,2025-01-12T09:26:00
259,172,view,2025-01-12T09:28:00
259,172,add_to_cart,2025-01-12T09:29:00
259,172,purchase,2025-01-12T09:30:00
259,133,search,2025-01-12T22:06:00
259,133,view,2025-01-12T22:08:00
259,133,click,2025-01-12T22:12:00
259,133,add_to_cart,2025-01-12T22:15:00
259,133,purchase,2025-01-12T22:16:00
259,144,view,2025-01-12T22:23:00
259,144,click,2025-01-12T22:25:00
259,144,add_to_cart,2025-01-12T22:26:00
259,144,purchase,2025-01-12T22:28:00
259,142,view,2025-01-12T22:32:00
259,142,click,2025-01-12T22:36:00
259,152,view,2025-01-13T18:46:00
259,152,click,2025-01-13T18:47:00
259,152,add_to_cart,2025-01-13T18:48:00
259,152,remove_cart,2025-01-13T18:50:00
259,122,search,2025-01-16T07:19:00
259,122,view,2025-01-16T07:21:00
259,122,click,2025-01-16T07:23:00
259,129,view,2025-01-16T07:24:00
259,129,click,2025-01-16T07:27:00
259,129,add_to_cart,2025-01-16T07:29:00
259,129,remove_cart,2025-01-16T07:31:00
259,130,view,2025-01-16T07:33:00
259,130,click,2025-01-16T07:35:00
259,130,add_to_cart,2025-01-16T07:36:00
259,130,remove_cart,2025-01-16T07:38:00
259,137,view,2025-01-18T17:39:00
259,137,click,2025-01-18T17:42:00
259,148,view,2025-01-18T17:44:00
259,148,click,2025-01-18T17:48:00
259,137,search,2025-01-19T07:11:00
259,137,view,2025-01-19T07:13:00
259,137,click,2025-01-19T07:17:00
259,150,view,2025-01-19T07:20:00
259,150,click,2025-01-19T07:22:00
259,150,add_to_cart,2025-01-19T07:24:00
259,150,purchase,2025-01-19T07:26:00
259,139,view,2025-01-19T07:29:00
259,139,click,2025-01-19T07:31:00
259,154,search,2025-01-22T00:28:00
259,154,view,2025-01-22T00:29:00
259,154,click,2025-01-22T00:31:00
259,162,view,2025-01-22T00:33:00
259,162,click,2025-01-22T00:35:00
259,133,review,2025-01-24T22:23:00
259,150,review,2025-01-29T07:29:00
260,187,search,2025-01-02T18:43:00
260,187,view,2025-01-02T18:45:00
260,187,add_to_cart,2025-01-02T18:46:00
260,187,purchase,2025-01-02T18:47:00
260,188,search,2025-01-03T17:32:00
260,188,view,2025-01-03T17:34:00
260,143,search,2025-01-04T23:40:00
260,143,view,2025-01-04T23:43:00
260,143,click,2025-01-04T23:45:00
260,143,add_to_cart,2025-01-04T23:47:00
260,143,purchase,2025-01-04T23:48:00
260,150,view,2025-01-05T00:00:00
260,150,click,2025-01-05T00:04:00
260,150,add_to_cart,2025-01-05T00:07:00
260,150,purchase,2025-01-05T00:09:00
260,190,view,2025-01-06T20:13:00
260,190,click,2025-01-06T20:16:00
260,190,add_to_cart,2025-01-06T20:19:00
260,190,remove_cart,2025-01-06T20:20:00
260,183,view,2025-01-06T20:22:00
260,183,click,2025-01-06T20:25:00
260,153,search,2025-01-08T16:19:00
260,153,view,2025-01-08T16:20:00
260,129,search,2025-01-09T21:58:00
260,129,view,2025-01-09T22:00:00
260,129,add_to_cart,2025-01-09T22:03:00
260,129,purchase,2025-01-09T22:05:00
260,187,review,2025-01-11T18:50:00
260,111,search,2025-01-12T04:50:00
260,111,view,2025-01-12T04:51:00
260,111,click,2025-01-12T04:55:00
260,111,add_to_cart,2025-01-12T04:58:00
260,111,purchase,2025-01-12T04:59:00
260,114,view,2025-01-12T05:02:00
260,114,click,2025-01-12T05:05:00
260,117,view,2025-01-12T05:08:00
260,117,add_to_cart,2025-01-12T05:12:00
260,117,remove_cart,2025-01-12T05:14:00
260,125,search,2025-01-13T14:25:00
260,125,view,2025-01-13T14:27:00
260,125,click,2025-01-13T14:28:00
260,125,add_to_cart,2025-01-13T14:31:00
260,125,remove_cart,2025-01-13T14:32:00
260,122,view,2025-01-13T14:33:00
260,122,click,2025-01-13T14:36:00
260,117,view,2025-01-13T14:38:00
260,117,click,2025-01-13T14:40:00
260,117,add_to_cart,2025-01-13T14:42:00
260,117,purchase,2025-01-13T14:44:00
260,144,search,2025-01-16T12:42:00
260,144,view,2025-01-16T12:43:00
260,144,click,2025-01-16T12:44:00
260,143,view,2025-01-16T12:47:00
260,143,click,2025-01-16T12:48:00
260,143,add_to_cart,2025-01-16T12:50:00
260,143,remove_cart,2025-01-16T12:51:00
260,151,view,2025-01-16T12:52:00
260,151,click,2025-01-16T12:53:00
260,151,add_to_cart,2025-01-16T12:55:00
260,151,purchase,2025-01-16T12:56:00
260,197,search,2025-01-17T12:45:00
260,197,view,2025-01-17T12:48:00
260,197,click,2025-01-17T12:50:00
260,143,review,2025-01-18T00:00:00
260,117,review,2025-01-22T14:49:00
260,151,review,2025-01-27T13:02:00
261,183,view,2025-01-05T10:46:00
261,189,view,2025-01-05T10:50:00
261,189,click,2025-01-05T10:54:00
261,189,add_to_cart,2025-01-05T10:56:00
261,189,purchase,2025-01-05T10:58:00
261,191,view,2025-01-05T11:05:00
261,191,click,2025-01-05T11:06:00
261,191,add_to_cart,2025-01-05T11:09:00
261,191,purchase,2025-01-05T11:11:00
261,113,search,2025-01-06T23:56:00
261,113,view,2025-01-06T23:58:00
261,113,click,2025-01-07T00:01:00
261,111,view,2025-01-07T00:02:00
261,111,click,2025-01-07T00:04:00
261,111,add_to_cart,2025-01-07T00:05:00
261,111,remove_cart,2025-01-07T00:06:00
261,114,view,2025-01-07T00:07:00
261,1,search,2025-01-08T12:26:00
261,1,view,2025-01-08T12:27:00
261,1,click,2025-01-08T12:31:00
261,1,add_to_cart,2025-01-08T12:33:00
261,1,purchase,2025-01-08T12:34:00
261,15,view,2025-01-08T12:37:00
261,15,click,2025-01-08T12:40:00
261,5,view,2025-01-08T12:43:00
261,5,click,2025-01-08T12:45:00
261,118,search,2025-01-10T18:55:00
261,118,view,2025-01-10T18:58:00
261,118,click,2025-01-10T19:02:00
261,189,review,2025-01-11T11:05:00
261,194,view,2025-01-13T11:33:00
261,194,click,2025-01-13T11:36:00
261,194,add_to_cart,2025-01-13T11:37:00
261,194,purchase,2025-01-13T11:39:00
261,186,view,2025-01-13T11:44:00
261,186,click,2025-01-13T11:45:00
261,186,add_to_cart,2025-01-13T11:48:00
261,186,purchase,2025-01-13T11:50:00
261,197,search,2025-01-14T19:53:00
261,197,view,2025-01-14T19:54:00
261,197,click,2025-01-14T19:58:00
261,198,view,2025-01-14T20:00:00
261,198,click,2025-01-14T20:01:00
261,194,view,2025-01-14T20:04:00
261,194,click,2025-01-14T20:07:00
261,191,review,2025-01-18T11:17:00
261,194,review,2025-01-26T11:44:00
262,106,search,2025-01-04T12:01:00
262,106,view,2025-01-04T12:03:00
262,106,click,2025-01-04T12:05:00
262,78,search,2025-01-05T23:27:00
262,78,view,2025-01-05T23:28:00
262,78,click,2025-01-05T23:29:00
262,81,view,2025-01-05T23:31:00
262,81,click,2025-01-05T23:34:00
262,83,view,2025-01-05T23:35:00
262,83,click,2025-01-05T23:38:00
262,73,search,2025-01-06T21:27:00
262,73,view,2025-01-06T21:29:00
262,73,click,2025-01-06T21:30:00
262,79,view,2025-01-06T21:33:00
262,79,click,2025-01-06T21:34:00
262,81,view,2025-01-06T21:36:00
262,81,click,2025-01-06T21:40:00
262,81,add_to_cart,2025-01-06T21:43:00
262,81,remove_cart,2025-01-06T21:45:00
262,95,search,2025-01-07T16:01:00
262,95,view,2025-01-07T16:02:00
262,95,click,2025-01-07T16:06:00
262,91,view,2025-01-07T16:07:00
262,91,click,2025-01-07T16:08:00
262,91,add_to_cart,2025-01-07T16:10:00
262,91,purchase,2025-01-07T16:12:00
262,101,view,2025-01-07T16:21:00
262,101,click,2025-01-07T16:23:00
262,105,search,2025-01-10T04:51:00
262,105,view,2025-01-10T04:54:00
262,79,search,2025-01-13T03:53:00
262,79,view,2025-01-13T03:56:00
262,79,click,2025-01-13T03:57:00
262,77,search,2025-01-15T11:26:00
262,77,view,2025-01-15T11:28:00
262,77,click,2025-01-15T11:32:00
262,79,view,2025-01-15T11:35:00
262,79,click,2025-01-15T11:36:00
262,96,search,2025-01-17T15:38:00
262,96,view,2025-01-17T15:40:00
262,96,click,2025-01-17T15:43:00
262,96,add_to_cart,2025-01-17T15:45:00
262,96,remove_cart,2025-01-17T15:46:00
262,101,view,2025-01-17T15:48:00
262,101,add_to_cart,2025-01-17T15:52:00
262,101,purchase,2025-01-17T15:54:00
262,91,review,2025-01-18T16:21:00
262,101,review,2025-01-23T15:57:00
263,152,view,2025-01-10T00:27:00
263,152,click,2025-01-10T00:31:00
263,19,search,2025-01-11T23:52:00
263,19,view,2025-01-11T23:55:00
263,19,click,2025-01-11T23:59:00
263,16,view,2025-01-12T00:00:00
263,16,click,2025-01-12T00:02:00
263,138,view,2025-01-14T00:59:00
263,138,click,2025-01-14T01:01:00
263,144,view,2025-01-14T01:03:00
263,144,click,2025-01-14T01:04:00
263,144,add_to_cart,2025-01-14T01:05:00
263,144,remove_cart,2025-01-14T01:06:00
263,198,search,2025-01-14T20:39:00
263,198,view,2025-01-14T20:40:00
263,198,click,2025-01-14T20:41:00
263,200,view,2025-01-14T20:44:00
263,200,click,2025-01-14T20:46:00
263,176,view,2025-01-14T20:49:00
263,176,click,2025-01-14T20:52:00
263,136,search,2025-01-15T20:53:00
263,136,view,2025-01-15T20:55:00
263,136,click,2025-01-15T20:59:00
263,137,view,2025-01-15T21:02:00
263,137,click,2025-01-15T21:06:00
263,200,search,2025-01-17T23:41:00
263,200,view,2025-01-17T23:42:00
263,200,click,2025-01-17T23:43:00
263,7,search,2025-01-20T18:31:00
263,7,view,2025-01-20T18:32:00
263,7,click,2025-01-20T18:33:00
263,7,add_to_cart,2025-01-20T18:34:00
263,7,purchase,2025-01-20T18:35:00
264,139,search,2025-01-10T12:07:00
264,139,view,2025-01-10T12:10:00
264,139,click,2025-01-10T12:12:00
264,142,view,2025-01-10T12:13:00
264,142,click,2025-01-10T12:14:00
264,145,view,2025-01-10T12:16:00
264,145,click,2025-01-10T12:19:00
264,127,view,2025-01-11T21:33:00
264,127,click,2025-01-11T21:34:00
264,134,search,2025-01-14T12:13:00
264,134,view,2025-01-14T12:14:00
264,134,click,2025-01-14T12:18:00
264,134,add_to_cart,2025-01-14T12:20:00
264,134,purchase,2025-01-14T12:22:00
264,146,view,2025-01-14T12:32:00
264,146,click,2025-01-14T12:34:00
264,147,view,2025-01-14T12:36:00
264,147,click,2025-01-14T12:39:00
264,147,add_to_cart,2025-01-14T12:40:00
264,147,purchase,2025-01-14T12:42:00
264,110,search,2025-01-16T08:09:00
264,110,view,2025-01-16T08:12:00
264,110,click,2025-01-16T08:14:00
264,117,view,2025-01-16T08:15:00
264,117,click,2025-01-16T08:17:00
264,117,add_to_cart,2025-01-16T08:20:00
264,117,purchase,2025-01-16T08:22:00
264,134,review,2025-01-18T12:32:00
264,152,view,2025-01-19T01:20:00
264,152,click,2025-01-19T01:22:00
264,142,view,2025-01-19T01:24:00
264,142,click,2025-01-19T01:25:00
264,142,add_to_cart,2025-01-19T01:26:00
264,142,purchase,2025-01-19T01:28:00
264,133,view,2025-01-19T01:34:00
264,133,click,2025-01-19T01:37:00
264,133,add_to_cart,2025-01-19T01:40:00
264,133,remove_cart,2025-01-19T01:42:00
264,115,search,2025-01-20T09:50:00
264,115,view,2025-01-20T09:52:00
264,115,click,2025-01-20T09:56:00
264,110,view,2025-01-20T09:58:00
264,110,click,2025-01-20T10:00:00
264,110,add_to_cart,2025-01-20T10:01:00
264,110,purchase,2025-01-20T10:03:00
264,112,view,2025-01-20T10:10:00
264,112,click,2025-01-20T10:12:00
264,112,add_to_cart,2025-01-20T10:14:00
264,112,purchase,2025-01-20T10:16:00
264,150,view,2025-01-21T18:02:00
264,150,click,2025-01-21T18:05:00
264,110,review,2025-01-23T10:10:00
264,124,view,2025-01-24T11:59:00
264,124,click,2025-01-24T12:03:00
264,125,view,2025-01-24T12:04:00
264,125,click,2025-01-24T12:08:00
264,125,add_to_cart,2025-01-24T12:10:00
264,125,purchase,2025-01-24T12:11:00
264,117,review,2025-01-30T08:29:00
265,158,search,2025-01-08T14:13:00
265,158,view,2025-01-08T14:16:00
265,110,search,2025-01-10T16:08:00
265,110,view,2025-01-10T16:09:00
265,110,click,2025-01-10T16:13:00
265,110,add_to_cart,2025-01-10T16:15:00
265,110,purchase,2025-01-10T16:17:00
265,113,view,2025-01-10T16:25:00
265,113,click,2025-01-10T16:29:00
265,113,add_to_cart,2025-01-10T16:31:00
265,113,remove_cart,2025-01-10T16:32:00
265,160,search,2025-01-13T16:37:00
265,160,view,2025-01-13T16:40:00
265,160,click,2025-01-13T16:44:00
265,160,add_to_cart,2025-01-13T16:46:00
265,160,purchase,2025-01-13T16:47:00
265,171,view,2025-01-13T16:49:00
265,171,click,2025-01-13T16:51:00
265,157,view,2025-01-13T16:53:00
265,157,click,2025-01-13T16:57:00
265,157,add_to_cart,2025-01-13T16:59:00
265,157,purchase,2025-01-13T17:00:00
265,185,search,2025-01-15T18:28:00
265,185,view,2025-01-15T18:29:00
265,185,click,2025-01-15T18:32:00
265,185,add_to_cart,2025-01-15T18:34:00
265,185,remove_cart,2025-01-15T18:35:00
265,182,view,2025-01-15T18:37:00
265,182,click,2025-01-15T18:38:00
265,193,search,2025-01-17T17:12:00
265,193,view,2025-01-17T17:13:00
265,193,click,2025-01-17T17:14:00
265,196,view,2025-01-17T17:17:00
265,196,click,2025-01-17T17:21:00
265,179,view,2025-01-18T13:59:00
265,179,click,2025-01-18T14:03:00
265,179,add_to_cart,2025-01-18T14:05:00
265,179,purchase,2025-01-18T14:07:00
265,110,review,2025-01-19T16:25:00
265,172,search,2025-01-19T22:50:00
265,172,view,2025-01-19T22:51:00
265,172,click,2025-01-19T22:52:00
265,172,add_to_cart,2025-01-19T22:54:00
265,172,purchase,2025-01-19T22:56:00
265,110,search,2025-01-20T16:03:00
265,110,view,2025-01-20T16:04:00
265,110,click,2025-01-20T16:05:00
265,160,review,2025-01-21T16:49:00
265,188,search,2025-01-23T14:56:00
265,188,view,2025-01-23T14:59:00
265,188,click,2025-01-23T15:02:00
265,188,add_to_cart,2025-01-23T15:04:00
265,188,purchase,2025-01-23T15:06:00
265,190,view,2025-01-23T15:11:00
265,190,click,2025-01-23T15:12:00
265,190,add_to_cart,2025-01-23T15:14:00
265,190,purchase,2025-01-23T15:15:00
265,157,review,2025-01-24T17:02:00
266,138,search,2025-01-07T10:22:00
266,138,view,2025-01-07T10:25:00
266,138,click,2025-01-07T10:28:00
266,138,add_to_cart,2025-01-07T10:31:00
266,138,remove_cart,2025-01-07T10:32:00
266,151,search,2025-01-10T06:20:00
266,151,view,2025-01-10T06:22:00
266,151,click,2025-01-10T06:24:00
266,151,add_to_cart,2025-01-10T06:26:00
266,151,purchase,2025-01-10T06:27:00
266,141,view,2025-01-10T06:36:00
266,141,click,2025-01-10T06:37:00
266,149,search,2025-01-12T05:23:00
266,149,view,2025-01-12T05:25:00
266,149,click,2025-01-12T05:29:00
266,149,add_to_cart,2025-01-12T05:31:00
266,149,purchase,2025-01-12T05:33:00
266,160,search,2025-01-14T19:36:00
266,160,view,2025-01-14T19:39:00
266,160,click,2025-01-14T19:41:00
266,10,search,2025-01-17T04:24:00
266,10,view,2025-01-17T04:27:00
266,10,click,2025-01-17T04:28:00
266,10,add_to_cart,2025-01-17T04:30:00
266,10,purchase,2025-01-17T04:31:00
266,22,view,2025-01-17T04:43:00
266,22,click,2025-01-17T04:44:00
266,22,add_to_cart,2025-01-17T04:46:00
266,22,purchase,2025-01-17T04:47:00
266,18,search,2025-01-18T13:03:00
266,18,view,2025-01-18T13:04:00
266,18,click,2025-01-18T13:05:00
266,18,add_to_cart,2025-01-18T13:08:00
266,18,purchase,2025-01-18T13:10:00
266,172,view,2025-01-19T10:04:00
266,172,click,2025-01-19T10:06:00
266,172,add_to_cart,2025-01-19T10:07:00
266,172,purchase,2025-01-19T10:08:00
266,22,review,2025-01-22T04:56:00
266,18,review,2025-01-26T13:19:00
266,172,review,2025-01-27T10:17:00
267,109,search,2025-01-09T09:00:00
267,109,view,2025-01-09T09:01:00
267,109,click,2025-01-09T09:05:00
267,48,view,2025-01-11T03:50:00
267,48,click,2025-01-11T03:54:00
267,48,add_to_cart,2025-01-11T03:56:00
267,48,purchase,2025-01-11T03:58:00
267,51,view,2025-01-11T04:06:00
267,51,click,2025-01-11T04:09:00
267,51,add_to_cart,2025-01-11T04:12:00
267,51,purchase,2025-01-11T04:13:00
267,62,view,2025-01-11T04:17:00
267,62,add_to_cart,2025-01-11T04:20:00
267,62,purchase,2025-01-11T04:21:00
267,61,search,2025-01-12T00:20:00
267,61,view,2025-01-12T00:21:00
267,61,click,2025-01-12T00:22:00
267,44,view,2025-01-12T00:24:00
267,65,view,2025-01-12T00:28:00
267,65,click,2025-01-12T00:31:00
267,65,add_to_cart,2025-01-12T00:33:00
267,65,purchase,2025-01-12T00:35:00
267,101,search,2025-01-14T03:11:00
267,101,view,2025-01-14T03:14:00
267,105,view,2025-01-14T03:16:00
267,105,click,2025-01-14T03:18:00
267,88,view,2025-01-14T03:20:00
267,88,click,2025-01-14T03:22:00
267,48,review,2025-01-16T04:06:00
267,8,search,2025-01-17T02:04:00
267,8,view,2025-01-17T02:07:00
267,8,click,2025-01-17T02:10:00
267,8,add_to_cart,2025-01-17T02:13:00
267,8,purchase,2025-01-17T02:14:00
267,62,review,2025-01-18T04:28:00
267,47,search,2025-01-19T15:45:00
267,47,view,2025-01-19T15:47:00
267,47,click,2025-01-19T15:48:00
267,51,view,2025-01-19T15:50:00
267,51,click,2025-01-19T15:52:00
267,48,search,2025-01-20T21:38:00
267,48,view,2025-01-20T21:39:00
267,48,click,2025-01-20T21:43:00
267,8,review,2025-01-22T02:25:00
267,51,review,2025-01-23T04:17:00
267,55,search,2025-01-23T21:28:00
267,55,view,2025-01-23T21:31:00
267,55,click,2025-01-23T21:35:00
267,48,view,2025-01-23T21:37:00
267,48,click,2025-01-23T21:40:00
267,65,view,2025-01-23T21:43:00
267,65,click,2025-01-23T21:45:00
267,65,add_to_cart,2025-01-23T21:46:00
267,65,purchase,2025-01-23T21:48:00
267,6,view,2025-01-24T16:30:00
267,14,view,2025-01-24T16:32:00
267,14,click,2025-01-24T16:34:00
267,17,view,2025-01-24T16:37:00
267,17,click,2025-01-24T16:38:00
267,47,search,2025-01-26T13:29:00
267,47,view,2025-01-26T13:31:00
267,47,click,2025-01-26T13:33:00
267,65,review,2025-02-05T21:54:00
268,127,search,2025-01-07T02:10:00
268,127,view,2025-01-07T02:13:00
268,127,click,2025-01-07T02:15:00
268,127,add_to_cart,2025-01-07T02:16:00
268,127,purchase,2025-01-07T02:17:00
268,56,search,2025-01-08T20:34:00
268,56,view,2025-01-08T20:36:00
268,56,click,2025-01-08T20:37:00
268,54,view,2025-01-09T15:06:00
268,54,click,2025-01-09T15:10:00
268,54,add_to_cart,2025-01-09T15:11:00
268,54,remove_cart,2025-01-09T15:13:00
268,57,view,2025-01-09T15:15:00
268,57,add_to_cart,2025-01-09T15:17:00
268,57,purchase,2025-01-09T15:19:00
268,127,review,2025-01-10T02:22:00
268,131,view,2025-01-11T23:04:00
268,131,click,2025-01-11T23:06:00
268,131,add_to_cart,2025-01-11T23:09:00
268,131,purchase,2025-01-11T23:11:00
268,52,search,2025-01-14T23:11:00
268,52,view,2025-01-14T23:13:00
268,52,click,2025-01-14T23:15:00
268,52,add_to_cart,2025-01-14T23:16:00
268,52,purchase,2025-01-14T23:18:00
268,55,view,2025-01-14T23:21:00
268,55,add_to_cart,2025-01-14T23:25:00
268,55,remove_cart,2025-01-14T23:26:00
268,57,view,2025-01-14T23:27:00
268,57,click,2025-01-14T23:31:00
268,125,search,2025-01-15T17:12:00
268,125,view,2025-01-15T17:13:00
268,119,view,2025-01-15T17:16:00
268,119,click,2025-01-15T17:17:00
268,119,add_to_cart,2025-01-15T17:18:00
268,119,purchase,2025-01-15T17:19:00
268,128,view,2025-01-15T17:24:00
268,128,click,2025-01-15T17:28:00
268,119,search,2025-01-17T00:17:00
268,119,view,2025-01-17T00:20:00
268,119,click,2025-01-17T00:23:00
268,119,add_to_cart,2025-01-17T00:25:00
268,119,remove_cart,2025-01-17T00:27:00
268,112,view,2025-01-17T00:28:00
268,112,click,2025-01-17T00:29:00
268,112,add_to_cart,2025-01-17T00:32:00
268,112,purchase,2025-01-17T00:33:00
268,57,review,2025-01-17T15:31:00
268,44,search,2025-01-19T21:41:00
268,44,view,2025-01-19T21:44:00
268,44,click,2025-01-19T21:45:00
268,44,add_to_cart,2025-01-19T21:47:00
268,44,remove_cart,2025-01-19T21:49:00
268,48,view,2025-01-19T21:50:00
268,48,add_to_cart,2025-01-19T21:54:00
268,48,purchase,2025-01-19T21:56:00
268,55,view,2025-01-19T21:58:00
268,55,click,2025-01-19T22:02:00
268,55,add_to_cart,2025-01-19T22:04:00
268,55,purchase,2025-01-19T22:06:00
268,131,review,2025-01-24T23:15:00
268,52,review,2025-01-26T23:21:00
268,48,review,2025-01-30T21:58:00
269,51,search,2025-01-07T14:33:00
269,51,view,2025-01-07T14:35:00
269,51,click,2025-01-07T14:38:00
269,47,view,2025-01-07T14:39:00
269,47,click,2025-01-07T14:40:00
269,49,view,2025-01-07T14:41:00
269,49,click,2025-01-07T14:43:00
269,49,add_to_cart,2025-01-07T14:45:00
269,49,purchase,2025-01-07T14:46:00
269,66,search,2025-01-08T09:04:00
269,66,view,2025-01-08T09:05:00
269,66,click,2025-01-08T09:07:00
269,79,view,2025-01-08T09:08:00
269,79,click,2025-01-08T09:09:00
269,80,view,2025-01-08T09:12:00
269,80,click,2025-01-08T09:15:00
269,80,add_to_cart,2025-01-08T09:16:00
269,80,purchase,2025-01-08T09:17:00
269,80,review,2025-01-09T09:28:00
269,64,search,2025-01-09T20:18:00
269,64,view,2025-01-09T20:19:00
269,64,click,2025-01-09T20:22:00
269,60,view,2025-01-09T20:24:00
269,60,click,2025-01-09T20:25:00
269,60,add_to_cart,2025-01-09T20:26:00
269,60,remove_cart,2025-01-09T20:28:00
269,45,view,2025-01-09T20:29:00
269,45,click,2025-01-09T20:32:00
269,74,search,2025-01-12T08:32:00
269,74,view,2025-01-12T08:33:00
269,74,click,2025-01-12T08:36:00
269,77,view,2025-01-12T23:24:00
269,77,click,2025-01-12T23:28:00
269,50,view,2025-01-14T05:33:00
269,50,click,2025-01-14T05:35:00
269,50,add_to_cart,2025-01-14T05:37:00
269,50,purchase,2025-01-14T05:38:00
269,59,view,2025-01-14T05:49:00
269,59,click,2025-01-14T05:52:00
269,59,add_to_cart,2025-01-14T05:53:00
269,59,purchase,2025-01-14T05:54:00
269,52,view,2025-01-14T06:06:00
269,52,click,2025-01-14T06:09:00
269,52,add_to_cart,2025-01-14T06:12:00
269,52,purchase,2025-01-14T06:13:00
269,59,review,2025-01-16T06:06:00
269,52,review,2025-01-27T06:15:00
269,50,review,2025-01-28T05:49:00
270,191,search,2025-01-10T18:37:00
270,191,view,2025-01-10T18:39:00
270,191,click,2025-01-10T18:40:00
270,197,view,2025-01-10T18:41:00
270,197,click,2025-01-10T18:43:00
270,197,add_to_cart,2025-01-10T18:46:00
270,197,purchase,2025-01-10T18:48:00
270,179,view,2025-01-10T18:57:00
270,179,click,2025-01-10T18:59:00
270,179,add_to_cart,2025-01-10T19:02:00
270,179,purchase,2025-01-10T19:03:00
270,7,search,2025-01-13T04:25:00
270,7,view,2025-01-13T04:28:00
270,125,search,2025-01-15T17:48:00
270,125,view,2025-01-15T17:50:00
270,125,add_to_cart,2025-01-15T17:54:00
270,125,purchase,2025-01-15T17:55:00
270,116,view,2025-01-15T17:57:00
270,116,click,2025-01-15T18:01:00
270,116,add_to_cart,2025-01-15T18:02:00
270,116,purchase,2025-01-15T18:03:00
270,119,view,2025-01-15T18:08:00
270,119,click,2025-01-15T18:10:00
270,119,add_to_cart,2025-01-15T18:11:00
270,119,purchase,2025-01-15T18:12:00
270,176,search,2025-01-16T20:01:00
270,176,view,2025-01-16T20:03:00
270,176,click,2025-01-16T20:04:00
270,176,add_to_cart,2025-01-16T20:05:00
270,176,purchase,2025-01-16T20:07:00
270,185,view,2025-01-16T20:16:00
270,185,click,2025-01-16T20:20:00
270,22,search,2025-01-19T07:28:00
270,22,view,2025-01-19T07:30:00
270,22,click,2025-01-19T07:34:00
270,22,add_to_cart,2025-01-19T07:36:00
270,22,purchase,2025-01-19T07:38:00
270,13,view,2025-01-20T06:27:00
270,13,click,2025-01-20T06:29:00
270,13,add_to_cart,2025-01-20T06:30:00
270,13,remove_cart,2025-01-20T06:32:00
270,9,view,2025-01-20T06:34:00
270,9,click,2025-01-20T06:36:00
270,9,add_to_cart,2025-01-20T06:38:00
270,9,remove_cart,2025-01-20T06:40:00
270,1,search,2025-01-20T23:58:00
270,1,view,2025-01-21T00:01:00
270,1,click,2025-01-21T00:05:00
270,3,view,2025-01-21T00:07:00
270,3,click,2025-01-21T00:10:00
270,3,add_to_cart,2025-01-21T00:12:00
270,3,purchase,2025-01-21T00:14:00
270,194,search,2025-01-22T14:45:00
270,194,view,2025-01-22T14:48:00
270,194,click,2025-01-22T14:51:00
270,22,review,2025-01-25T07:48:00
270,116,review,2025-01-25T18:08:00
270,176,review,2025-01-28T20:16:00
270,3,review,2025-01-31T00:16:00
271,155,view,2025-01-06T01:12:00
271,155,click,2025-01-06T01:15:00
271,155,add_to_cart,2025-01-06T01:17:00
271,155,purchase,2025-01-06T01:19:00
271,155,review,2025-01-07T01:30:00
271,66,search,2025-01-08T11:13:00
271,66,view,2025-01-08T11:15:00
271,66,click,2025-01-08T11:19:00
271,75,view,2025-01-08T11:21:00
271,75,click,2025-01-08T11:22:00
271,69,view,2025-01-08T11:25:00
271,87,search,2025-01-11T02:30:00
271,87,view,2025-01-11T02:32:00
271,87,click,2025-01-11T02:33:00
271,80,view,2025-01-11T02:36:00
271,80,click,2025-01-11T02:38:00
271,118,search,2025-01-13T01:34:00
271,118,view,2025-01-13T01:37:00
271,118,click,2025-01-13T01:41:00
271,169,search,2025-01-15T01:35:00
271,169,view,2025-01-15T01:36:00
271,169,click,2025-01-15T01:37:00
271,159,view,2025-01-15T01:39:00
271,159,add_to_cart,2025-01-15T01:42:00
271,159,purchase,2025-01-15T01:43:00
271,165,view,2025-01-17T09:26:00
271,165,click,2025-01-17T09:29:00
271,165,add_to_cart,2025-01-17T09:32:00
271,165,remove_cart,2025-01-17T09:34:00
271,126,search,2025-01-18T17:59:00
271,126,view,2025-01-18T18:01:00
271,126,click,2025-01-18T18:02:00
271,126,add_to_cart,2025-01-18T18:03:00
271,126,purchase,2025-01-18T18:05:00
271,111,search,2025-01-21T05:54:00
271,111,view,2025-01-21T05:56:00
271,111,click,2025-01-21T05:59:00
271,111,add_to_cart,2025-01-21T06:00:00
271,111,remove_cart,2025-01-21T06:01:00
271,126,review,2025-01-23T18:08:00
271,168,search,2025-01-23T19:41:00
271,168,view,2025-01-23T19:44:00
271,168,click,2025-01-23T19:48:00
271,168,add_to_cart,2025-01-23T19:49:00
271,168,purchase,2025-01-23T19:51:00
271,159,review,2025-01-24T01:51:00
271,74,search,2025-01-26T05:28:00
271,74,view,2025-01-26T05:31:00
271,74,add_to_cart,2025-01-26T05:33:00
271,74,purchase,2025-01-26T05:35:00
271,84,view,2025-01-26T05:43:00
271,84,add_to_cart,2025-01-26T05:46:00
271,84,purchase,2025-01-26T05:48:00
271,168,review,2025-01-27T19:57:00
271,74,review,2025-02-09T05:43:00
272,7,search,2025-01-13T12:44:00
272,7,view,2025-01-13T12:47:00
272,7,click,2025-01-13T12:48:00
272,19,view,2025-01-13T12:51:00
272,19,click,2025-01-13T12:55:00
272,19,add_to_cart,2025-01-13T12:57:00
272,19,remove_cart,2025-01-13T12:59:00
272,161,view,2025-01-14T17:03:00
272,161,click,2025-01-14T17:05:00
272,161,add_to_cart,2025-01-14T17:06:00
272,161,remove_cart,2025-01-14T17:07:00
272,154,view,2025-01-14T17:08:00
272,154,click,2025-01-14T17:12:00
272,66,view,2025-01-15T12:23:00
272,66,click,2025-01-15T12:27:00
272,66,add_to_cart,2025-01-15T12:29:00
272,66,remove_cart,2025-01-15T12:31:00
272,80,view,2025-01-15T12:33:00
272,20,search,2025-01-16T14:07:00
272,20,view,2025-01-16T14:08:00
272,20,add_to_cart,2025-01-16T14:12:00
272,20,remove_cart,2025-01-16T14:14:00
272,1,view,2025-01-16T14:15:00
272,1,click,2025-01-16T14:19:00
272,1,add_to_cart,2025-01-16T14:22:00
272,1,purchase,2025-01-16T14:23:00
272,10,view,2025-01-16T14:31:00
272,10,click,2025-01-16T14:33:00
272,169,search,2025-01-18T00:01:00
272,169,view,2025-01-18T00:03:00
272,169,click,2025-01-18T00:07:00
272,169,add_to_cart,2025-01-18T00:10:00
272,169,purchase,2025-01-18T00:11:00
272,158,view,2025-01-18T00:19:00
272,158,click,2025-01-18T00:23:00
272,158,add_to_cart,2025-01-18T00:24:00
272,158,remove_cart,2025-01-18T00:26:00
272,161,search,2025-01-19T04:28:00
272,161,view,2025-01-19T04:30:00
272,161,click,2025-01-19T04:32:00
272,161,add_to_cart,2025-01-19T04:33:00
272,161,purchase,2025-01-19T04:34:00
272,161,review,2025-01-26T04:42:00
273,130,search,2025-01-09T06:17:00
273,130,view,2025-01-09T06:20:00
273,130,click,2025-01-09T06:21:00
273,120,search,2025-01-10T09:07:00
273,120,view,2025-01-10T09:10:00
273,54,search,2025-01-12T09:10:00
273,54,view,2025-01-12T09:13:00
273,139,view,2025-01-13T22:03:00
273,139,click,2025-01-13T22:07:00
273,135,search,2025-01-14T17:10:00
273,135,view,2025-01-14T17:13:00
273,135,click,2025-01-14T17:16:00
273,135,add_to_cart,2025-01-14T17:18:00
273,135,purchase,2025-01-14T17:19:00
273,142,view,2025-01-14T17:26:00
273,142,add_to_cart,2025-01-14T17:30:00
273,142,remove_cart,2025-01-14T17:31:00
273,128,view,2025-01-16T22:43:00
273,128,click,2025-01-16T22:46:00
273,128,add_to_cart,2025-01-16T22:49:00
273,128,remove_cart,2025-01-16T22:51:00
273,127,view,2025-01-16T22:53:00
273,127,click,2025-01-16T22:54:00
273,127,add_to_cart,2025-01-16T22:57:00
273,127,remove_cart,2025-01-16T22:59:00
273,123,view,2025-01-16T23:00:00
273,123,click,2025-01-16T23:04:00
273,135,review,2025-01-21T17:26:00
274,170,search,2025-01-12T14:21:00
274,170,view,2025-01-12T14:22:00
274,170,click,2025-01-12T14:26:00
274,162,view,2025-01-12T14:28:00
274,162,click,2025-01-12T14:31:00
274,156,search,2025-01-14T06:17:00
274,156,view,2025-01-14T06:18:00
274,156,click,2025-01-14T06:21:00
274,156,add_to_cart,2025-01-14T06:22:00
274,156,remove_cart,2025-01-14T06:24:00
274,173,view,2025-01-14T06:25:00
274,173,click,2025-01-14T06:29:00
274,173,add_to_cart,2025-01-14T06:30:00
274,173,remove_cart,2025-01-14T06:31:00
274,169,view,2025-01-14T06:33:00
274,169,click,2025-01-14T06:37:00
274,162,search,2025-01-16T04:24:00
274,162,view,2025-01-16T04:27:00
274,162,click,2025-01-16T04:31:00
274,173,view,2025-01-17T08:02:00
274,173,click,2025-01-17T08:05:00
274,175,view,2025-01-17T08:08:00
274,175,click,2025-01-17T08:09:00
274,162,view,2025-01-17T08:11:00
274,162,click,2025-01-17T08:15:00
274,162,add_to_cart,2025-01-17T08:18:00
274,162,purchase,2025-01-17T08:19:00
274,1,search,2025-01-20T06:53:00
274,1,view,2025-01-20T06:54:00
274,1,click,2025-01-20T06:57:00
274,1,add_to_cart,2025-01-20T06:58:00
274,1,purchase,2025-01-20T06:59:00
274,11,view,2025-01-20T07:01:00
274,11,click,2025-01-20T07:02:00
274,11,add_to_cart,2025-01-20T07:03:00
274,11,purchase,2025-01-20T07:04:00
274,21,view,2025-01-20T07:16:00
274,21,click,2025-01-20T07:20:00
274,4,view,2025-01-22T20:38:00
274,4,click,2025-01-22T20:39:00
274,114,search,2025-01-25T00:45:00
274,114,view,2025-01-25T00:47:00
274,126,search,2025-01-25T20:00:00
274,126,view,2025-01-25T20:03:00
274,126,click,2025-01-25T20:06:00
274,126,add_to_cart,2025-01-25T20:07:00
274,126,remove_cart,2025-01-25T20:08:00
274,162,review,2025-01-26T08:21:00
274,18,search,2025-01-28T17:54:00
274,18,view,2025-01-28T17:57:00
274,18,click,2025-01-28T17:58:00
274,18,add_to_cart,2025-01-28T18:00:00
274,18,remove_cart,2025-01-28T18:01:00
274,9,view,2025-01-28T18:02:00
274,9,click,2025-01-28T18:03:00
274,19,view,2025-01-28T18:05:00
274,19,click,2025-01-28T18:08:00
274,19,add_to_cart,2025-01-28T18:11:00
274,19,purchase,2025-01-28T18:12:00
274,4,search,2025-01-30T00:56:00
274,4,view,2025-01-30T00:57:00
274,4,click,2025-01-30T01:00:00
274,7,view,2025-01-30T01:03:00
274,7,click,2025-01-30T01:07:00
274,7,add_to_cart,2025-01-30T01:08:00
274,7,remove_cart,2025-01-30T01:10:00
274,1,view,2025-01-30T01:12:00
274,11,review,2025-02-03T07:16:00
274,19,review,2025-02-11T18:20:00
275,110,view,2025-01-12T13:09:00
275,110,click,2025-01-12T13:13:00
275,72,search,2025-01-14T20:09:00
275,72,view,2025-01-14T20:11:00
275,72,click,2025-01-14T20:15:00
275,72,add_to_cart,2025-01-14T20:18:00
275,72,purchase,2025-01-14T20:19:00
275,82,search,2025-01-15T22:52:00
275,82,view,2025-01-15T22:54:00
275,82,click,2025-01-15T22:56:00
275,83,search,2025-01-18T00:09:00
275,83,view,2025-01-18T00:12:00
275,83,click,2025-01-18T00:16:00
275,83,add_to_cart,2025-01-18T00:19:00
275,83,purchase,2025-01-18T00:21:00
275,82,view,2025-01-18T00:32:00
275,82,click,2025-01-18T00:36:00
275,82,add_to_cart,2025-01-18T00:37:00
275,82,purchase,2025-01-18T00:39:00
275,69,view,2025-01-18T00:42:00
275,69,click,2025-01-18T00:46:00
275,69,add_to_cart,2025-01-18T00:48:00
275,69,purchase,2025-01-18T00:49:00
275,72,review,2025-01-18T20:29:00
275,86,view,2025-01-20T18:35:00
275,86,click,2025-01-20T18:36:00
275,81,view,2025-01-20T18:37:00
275,81,click,2025-01-20T18:38:00
275,83,review,2025-01-21T00:32:00
275,145,search,2025-01-21T15:16:00
275,145,view,2025-01-21T15:17:00
275,145,click,2025-01-21T15:19:00
275,80,search,2025-01-24T04:45:00
275,80,view,2025-01-24T04:47:00
275,73,view,2025-01-24T04:48:00
275,73,click,2025-01-24T04:51:00
275,73,add_to_cart,2025-01-24T04:54:00
275,73,remove_cart,2025-01-24T04:55:00
276,152,search,2025-01-10T00:40:00
276,152,view,2025-01-10T00:43:00
276,152,click,2025-01-10T00:46:00
276,133,view,2025-01-10T00:49:00
276,133,click,2025-01-10T00:50:00
276,133,add_to_cart,2025-01-10T00:51:00
276,133,purchase,2025-01-10T00:52:00
276,145,view,2025-01-10T01:02:00
276,145,click,2025-01-10T01:04:00
276,145,add_to_cart,2025-01-10T01:07:00
276,145,purchase,2025-01-10T01:08:00
276,173,search,2025-01-12T06:34:00
276,173,view,2025-01-12T06:37:00
276,173,click,2025-01-12T06:40:00
276,173,add_to_cart,2025-01-12T06:42:00
276,173,purchase,2025-01-12T06:43:00
276,165,view,2025-01-12T06:47:00
276,146,search,2025-01-14T00:06:00
276,146,view,2025-01-14T00:09:00
276,146,click,2025-01-14T00:12:00
276,165,view,2025-01-14T19:12:00
276,165,click,2025-01-14T19:15:00
276,165,add_to_cart,2025-01-14T19:16:00
276,165,remove_cart,2025-01-14T19:18:00
276,159,view,2025-01-14T19:19:00
276,159,click,2025-01-14T19:23:00
276,156,view,2025-01-14T19:26:00
276,156,click,2025-01-14T19:29:00
276,133,review,2025-01-15T01:02:00
276,173,review,2025-01-15T06:47:00
276,168,search,2025-01-17T17:14:00
276,168,view,2025-01-17T17:17:00
276,168,click,2025-01-17T17:19:00
276,164,view,2025-01-17T17:22:00
276,164,click,2025-01-17T17:25:00
276,164,add_to_cart,2025-01-17T17:27:00
276,164,purchase,2025-01-17T17:29:00
276,145,review,2025-01-18T01:20:00
276,33,search,2025-01-19T23:14:00
276,33,view,2025-01-19T23:16:00
276,33,click,2025-01-19T23:19:00
276,30,view,2025-01-19T23:21:00
276,30,click,2025-01-19T23:25:00
276,30,add_to_cart,2025-01-19T23:27:00
276,30,purchase,2025-01-19T23:29:00
276,27,view,2025-01-19T23:39:00
276,27,click,2025-01-19T23:40:00
276,145,search,2025-01-22T11:41:00
276,145,view,2025-01-22T11:42:00
276,145,click,2025-01-22T11:45:00
276,136,search,2025-01-24T21:22:00
276,136,view,2025-01-24T21:24:00
276,136,click,2025-01-24T21:26:00
276,136,add_to_cart,2025-01-24T21:29:00
276,136,remove_cart,2025-01-24T21:30:00
276,134,view,2025-01-24T21:32:00
276,134,click,2025-01-24T21:36:00
276,135,view,2025-01-24T21:38:00
276,135,click,2025-01-24T21:40:00
276,165,view,2025-01-27T11:17:00
276,165,click,2025-01-27T11:21:00
276,165,add_to_cart,2025-01-27T11:24:00
276,165,purchase,2025-01-27T11:26:00
276,163,view,2025-01-27T11:38:00
276,163,click,2025-01-27T11:40:00
276,165,review,2025-02-10T11:38:00
277,137,search,2025-01-04T07:26:00
277,137,view,2025-01-04T07:29:00
277,137,click,2025-01-04T07:30:00
277,137,add_to_cart,2025-01-04T07:32:00
277,137,purchase,2025-01-04T07:34:00
277,148,view,2025-01-04T07:41:00
277,148,click,2025-01-04T07:42:00
277,148,add_to_cart,2025-01-04T07:44:00
277,148,purchase,2025-01-04T07:45:00
277,148,search,2025-01-07T04:58:00
277,148,view,2025-01-07T05:01:00
277,148,click,2025-01-07T05:03:00
277,147,view,2025-01-07T05:06:00
277,148,review,2025-01-09T07:47:00
277,145,search,2025-01-09T14:51:00
277,145,view,2025-01-09T14:53:00
277,143,view,2025-01-09T14:55:00
277,143,click,2025-01-09T14:58:00
277,33,view,2025-01-11T20:12:00
277,33,click,2025-01-11T20:15:00
277,33,add_to_cart,2025-01-11T20:16:00
277,33,purchase,2025-01-11T20:18:00
277,25,view,2025-01-11T20:30:00
277,25,click,2025-01-11T20:34:00
277,28,view,2025-01-11T20:36:00
277,28,click,2025-01-11T20:38:00
277,2,search,2025-01-14T02:44:00
277,2,view,2025-01-14T02:47:00
277,2,click,2025-01-14T02:51:00
277,2,add_to_cart,2025-01-14T02:53:00
277,2,remove_cart,2025-01-14T02:55:00
277,7,view,2025-01-14T02:56:00
277,7,add_to_cart,2025-01-14T02:57:00
277,7,purchase,2025-01-14T02:58:00
277,14,search,2025-01-16T20:46:00
277,14,view,2025-01-16T20:47:00
277,14,click,2025-01-16T20:48:00
277,14,add_to_cart,2025-01-16T20:49:00
277,14,purchase,2025-01-16T20:50:00
277,20,view,2025-01-16T20:58:00
277,20,click,2025-01-16T21:00:00
277,20,add_to_cart,2025-01-16T21:03:00
277,20,purchase,2025-01-16T21:04:00
277,16,view,2025-01-16T21:09:00
277,16,click,2025-01-16T21:12:00
277,16,add_to_cart,2025-01-16T21:14:00
277,16,purchase,2025-01-16T21:16:00
277,137,review,2025-01-18T07:41:00
277,33,review,2025-01-19T20:30:00
277,16,review,2025-01-22T21:24:00
277,14,review,2025-01-29T20:58:00
277,20,review,2025-01-30T21:09:00
278,109,search,2025-01-11T05:11:00
278,109,view,2025-01-11T05:12:00
278,109,click,2025-01-11T05:15:00
278,109,add_to_cart,2025-01-11T05:17:00
278,109,purchase,2025-01-11T05:19:00
278,20,search,2025-01-13T20:00:00
278,20,view,2025-01-13T20:02:00
278,20,click,2025-01-13T20:04:00
278,20,add_to_cart,2025-01-13T20:07:00
278,20,purchase,2025-01-13T20:09:00
278,21,view,2025-01-13T20:15:00
278,21,click,2025-01-13T20:16:00
278,166,search,2025-01-14T09:20:00
278,166,view,2025-01-14T09:21:00
278,166,click,2025-01-14T09:25:00
278,160,view,2025-01-14T09:26:00
278,160,click,2025-01-14T09:27:00
278,160,add_to_cart,2025-01-14T09:28:00
278,160,purchase,2025-01-14T09:29:00
278,89,search,2025-01-15T03:43:00
278,89,view,2025-01-15T03:46:00
278,89,click,2025-01-15T03:49:00
278,97,view,2025-01-15T03:50:00
278,97,click,2025-01-15T03:54:00
278,104,view,2025-01-15T03:57:00
278,104,click,2025-01-15T04:01:00
278,107,search,2025-01-16T12:39:00
278,107,view,2025-01-16T12:41:00
278,107,click,2025-01-16T12:45:00
278,107,add_to_cart,2025-01-16T12:48:00
278,107,purchase,2025-01-16T12:50:00
278,109,review,2025-01-18T05:22:00
278,3,view,2025-01-18T21:38:00
278,3,click,2025-01-18T21:42:00
278,6,view,2025-01-18T21:45:00
278,6,click,2025-01-18T21:48:00
278,6,add_to_cart,2025-01-18T21:51:00
278,6,remove_cart,2025-01-18T21:53:00
278,20,review,2025-01-23T20:15:00
279,78,search,2025-01-10T14:36:00
279,78,view,2025-01-10T14:38:00
279,78,click,2025-01-10T14:42:00
279,78,add_to_cart,2025-01-10T14:43:00
279,78,remove_cart,2025-01-10T14:45:00
279,198,search,2025-01-11T11:34:00
279,198,view,2025-01-11T11:35:00
279,198,click,2025-01-11T11:38:00
279,84,search,2025-01-13T23:46:00
279,84,view,2025-01-13T23:49:00
279,84,click,2025-01-13T23:52:00
279,84,add_to_cart,2025-01-13T23:55:00
279,84,purchase,2025-01-13T23:56:00
279,77,view,2025-01-14T00:03:00
279,77,click,2025-01-14T00:06:00
279,77,add_to_cart,2025-01-14T00:09:00
279,77,remove_cart,2025-01-14T00:11:00
279,79,view,2025-01-14T00:12:00
279,79,click,2025-01-14T00:14:00
279,79,add_to_cart,2025-01-14T00:17:00
279,79,purchase,2025-01-14T00:18:00
279,148,search,2025-01-15T19:31:00
279,148,view,2025-01-15T19:32:00
279,148,click,2025-01-15T19:35:00
279,151,view,2025-01-15T19:38:00
279,151,click,2025-01-15T19:41:00
279,151,add_to_cart,2025-01-15T19:42:00
279,151,purchase,2025-01-15T19:44:00
279,142,search,2025-01-17T13:36:00
279,142,view,2025-01-17T13:39:00
279,142,click,2025-01-17T13:41:00
279,133,view,2025-01-17T13:42:00
279,133,search,2025-01-18T05:42:00
279,133,view,2025-01-18T05:44:00
279,133,click,2025-01-18T05:48:00
279,148,view,2025-01-18T05:50:00
279,148,click,2025-01-18T05:53:00
279,148,add_to_cart,2025-01-18T05:56:00
279,148,remove_cart,2025-01-18T05:57:00
279,149,view,2025-01-18T05:59:00
279,149,click,2025-01-18T06:03:00
279,149,add_to_cart,2025-01-18T06:05:00
279,149,remove_cart,2025-01-18T06:07:00
279,151,review,2025-01-20T19:53:00
280,78,search,2025-01-04T12:59:00
280,78,view,2025-01-04T13:01:00
280,78,click,2025-01-04T13:05:00
280,76,view,2025-01-04T13:08:00
280,76,click,2025-01-04T13:10:00
280,167,search,2025-01-07T12:09:00
280,167,view,2025-01-07T12:10:00
280,167,click,2025-01-07T12:11:00
280,167,add_to_cart,2025-01-07T12:12:00
280,167,remove_cart,2025-01-07T12:14:00
280,164,search,2025-01-08T20:26:00
280,164,view,2025-01-08T20:28:00
280,164,click,2025-01-08T20:29:00
280,164,add_to_cart,2025-01-08T20:32:00
280,164,remove_cart,2025-01-08T20:34:00
280,155,view,2025-01-08T20:36:00
280,155,click,2025-01-08T20:37:00
280,156,search,2025-01-11T21:17:00
280,156,view,2025-01-11T21:18:00
280,156,click,2025-01-11T21:22:00
280,162,view,2025-01-11T21:25:00
280,162,click,2025-01-11T21:28:00
280,165,view,2025-01-11T21:31:00
280,165,click,2025-01-11T21:35:00
280,167,search,2025-01-12T23:16:00
280,167,view,2025-01-12T23:19:00
280,167,click,2025-01-12T23:22:00
280,165,view,2025-01-12T23:24:00
280,139,search,2025-01-13T19:18:00
280,139,view,2025-01-13T19:21:00
280,139,add_to_cart,2025-01-13T19:24:00
280,139,remove_cart,2025-01-13T19:26:00
280,164,search,2025-01-14T23:58:00
280,164,view,2025-01-15T00:00:00
280,164,click,2025-01-15T00:02:00
280,164,add_to_cart,2025-01-15T00:03:00
280,164,purchase,2025-01-15T00:04:00
280,159,view,2025-01-15T00:14:00
280,159,add_to_cart,2025-01-15T00:18:00
280,159,purchase,2025-01-15T00:19:00
280,169,view,2025-01-15T00:30:00
280,169,click,2025-01-15T00:34:00
280,73,search,2025-01-17T17:14:00
280,73,view,2025-01-17T17:15:00
280,73,click,2025-01-17T17:16:00
280,73,add_to_cart,2025-01-17T17:17:00
280,73,purchase,2025-01-17T17:19:00
280,70,view,2025-01-17T17:28:00
280,70,click,2025-01-17T17:31:00
280,71,view,2025-01-17T17:33:00
280,71,click,2025-01-17T17:34:00
280,71,add_to_cart,2025-01-17T17:36:00
280,71,purchase,2025-01-17T17:37:00
280,69,search,2025-01-18T18:20:00
280,69,view,2025-01-18T18:21:00
280,69,click,2025-01-18T18:25:00
280,69,add_to_cart,2025-01-18T18:26:00
280,69,purchase,2025-01-18T18:27:00
280,70,view,2025-01-18T18:34:00
280,70,click,2025-01-18T18:38:00
280,164,review,2025-01-21T00:14:00
280,73,review,2025-01-23T17:28:00
281,4,search,2025-01-05T22:00:00
281,4,view,2025-01-05T22:03:00
281,4,click,2025-01-05T22:07:00
281,20,view,2025-01-05T22:09:00
281,20,click,2025-01-05T22:11:00
281,13,view,2025-01-05T22:13:00
281,13,add_to_cart,2025-01-05T22:17:00
281,13,purchase,2025-01-05T22:18:00
281,161,search,2025-01-07T12:28:00
281,161,view,2025-01-07T12:31:00
281,161,click,2025-01-07T12:35:00
281,167,view,2025-01-07T12:37:00
281,167,click,2025-01-07T12:38:00
281,166,view,2025-01-07T12:39:00
281,166,click,2025-01-07T12:42:00
281,136,view,2025-01-08T11:23:00
281,136,click,2025-01-08T11:24:00
281,151,view,2025-01-08T11:25:00
281,151,click,2025-01-08T11:27:00
281,144,view,2025-01-08T11:30:00
281,144,click,2025-01-08T11:34:00
281,144,search,2025-01-09T00:57:00
281,144,view,2025-01-09T01:00:00
281,144,click,2025-01-09T01:01:00
281,139,view,2025-01-09T01:03:00
281,139,click,2025-01-09T01:04:00
281,139,add_to_cart,2025-01-09T01:06:00
281,139,remove_cart,2025-01-09T01:08:00
281,172,view,2025-01-11T16:04:00
281,172,click,2025-01-11T16:08:00
281,147,search,2025-01-13T01:56:00
281,147,view,2025-01-13T01:57:00
281,147,click,2025-01-13T01:58:00
281,147,add_to_cart,2025-01-13T02:01:00
281,147,remove_cart,2025-01-13T02:03:00
281,155,view,2025-01-15T13:48:00
281,155,click,2025-01-15T13:51:00
281,168,view,2025-01-15T13:52:00
281,168,click,2025-01-15T13:56:00
281,168,add_to_cart,2025-01-15T13:58:00
281,168,purchase,2025-01-15T13:59:00
281,13,review,2025-01-15T22:27:00
281,154,view,2025-01-17T09:01:00
281,154,click,2025-01-17T09:04:00
281,159,view,2025-01-17T09:07:00
281,159,click,2025-01-17T09:09:00
281,139,search,2025-01-19T03:18:00
281,139,view,2025-01-19T03:19:00
281,139,click,2025-01-19T03:23:00
281,139,add_to_cart,2025-01-19T03:26:00
281,139,purchase,2025-01-19T03:28:00
281,168,review,2025-01-19T14:06:00
281,160,search,2025-01-22T02:37:00
281,160,view,2025-01-22T02:38:00
281,160,click,2025-01-22T02:40:00
281,160,add_to_cart,2025-01-22T02:42:00
281,160,remove_cart,2025-01-22T02:44:00
281,167,view,2025-01-22T02:46:00
281,167,click,2025-01-22T02:50:00
281,170,view,2025-01-22T02:52:00
281,170,click,2025-01-22T02:56:00
281,139,review,2025-01-24T03:30:00
282,108,search,2025-01-11T17:57:00
282,108,view,2025-01-11T17:59:00
282,108,click,2025-01-11T18:00:00
282,108,add_to_cart,2025-01-11T18:01:00
282,108,remove_cart,2025-01-11T18:02:00
282,109,view,2025-01-11T18:04:00
282,109,click,2025-01-11T18:07:00
282,109,add_to_cart,2025-01-11T18:08:00
282,109,purchase,2025-01-11T18:10:00
282,102,view,2025-01-11T18:17:00
282,102,click,2025-01-11T18:19:00
282,102,add_to_cart,2025-01-11T18:20:00
282,102,remove_cart,2025-01-11T18:21:00
282,111,view,2025-01-14T06:22:00
282,111,click,2025-01-14T06:24:00
282,111,add_to_cart,2025-01-14T06:26:00
282,111,purchase,2025-01-14T06:27:00
282,124,view,2025-01-14T06:39:00
282,124,click,2025-01-14T06:40:00
282,95,search,2025-01-16T12:00:00
282,95,view,2025-01-16T12:02:00
282,95,click,2025-01-16T12:06:00
282,95,add_to_cart,2025-01-16T12:08:00
282,95,purchase,2025-01-16T12:09:00
282,127,search,2025-01-17T08:55:00
282,127,view,2025-01-17T08:57:00
282,127,add_to_cart,2025-01-17T08:58:00
282,127,purchase,2025-01-17T09:00:00
282,128,view,2025-01-17T09:07:00
282,128,add_to_cart,2025-01-17T09:08:00
282,128,remove_cart,2025-01-17T09:10:00
282,114,view,2025-01-17T09:11:00
282,114,click,2025-01-17T09:15:00
282,98,search,2025-01-20T08:03:00
282,98,view,2025-01-20T08:04:00
282,98,click,2025-01-20T08:06:00
282,104,view,2025-01-20T08:07:00
282,95,review,2025-01-21T12:15:00
282,108,search,2025-01-22T13:03:00
282,108,view,2025-01-22T13:05:00
282,108,click,2025-01-22T13:07:00
282,107,view,2025-01-22T13:08:00
282,107,click,2025-01-22T13:09:00
282,127,review,2025-01-23T09:07:00
283,56,search,2025-01-09T17:53:00
283,56,view,2025-01-09T17:55:00
283,56,click,2025-01-09T17:56:00
283,56,add_to_cart,2025-01-09T17:58:00
283,56,remove_cart,2025-01-09T18:00:00
283,58,view,2025-01-09T18:02:00
283,58,click,2025-01-09T18:04:00
283,63,view,2025-01-09T18:05:00
283,46,search,2025-01-10T21:00:00
283,46,view,2025-01-10T21:02:00
283,46,click,2025-01-10T21:06:00
283,46,add_to_cart,2025-01-10T21:09:00
283,46,purchase,2025-01-10T21:10:00
283,50,view,2025-01-10T21:13:00
283,50,add_to_cart,2025-01-10T21:16:00
283,50,purchase,2025-01-10T21:17:00
283,43,view,2025-01-10T21:22:00
283,43,click,2025-01-10T21:25:00
283,43,add_to_cart,2025-01-10T21:26:00
283,43,purchase,2025-01-10T21:28:00
283,187,view,2025-01-13T02:14:00
283,187,click,2025-01-13T02:18:00
283,191,view,2025-01-13T02:19:00
283,191,click,2025-01-13T02:23:00
283,199,view,2025-01-13T02:24:00
283,199,click,2025-01-13T02:25:00
283,199,add_to_cart,2025-01-13T02:27:00
283,199,remove_cart,2025-01-13T02:29:00
283,178,view,2025-01-15T20:29:00
283,178,click,2025-01-15T20:33:00
283,178,add_to_cart,2025-01-15T20:35:00
283,178,purchase,2025-01-15T20:37:00
283,184,view,2025-01-15T20:40:00
283,184,click,2025-01-15T20:43:00
283,46,review,2025-01-16T21:13:00
283,63,search,2025-01-18T18:35:00
283,63,view,2025-01-18T18:38:00
283,63,click,2025-01-18T18:41:00
283,63,add_to_cart,2025-01-18T18:43:00
283,63,purchase,2025-01-18T18:44:00
283,47,view,2025-01-18T18:53:00
283,47,click,2025-01-18T18:56:00
283,62,view,2025-01-18T18:58:00
283,62,click,2025-01-18T19:00:00
283,183,search,2025-01-20T09:00:00
283,183,view,2025-01-20T09:01:00
283,195,view,2025-01-20T09:04:00
283,195,click,2025-01-20T09:08:00
283,195,add_to_cart,2025-01-20T09:10:00
283,195,purchase,2025-01-20T09:11:00
283,6,search,2025-01-22T01:01:00
283,6,view,2025-01-22T01:03:00
283,6,click,2025-01-22T01:05:00
283,6,add_to_cart,2025-01-22T01:07:00
283,6,remove_cart,2025-01-22T01:09:00
283,178,review,2025-01-22T20:40:00
283,43,review,2025-01-23T21:37:00
283,199,search,2025-01-24T18:15:00
283,199,view,2025-01-24T18:17:00
283,199,add_to_cart,2025-01-24T18:18:00
283,199,purchase,2025-01-24T18:19:00
283,180,view,2025-01-24T18:30:00
283,50,review,2025-01-24T21:22:00
283,47,search,2025-01-26T03:33:00
283,47,view,2025-01-26T03:36:00
283,47,click,2025-01-26T03:37:00
283,58,view,2025-01-26T03:39:00
283,58,click,2025-01-26T03:41:00
283,58,add_to_cart,2025-01-26T03:43:00
283,58,remove_cart,2025-01-26T03:44:00
283,177,search,2025-01-28T09:56:00
283,177,view,2025-01-28T09:57:00
283,177,click,2025-01-28T10:01:00
283,198,view,2025-01-28T10:02:00
283,198,click,2025-01-28T10:04:00
283,198,add_to_cart,2025-01-28T10:06:00
283,198,remove_cart,2025-01-28T10:07:00
284,167,search,2025-01-12T11:58:00
284,167,view,2025-01-12T12:01:00
284,167,click,2025-01-12T12:02:00
284,173,view,2025-01-12T12:04:00
284,173,click,2025-01-12T12:08:00
284,70,search,2025-01-13T17:48:00
284,70,view,2025-01-13T17:49:00
284,70,click,2025-01-13T17:51:00
284,84,view,2025-01-13T17:53:00
284,84,click,2025-01-13T17:57:00
284,75,view,2025-01-13T18:00:00
284,75,click,2025-01-13T18:04:00
284,87,search,2025-01-15T03:20:00
284,87,view,2025-01-15T03:22:00
284,87,click,2025-01-15T03:26:00
284,45,view,2025-01-16T16:34:00
284,76,search,2025-01-17T19:55:00
284,76,view,2025-01-17T19:56:00
284,76,click,2025-01-17T19:58:00
284,69,search,2025-01-18T14:24:00
284,69,view,2025-01-18T14:27:00
284,69,click,2025-01-18T14:28:00
284,69,add_to_cart,2025-01-18T14:30:00
284,69,purchase,2025-01-18T14:31:00
284,82,view,2025-01-18T14:42:00
284,82,add_to_cart,2025-01-18T14:45:00
284,82,purchase,2025-01-18T14:47:00
284,66,view,2025-01-18T14:59:00
284,66,click,2025-01-18T15:03:00
284,66,add_to_cart,2025-01-18T15:04:00
284,66,purchase,2025-01-18T15:05:00
284,66,view,2025-01-20T22:32:00
284,66,click,2025-01-20T22:33:00
284,66,add_to_cart,2025-01-20T22:34:00
284,66,purchase,2025-01-20T22:36:00
284,159,search,2025-01-23T18:13:00
284,159,view,2025-01-23T18:16:00
284,159,click,2025-01-23T18:18:00
284,159,add_to_cart,2025-01-23T18:20:00
284,159,purchase,2025-01-23T18:21:00
284,158,view,2025-01-23T18:29:00
284,163,view,2025-01-23T18:30:00
284,163,click,2025-01-23T18:33:00
284,163,add_to_cart,2025-01-23T18:35:00
284,163,purchase,2025-01-23T18:36:00
284,66,review,2025-01-23T22:42:00
284,172,search,2025-01-24T08:03:00
284,172,view,2025-01-24T08:06:00
284,172,click,2025-01-24T08:07:00
284,169,view,2025-01-24T08:10:00
284,169,click,2025-01-24T08:13:00
284,174,view,2025-01-24T08:15:00
284,174,add_to_cart,2025-01-24T08:19:00
284,174,purchase,2025-01-24T08:20:00
284,69,review,2025-01-27T14:42:00
284,163,review,2025-02-06T18:38:00
285,58,search,2025-01-05T10:03:00
285,58,view,2025-01-05T10:05:00
285,7,search,2025-01-07T13:06:00
285,7,view,2025-01-07T13:07:00
285,7,add_to_cart,2025-01-07T13:08:00
285,7,remove_cart,2025-01-07T13:10:00
285,63,view,2025-01-08T12:52:00
285,63,click,2025-01-08T12:56:00
285,59,search,2025-01-11T06:31:00
285,59,view,2025-01-11T06:32:00
285,59,click,2025-01-11T06:34:00
285,65,view,2025-01-11T06:35:00
285,65,add_to_cart,2025-01-11T06:38:00
285,65,remove_cart,2025-01-11T06:39:00
285,60,view,2025-01-11T06:41:00
285,60,add_to_cart,2025-01-11T06:43:00
285,60,remove_cart,2025-01-11T06:44:00
285,10,search,2025-01-12T13:00:00
285,10,view,2025-01-12T13:03:00
285,10,click,2025-01-12T13:07:00
285,16,view,2025-01-12T13:09:00
285,16,click,2025-01-12T13:13:00
285,12,view,2025-01-12T13:14:00
285,12,click,2025-01-12T13:16:00
285,189,search,2025-01-15T06:51:00
285,189,view,2025-01-15T06:53:00
285,195,view,2025-01-15T06:56:00
285,195,click,2025-01-15T06:57:00
286,57,search,2025-01-03T20:37:00
286,57,view,2025-01-03T20:38:00
286,57,click,2025-01-03T20:39:00
286,57,add_to_cart,2025-01-03T20:40:00
286,57,purchase,2025-01-03T20:41:00
286,44,view,2025-01-03T20:48:00
286,44,click,2025-01-03T20:49:00
286,44,add_to_cart,2025-01-03T20:50:00
286,44,purchase,2025-01-03T20:52:00
286,44,review,2025-01-04T21:03:00
286,178,search,2025-01-05T04:28:00
286,178,view,2025-01-05T04:31:00
286,154,search,2025-01-07T23:32:00
286,154,view,2025-01-07T23:33:00
286,154,click,2025-01-07T23:37:00
286,154,add_to_cart,2025-01-07T23:40:00
286,154,purchase,2025-01-07T23:42:00
286,161,search,2025-01-08T19:10:00
286,161,view,2025-01-08T19:11:00
286,161,click,2025-01-08T19:13:00
286,161,add_to_cart,2025-01-08T19:14:00
286,161,purchase,2025-01-08T19:15:00
286,53,search,2025-01-11T18:05:00
286,53,view,2025-01-11T18:07:00
286,53,click,2025-01-11T18:08:00
286,57,view,2025-01-11T18:11:00
286,57,click,2025-01-11T18:12:00
286,200,search,2025-01-14T10:36:00
286,200,view,2025-01-14T10:38:00
286,200,click,2025-01-14T10:40:00
287,117,search,2025-01-06T05:16:00
287,117,view,2025-01-06T05:19:00
287,117,click,2025-01-06T05:20:00
287,121,view,2025-01-06T05:21:00
287,121,click,2025-01-06T05:25:00
287,121,add_to_cart,2025-01-06T05:26:00
287,121,purchase,2025-01-06T05:28:00
287,94,search,2025-01-07T17:32:00
287,94,view,2025-01-07T17:34:00
287,94,click,2025-01-07T17:37:00
287,112,search,2025-01-09T02:51:00
287,112,view,2025-01-09T02:54:00
287,125,view,2025-01-09T02:58:00
287,125,click,2025-01-09T03:02:00
287,69,view,2025-01-11T00:34:00
287,69,click,2025-01-11T00:35:00
287,76,view,2025-01-11T00:38:00
287,76,click,2025-01-11T00:40:00
287,76,add_to_cart,2025-01-11T00:41:00
287,76,remove_cart,2025-01-11T00:42:00
287,121,review,2025-01-11T05:36:00
287,74,view,2025-01-12T07:28:00
287,69,view,2025-01-12T07:31:00
287,69,click,2025-01-12T07:35:00
287,71,view,2025-01-12T07:36:00
287,71,click,2025-01-12T07:38:00
287,90,search,2025-01-15T05:40:00
287,90,view,2025-01-15T05:42:00
287,90,click,2025-01-15T05:46:00
287,106,view,2025-01-15T05:48:00
287,106,click,2025-01-15T05:51:00
287,106,add_to_cart,2025-01-15T05:54:00
287,106,remove_cart,2025-01-15T05:55:00
288,188,search,2025-01-06T09:13:00
288,188,view,2025-01-06T09:14:00
288,188,click,2025-01-06T09:15:00
288,68,search,2025-01-08T15:49:00
288,68,view,2025-01-08T15:52:00
288,68,click,2025-01-08T15:53:00
288,194,search,2025-01-10T02:47:00
288,194,view,2025-01-10T02:48:00
288,194,click,2025-01-10T02:49:00
288,188,view,2025-01-10T02:50:00
288,188,click,2025-01-10T02:53:00
288,80,view,2025-01-12T02:46:00
288,80,click,2025-01-12T02:49:00
288,28,view,2025-01-14T09:36:00
288,28,click,2025-01-14T09:37:00
288,32,view,2025-01-14T09:39:00
288,32,click,2025-01-14T09:43:00
288,184,search,2025-01-17T08:33:00
288,184,view,2025-01-17T08:34:00
288,184,add_to_cart,2025-01-17T08:36:00
288,184,purchase,2025-01-17T08:38:00
288,184,review,2025-01-19T08:44:00
289,39,view,2025-01-06T17:38:00
289,39,click,2025-01-06T17:39:00
289,36,search,2025-01-08T01:50:00
289,36,view,2025-01-08T01:52:00
289,36,click,2025-01-08T01:55:00
289,36,add_to_cart,2025-01-08T01:57:00
289,36,remove_cart,2025-01-08T01:58:00
289,35,view,2025-01-08T02:00:00
289,35,click,2025-01-08T02:03:00
289,35,add_to_cart,2025-01-08T02:05:00
289,35,purchase,2025-01-08T02:06:00
289,29,search,2025-01-09T21:17:00
289,29,view,2025-01-09T21:18:00
289,29,click,2025-01-09T21:21:00
289,26,view,2025-01-11T20:02:00
289,26,click,2025-01-11T20:03:00
289,26,add_to_cart,2025-01-11T20:06:00
289,26,purchase,2025-01-11T20:08:00
289,23,view,2025-01-11T20:16:00
289,23,add_to_cart,2025-01-11T20:18:00
289,23,purchase,2025-01-11T20:20:00
289,38,view,2025-01-11T20:26:00
289,38,click,2025-01-11T20:30:00
289,38,add_to_cart,2025-01-11T20:32:00
289,38,purchase,2025-01-11T20:34:00
289,103,search,2025-01-14T09:19:00
289,103,view,2025-01-14T09:20:00
289,103,click,2025-01-14T09:24:00
289,103,add_to_cart,2025-01-14T09:26:00
289,103,purchase,2025-01-14T09:28:00
289,95,view,2025-01-14T09:31:00
289,95,click,2025-01-14T09:35:00
289,95,add_to_cart,2025-01-14T09:37:00
289,95,purchase,2025-01-14T09:38:00
289,101,view,2025-01-14T09:43:00
289,101,click,2025-01-14T09:44:00
289,101,add_to_cart,2025-01-14T09:47:00
289,101,purchase,2025-01-14T09:49:00
289,150,search,2025-01-14T23:11:00
289,150,view,2025-01-14T23:14:00
289,150,click,2025-01-14T23:17:00
289,104,search,2025-01-15T15:52:00
289,104,view,2025-01-15T15:55:00
289,104,click,2025-01-15T15:57:00
289,104,add_to_cart,2025-01-15T16:00:00
289,104,purchase,2025-01-15T16:01:00
289,95,review,2025-01-16T09:43:00
289,25,search,2025-01-18T16:52:00
289,25,view,2025-01-18T16:55:00
289,25,add_to_cart,2025-01-18T16:58:00
289,25,remove_cart,2025-01-18T17:00:00
289,36,view,2025-01-18T17:02:00
289,36,click,2025-01-18T17:03:00
289,26,review,2025-01-20T20:16:00
289,89,search,2025-01-21T08:18:00
289,89,view,2025-01-21T08:19:00
289,100,view,2025-01-21T08:21:00
289,100,add_to_cart,2025-01-21T08:25:00
289,100,purchase,2025-01-21T08:26:00
289,104,view,2025-01-21T08:30:00
289,104,click,2025-01-21T08:32:00
289,104,add_to_cart,2025-01-21T08:33:00
289,104,purchase,2025-01-21T08:35:00
289,104,review,2025-02-04T08:39:00
290,71,view,2025-01-13T04:07:00
290,71,click,2025-01-13T04:10:00
290,80,view,2025-01-13T04:12:00
290,80,click,2025-01-13T04:16:00
290,80,add_to_cart,2025-01-13T04:18:00
290,80,purchase,2025-01-13T04:19:00
290,113,search,2025-01-15T12:25:00
290,113,view,2025-01-15T12:26:00
290,113,click,2025-01-15T12:27:00
290,113,add_to_cart,2025-01-15T12:28:00
290,113,purchase,2025-01-15T12:29:00
290,134,search,2025-01-17T22:14:00
290,134,view,2025-01-17T22:16:00
290,151,view,2025-01-17T22:17:00
290,151,click,2025-01-17T22:19:00
290,151,add_to_cart,2025-01-17T22:21:00
290,151,purchase,2025-01-17T22:22:00
290,149,search,2025-01-20T14:18:00
290,149,view,2025-01-20T14:20:00
290,149,click,2025-01-20T14:23:00
290,147,view,2025-01-20T14:24:00
290,147,click,2025-01-20T14:28:00
290,147,add_to_cart,2025-01-20T14:30:00
290,147,purchase,2025-01-20T14:31:00
290,151,view,2025-01-20T14:43:00
290,151,click,2025-01-20T14:44:00
290,151,add_to_cart,2025-01-20T14:45:00
290,151,remove_cart,2025-01-20T14:47:00
290,72,search,2025-01-21T04:18:00
290,72,view,2025-01-21T04:20:00
290,72,click,2025-01-21T04:21:00
290,72,add_to_cart,2025-01-21T04:23:00
290,72,purchase,2025-01-21T04:25:00
290,80,review,2025-01-21T04:28:00
290,67,view,2025-01-21T04:31:00
290,67,click,2025-01-21T04:32:00
290,69,view,2025-01-21T04:33:00
290,69,click,2025-01-21T04:35:00
290,139,view,2025-01-23T16:56:00
290,139,click,2025-01-23T17:00:00
290,148,view,2025-01-23T17:03:00
290,148,click,2025-01-23T17:05:00
290,148,add_to_cart,2025-01-23T17:06:00
290,148,purchase,2025-01-23T17:07:00
290,116,search,2025-01-24T15:21:00
290,116,view,2025-01-24T15:22:00
290,116,click,2025-01-24T15:26:00
290,125,view,2025-01-24T15:29:00
290,125,click,2025-01-24T15:31:00
290,129,view,2025-01-24T15:32:00
290,129,click,2025-01-24T15:34:00
290,129,add_to_cart,2025-01-24T15:36:00
290,129,remove_cart,2025-01-24T15:37:00
290,113,review,2025-01-26T12:35:00
290,140,view,2025-01-26T14:14:00
290,140,click,2025-01-26T14:16:00
290,140,add_to_cart,2025-01-26T14:17:00
290,140,purchase,2025-01-26T14:19:00
290,151,view,2025-01-26T14:28:00
290,151,click,2025-01-26T14:30:00
290,151,add_to_cart,2025-01-26T14:31:00
290,151,purchase,2025-01-26T14:32:00
290,119,search,2025-01-29T08:07:00
290,119,view,2025-01-29T08:08:00
290,151,review,2025-01-29T22:33:00
290,151,review,2025-01-31T14:44:00
291,196,view,2025-01-12T22:08:00
291,196,click,2025-01-12T22:11:00
291,192,view,2025-01-12T22:12:00
291,192,click,2025-01-12T22:13:00
291,59,view,2025-01-14T06:17:00
291,59,click,2025-01-14T06:19:00
291,59,add_to_cart,2025-01-14T06:22:00
291,59,purchase,2025-01-14T06:24:00
291,191,search,2025-01-15T09:03:00
291,191,view,2025-01-15T09:05:00
291,191,click,2025-01-15T09:09:00
291,191,add_to_cart,2025-01-15T09:10:00
291,191,remove_cart,2025-01-15T09:11:00
291,199,view,2025-01-15T09:12:00
291,199,click,2025-01-15T09:16:00
291,199,add_to_cart,2025-01-15T09:18:00
291,199,remove_cart,2025-01-15T09:20:00
291,187,view,2025-01-15T09:22:00
291,187,click,2025-01-15T09:24:00
291,187,add_to_cart,2025-01-15T09:25:00
291,187,purchase,2025-01-15T09:26:00
291,53,search,2025-01-15T23:07:00
291,53,view,2025-01-15T23:08:00
291,53,click,2025-01-15T23:09:00
291,50,view,2025-01-15T23:11:00
291,50,click,2025-01-15T23:13:00
291,50,add_to_cart,2025-01-15T23:16:00
291,50,remove_cart,2025-01-15T23:18:00
291,196,view,2025-01-17T13:25:00
291,182,view,2025-01-17T13:27:00
291,182,add_to_cart,2025-01-17T13:30:00
291,182,remove_cart,2025-01-17T13:31:00
291,176,view,2025-01-17T13:32:00
291,176,click,2025-01-17T13:33:00
291,176,add_to_cart,2025-01-17T13:35:00
291,176,remove_cart,2025-01-17T13:37:00
291,58,view,2025-01-18T11:02:00
291,58,click,2025-01-18T11:05:00
291,50,view,2025-01-18T11:07:00
291,50,click,2025-01-18T11:09:00
291,50,add_to_cart,2025-01-18T11:12:00
291,50,purchase,2025-01-18T11:13:00
291,1,view,2025-01-21T03:50:00
291,1,click,2025-01-21T03:51:00
292,4,view,2025-01-11T06:51:00
292,4,click,2025-01-11T06:55:00
292,4,add_to_cart,2025-01-11T06:58:00
292,4,purchase,2025-01-11T07:00:00
292,19,view,2025-01-11T07:09:00
292,19,click,2025-01-11T07:10:00
292,19,add_to_cart,2025-01-11T07:12:00
292,19,remove_cart,2025-01-11T07:13:00
292,20,view,2025-01-11T07:15:00
292,20,click,2025-01-11T07:18:00
292,20,add_to_cart,2025-01-11T07:21:00
292,20,purchase,2025-01-11T07:22:00
292,56,search,2025-01-13T22:46:00
292,56,view,2025-01-13T22:47:00
292,56,click,2025-01-13T22:48:00
292,58,view,2025-01-13T22:50:00
292,58,click,2025-01-13T22:53:00
292,3,search,2025-01-15T01:52:00
292,3,view,2025-01-15T01:55:00
292,3,click,2025-01-15T01:56:00
292,3,add_to_cart,2025-01-15T01:57:00
292,3,purchase,2025-01-15T01:58:00
292,79,search,2025-01-16T09:40:00
292,79,view,2025-01-16T09:41:00
292,79,click,2025-01-16T09:42:00
292,79,add_to_cart,2025-01-16T09:44:00
292,79,purchase,2025-01-16T09:46:00
292,77,view,2025-01-16T09:52:00
292,77,click,2025-01-16T09:55:00
292,3,review,2025-01-17T02:07:00
292,18,search,2025-01-17T20:07:00
292,18,view,2025-01-17T20:08:00
292,15,view,2025-01-17T20:11:00
292,15,add_to_cart,2025-01-17T20:13:00
292,15,purchase,2025-01-17T20:14:00
292,65,search,2025-01-19T15:00:00
292,65,view,2025-01-19T15:01:00
292,65,add_to_cart,2025-01-19T15:02:00
292,65,purchase,2025-01-19T15:03:00
292,15,review,2025-01-21T20:22:00
292,44,search,2025-01-21T22:18:00
292,44,view,2025-01-21T22:20:00
292,44,click,2025-01-21T22:21:00
292,44,add_to_cart,2025-01-21T22:22:00
292,44,purchase,2025-01-21T22:23:00
292,60,view,2025-01-21T22:26:00
292,60,click,2025-01-21T22:29:00
292,87,view,2025-01-24T18:43:00
292,87,click,2025-01-24T18:44:00
292,78,view,2025-01-24T18:47:00
292,78,click,2025-01-24T18:49:00
292,65,review,2025-01-30T15:11:00
293,32,search,2025-01-07T02:26:00
293,32,view,2025-01-07T02:28:00
293,32,click,2025-01-07T02:31:00
293,32,add_to_cart,2025-01-07T02:33:00
293,32,purchase,2025-01-07T02:34:00
293,35,view,2025-01-07T02:40:00
293,35,click,2025-01-07T02:42:00
293,27,search,2025-01-10T03:30:00
293,27,view,2025-01-10T03:32:00
293,31,view,2025-01-10T03:36:00
293,31,click,2025-01-10T03:38:00
293,156,view,2025-01-12T01:38:00
293,156,click,2025-01-12T01:41:00
293,162,view,2025-01-12T01:42:00
293,162,click,2025-01-12T01:45:00
293,162,add_to_cart,2025-01-12T01:48:00
293,162,remove_cart,2025-01-12T01:50:00
293,163,view,2025-01-12T01:51:00
293,163,click,2025-01-12T01:54:00
293,38,search,2025-01-13T15:39:00
293,38,view,2025-01-13T15:41:00
293,38,click,2025-01-13T15:45:00
293,30,view,2025-01-13T15:48:00
293,30,click,2025-01-13T15:50:00
293,30,add_to_cart,2025-01-13T15:51:00
293,30,purchase,2025-01-13T15:53:00
293,42,view,2025-01-13T16:00:00
293,42,click,2025-01-13T16:04:00
293,75,search,2025-01-15T07:56:00
293,75,view,2025-01-15T07:58:00
293,75,click,2025-01-15T08:02:00
293,80,view,2025-01-15T08:05:00
293,80,click,2025-01-15T08:06:00
293,80,add_to_cart,2025-01-15T08:08:00
293,80,remove_cart,2025-01-15T08:10:00
293,30,review,2025-01-15T16:00:00
293,36,view,2025-01-17T04:05:00
293,36,click,2025-01-17T04:06:00
293,36,add_to_cart,2025-01-17T04:08:00
293,36,purchase,2025-01-17T04:10:00
293,41,view,2025-01-17T04:13:00
293,41,click,2025-01-17T04:17:00
293,32,review,2025-01-18T02:40:00
293,36,review,2025-01-23T04:13:00
294,169,search,2025-01-09T14:02:00
294,169,view,2025-01-09T14:04:00
294,169,add_to_cart,2025-01-09T14:08:00
294,169,purchase,2025-01-09T14:10:00
294,157,view,2025-01-09T14:12:00
294,157,click,2025-01-09T14:15:00
294,157,add_to_cart,2025-01-09T14:17:00
294,157,remove_cart,2025-01-09T14:19:00
294,158,search,2025-01-11T03:01:00
294,158,view,2025-01-11T03:03:00
294,165,view,2025-01-11T03:06:00
294,165,click,2025-01-11T03:09:00
294,13,search,2025-01-12T17:24:00
294,13,view,2025-01-12T17:26:00
294,13,add_to_cart,2025-01-12T17:29:00
294,13,remove_cart,2025-01-12T17:31:00
294,22,view,2025-01-12T17:33:00
294,22,click,2025-01-12T17:35:00
294,22,add_to_cart,2025-01-12T17:38:00
294,22,purchase,2025-01-12T17:40:00
294,5,search,2025-01-14T18:09:00
294,5,view,2025-01-14T18:12:00
294,5,click,2025-01-14T18:16:00
294,16,view,2025-01-14T18:19:00
294,16,click,2025-01-14T18:22:00
294,13,view,2025-01-14T18:23:00
294,13,click,2025-01-14T18:27:00
294,13,add_to_cart,2025-01-14T18:28:00
294,13,purchase,2025-01-14T18:30:00
294,145,search,2025-01-17T14:59:00
294,145,view,2025-01-17T15:00:00
294,145,click,2025-01-17T15:03:00
294,145,add_to_cart,2025-01-17T15:05:00
294,145,purchase,2025-01-17T15:07:00
294,153,view,2025-01-17T15:15:00
294,153,click,2025-01-17T15:19:00
294,170,search,2025-01-18T20:52:00
294,170,view,2025-01-18T20:54:00
294,170,click,2025-01-18T20:55:00
294,170,add_to_cart,2025-01-18T20:57:00
294,170,purchase,2025-01-18T20:59:00
294,162,view,2025-01-18T21:01:00
294,162,click,2025-01-18T21:05:00
294,158,view,2025-01-18T21:07:00
294,158,click,2025-01-18T21:10:00
294,173,search,2025-01-20T18:15:00
294,173,view,2025-01-20T18:18:00
294,173,click,2025-01-20T18:20:00
294,169,view,2025-01-20T18:22:00
294,169,click,2025-01-20T18:23:00
294,169,add_to_cart,2025-01-20T18:24:00
294,169,purchase,2025-01-20T18:26:00
294,161,search,2025-01-23T12:04:00
294,161,view,2025-01-23T12:07:00
294,161,click,2025-01-23T12:09:00
294,159,view,2025-01-23T12:11:00
294,159,click,2025-01-23T12:12:00
294,22,review,2025-01-23T17:49:00
294,169,review,2025-01-24T18:37:00
294,13,review,2025-01-25T18:40:00
295,14,search,2025-01-08T19:15:00
295,14,view,2025-01-08T19:16:00
295,14,click,2025-01-08T19:18:00
295,9,view,2025-01-08T19:21:00
295,9,click,2025-01-08T19:24:00
295,130,view,2025-01-09T16:27:00
295,130,click,2025-01-09T16:29:00
295,35,search,2025-01-11T22:09:00
295,35,view,2025-01-11T22:10:00
295,35,click,2025-01-11T22:13:00
295,36,view,2025-01-11T22:16:00
295,36,click,2025-01-11T22:20:00
295,41,view,2025-01-11T22:23:00
295,30,search,2025-01-14T08:56:00
295,30,view,2025-01-14T08:59:00
295,30,click,2025-01-14T09:02:00
295,30,add_to_cart,2025-01-14T09:03:00
295,30,purchase,2025-01-14T09:04:00
295,38,view,2025-01-14T09:13:00
295,115,search,2025-01-15T00:07:00
295,115,view,2025-01-15T00:08:00
295,115,click,2025-01-15T00:10:00
295,121,view,2025-01-15T00:13:00
295,39,view,2025-01-15T21:41:00
295,39,click,2025-01-15T21:45:00
295,30,view,2025-01-15T21:47:00
295,30,click,2025-01-15T21:49:00
295,37,view,2025-01-15T21:52:00
295,37,add_to_cart,2025-01-15T21:55:00
295,37,purchase,2025-01-15T21:56:00
295,31,search,2025-01-18T12:38:00
295,31,view,2025-01-18T12:41:00
295,31,click,2025-01-18T12:42:00
295,31,add_to_cart,2025-01-18T12:43:00
295,31,purchase,2025-01-18T12:44:00
295,38,view,2025-01-18T12:55:00
295,38,click,2025-01-18T12:59:00
295,38,add_to_cart,2025-01-18T13:02:00
295,38,purchase,2025-01-18T13:04:00
295,37,review,2025-01-24T22:04:00
296,65,search,2025-01-07T06:00:00
296,65,view,2025-01-07T06:01:00
296,65,click,2025-01-07T06:02:00
296,65,add_to_cart,2025-01-07T06:04:00
296,65,purchase,2025-01-07T06:05:00
296,185,search,2025-01-09T09:34:00
296,185,view,2025-01-09T09:36:00
296,185,click,2025-01-09T09:39:00
296,185,add_to_cart,2025-01-09T09:42:00
296,185,purchase,2025-01-09T09:43:00
296,192,search,2025-01-10T21:20:00
296,192,view,2025-01-10T21:21:00
296,192,click,2025-01-10T21:22:00
296,192,add_to_cart,2025-01-10T21:24:00
296,192,purchase,2025-01-10T21:25:00
296,185,view,2025-01-10T21:28:00
296,185,click,2025-01-10T21:32:00
296,185,add_to_cart,2025-01-10T21:33:00
296,185,purchase,2025-01-10T21:35:00
296,185,review,2025-01-11T09:55:00
296,6,search,2025-01-13T21:43:00
296,6,view,2025-01-13T21:46:00
296,6,click,2025-01-13T21:50:00
296,6,add_to_cart,2025-01-13T21:51:00
296,6,purchase,2025-01-13T21:53:00
296,65,review,2025-01-15T06:09:00
296,22,search,2025-01-16T18:23:00
296,22,view,2025-01-16T18:25:00
296,22,click,2025-01-16T18:27:00
296,22,search,2025-01-19T15:46:00
296,22,view,2025-01-19T15:47:00
296,22,click,2025-01-19T15:51:00
296,22,add_to_cart,2025-01-19T15:54:00
296,22,purchase,2025-01-19T15:56:00
296,22,review,2025-01-26T16:07:00
296,6,review,2025-01-27T22:05:00
297,53,search,2025-01-06T14:46:00
297,53,view,2025-01-06T14:48:00
297,53,click,2025-01-06T14:52:00
297,10,search,2025-01-07T23:58:00
297,10,view,2025-01-08T00:00:00
297,129,view,2025-01-09T14:05:00
297,129,click,2025-01-09T14:07:00
297,130,view,2025-01-09T14:10:00
297,130,click,2025-01-09T14:13:00
297,123,search,2025-01-12T08:35:00
297,123,view,2025-01-12T08:38:00
297,123,click,2025-01-12T08:41:00
297,111,view,2025-01-12T08:43:00
297,111,click,2025-01-12T08:44:00
297,111,add_to_cart,2025-01-12T08:45:00
297,111,purchase,2025-01-12T08:47:00
297,126,view,2025-01-14T22:35:00
297,123,view,2025-01-14T22:38:00
297,123,click,2025-01-14T22:40:00
297,123,add_to_cart,2025-01-14T22:42:00
297,123,purchase,2025-01-14T22:43:00
297,113,view,2025-01-14T22:53:00
297,113,click,2025-01-14T22:54:00
297,19,view,2025-01-16T18:38:00
297,19,click,2025-01-16T18:41:00
297,19,add_to_cart,2025-01-16T18:43:00
297,19,purchase,2025-01-16T18:44:00
297,111,review,2025-01-17T08:49:00
297,19,review,2025-01-22T18:54:00
298,9,search,2025-01-11T06:59:00
298,9,view,2025-01-11T07:00:00
298,9,click,2025-01-11T07:04:00
298,9,add_to_cart,2025-01-11T07:07:00
298,9,purchase,2025-01-11T07:08:00
298,5,view,2025-01-11T07:10:00
298,5,click,2025-01-11T07:11:00
298,101,view,2025-01-13T03:30:00
298,101,click,2025-01-13T03:34:00
298,101,add_to_cart,2025-01-13T03:35:00
298,101,purchase,2025-01-13T03:37:00
298,15,search,2025-01-14T16:31:00
298,15,view,2025-01-14T16:33:00
298,15,click,2025-01-14T16:34:00
298,15,add_to_cart,2025-01-14T16:37:00
298,15,remove_cart,2025-01-14T16:39:00
298,47,search,2025-01-17T15:55:00
298,47,view,2025-01-17T15:58:00
298,47,click,2025-01-17T16:02:00
298,47,add_to_cart,2025-01-17T16:05:00
298,47,purchase,2025-01-17T16:06:00
298,64,view,2025-01-17T16:09:00
298,64,click,2025-01-17T16:10:00
298,101,review,2025-01-18T03:49:00
298,90,view,2025-01-20T01:04:00
298,90,click,2025-01-20T01:07:00
298,43,view,2025-01-22T22:36:00
298,43,click,2025-01-22T22:39:00
298,101,search,2025-01-24T20:21:00
298,101,view,2025-01-24T20:23:00
298,101,click,2025-01-24T20:27:00
298,101,add_to_cart,2025-01-24T20:29:00
298,101,purchase,2025-01-24T20:30:00
298,91,view,2025-01-24T20:41:00
298,91,click,2025-01-24T20:43:00
298,91,add_to_cart,2025-01-24T20:44:00
298,91,purchase,2025-01-24T20:45:00
298,9,review,2025-01-25T07:10:00
298,46,search,2025-01-26T07:57:00
298,46,view,2025-01-26T07:58:00
298,46,click,2025-01-26T08:01:00
298,46,add_to_cart,2025-01-26T08:04:00
298,46,purchase,2025-01-26T08:06:00
299,109,search,2025-01-11T02:02:00
299,109,view,2025-01-11T02:05:00
299,109,click,2025-01-11T02:08:00
299,18,view,2025-01-12T01:53:00
299,18,click,2025-01-12T01:56:00
299,18,add_to_cart,2025-01-12T01:57:00
299,18,purchase,2025-01-12T01:58:00
299,1,view,2025-01-12T02:00:00
299,1,click,2025-01-12T02:01:00
299,3,view,2025-01-12T02:03:00
299,3,click,2025-01-12T02:04:00
299,89,search,2025-01-14T11:21:00
299,89,view,2025-01-14T11:22:00
299,108,view,2025-01-14T11:25:00
299,108,click,2025-01-14T11:26:00
299,108,add_to_cart,2025-01-14T11:28:00
299,108,purchase,2025-01-14T11:30:00
299,100,view,2025-01-14T11:38:00
299,100,add_to_cart,2025-01-14T11:40:00
299,100,purchase,2025-01-14T11:42:00
299,188,search,2025-01-17T05:53:00
299,188,view,2025-01-17T05:55:00
299,188,add_to_cart,2025-01-17T05:57:00
299,188,remove_cart,2025-01-17T05:59:00
299,92,search,2025-01-20T01:17:00
299,92,view,2025-01-20T01:20:00
299,92,click,2025-01-20T01:21:00
299,92,add_to_cart,2025-01-20T01:23:00
299,92,purchase,2025-01-20T01:25:00
299,93,view,2025-01-20T01:34:00
299,98,view,2025-01-20T01:38:00
299,98,click,2025-01-20T01:40:00
299,108,search,2025-01-20T14:09:00
299,108,view,2025-01-20T14:12:00
299,108,click,2025-01-20T14:15:00
299,176,search,2025-01-23T02:16:00
299,176,view,2025-01-23T02:17:00
299,176,click,2025-01-23T02:19:00
299,176,search,2025-01-25T00:59:00
299,176,view,2025-01-25T01:02:00
299,176,add_to_cart,2025-01-25T01:06:00
299,176,purchase,2025-01-25T01:07:00
299,198,view,2025-01-25T01:18:00
299,198,click,2025-01-25T01:21:00
299,199,search,2025-01-27T17:39:00
299,199,view,2025-01-27T17:41:00
299,199,click,2025-01-27T17:42:00
299,193,view,2025-01-27T17:45:00
299,193,click,2025-01-27T17:46:00
299,193,add_to_cart,2025-01-27T17:48:00
299,193,remove_cart,2025-01-27T17:50:00
299,89,view,2025-01-30T07:54:00
299,98,view,2025-01-30T07:55:00
299,98,add_to_cart,2025-01-30T07:58:00
299,98,remove_cart,2025-01-30T08:00:00
299,108,view,2025-01-30T08:01:00
299,108,click,2025-01-30T08:04:00
299,108,add_to_cart,2025-01-30T08:06:00
299,108,purchase,2025-01-30T08:07:00
299,108,review,2025-01-31T08:17:00
300,165,view,2025-01-07T00:08:00
300,165,click,2025-01-07T00:11:00
300,164,search,2025-01-07T22:29:00
300,164,view,2025-01-07T22:30:00
300,164,click,2025-01-07T22:34:00
300,54,view,2025-01-08T17:49:00
300,154,search,2025-01-11T10:08:00
300,154,view,2025-01-11T10:09:00
300,154,click,2025-01-11T10:10:00
300,165,view,2025-01-11T10:13:00
300,165,click,2025-01-11T10:16:00
300,165,add_to_cart,2025-01-11T10:18:00
300,165,purchase,2025-01-11T10:20:00
300,156,view,2025-01-11T10:25:00
300,156,click,2025-01-11T10:27:00
300,61,search,2025-01-12T13:02:00
300,61,view,2025-01-12T13:05:00
300,61,click,2025-01-12T13:07:00
300,51,view,2025-01-12T13:08:00
300,57,view,2025-01-12T13:10:00
300,57,add_to_cart,2025-01-12T13:14:00
300,57,purchase,2025-01-12T13:15:00
300,49,search,2025-01-14T07:30:00
300,49,view,2025-01-14T07:32:00
300,49,click,2025-01-14T07:33:00
300,57,review,2025-01-15T13:17:00
300,161,view,2025-01-16T08:53:00
300,161,click,2025-01-16T08:57:00
300,161,add_to_cart,2025-01-16T08:59:00
300,161,remove_cart,2025-01-16T09:00:00
300,167,view,2025-01-16T09:02:00
300,167,click,2025-01-16T09:05:00
300,166,view,2025-01-16T09:08:00
300,166,click,2025-01-16T09:11:00
300,165,review,2025-01-24T10:25:00
301,4,search,2025-01-10T21:44:00
301,4,view,2025-01-10T21:47:00
301,4,click,2025-01-10T21:48:00
301,10,view,2025-01-10T21:51:00
301,24,search,2025-01-11T10:12:00
301,24,view,2025-01-11T10:13:00
301,24,click,2025-01-11T10:15:00
301,27,view,2025-01-11T10:18:00
301,27,click,2025-01-11T10:20:00
301,27,add_to_cart,2025-01-11T10:23:00
301,27,purchase,2025-01-11T10:24:00
301,29,view,2025-01-11T10:35:00
301,29,click,2025-01-11T10:37:00
301,29,add_to_cart,2025-01-11T10:39:00
301,29,remove_cart,2025-01-11T10:41:00
301,126,view,2025-01-13T03:45:00
301,126,click,2025-01-13T03:47:00
301,126,add_to_cart,2025-01-13T03:50:00
301,126,purchase,2025-01-13T03:52:00
301,119,view,2025-01-13T04:02:00
301,119,click,2025-01-13T04:06:00
301,119,add_to_cart,2025-01-13T04:09:00
301,119,purchase,2025-01-13T04:10:00
301,119,review,2025-01-14T04:19:00
301,5,search,2025-01-15T04:48:00
301,5,view,2025-01-15T04:51:00
301,5,click,2025-01-15T04:53:00
301,5,add_to_cart,2025-01-15T04:55:00
301,5,purchase,2025-01-15T04:57:00
301,7,view,2025-01-15T05:07:00
301,7,click,2025-01-15T05:11:00
301,2,view,2025-01-15T05:12:00
301,2,click,2025-01-15T05:16:00
301,17,search,2025-01-17T10:59:00
301,17,view,2025-01-17T11:01:00
301,17,click,2025-01-17T11:05:00
301,131,search,2025-01-20T08:05:00
301,131,view,2025-01-20T08:08:00
301,131,click,2025-01-20T08:09:00
301,131,add_to_cart,2025-01-20T08:10:00
301,131,purchase,2025-01-20T08:12:00
301,126,view,2025-01-20T08:22:00
301,126,click,2025-01-20T08:26:00
301,112,view,2025-01-20T08:27:00
301,112,click,2025-01-20T08:29:00
301,112,add_to_cart,2025-01-20T08:31:00
301,112,purchase,2025-01-20T08:33:00
301,24,search,2025-01-21T13:17:00
301,24,view,2025-01-21T13:20:00
301,24,add_to_cart,2025-01-21T13:23:00
301,24,purchase,2025-01-21T13:25:00
301,39,view,2025-01-21T13:27:00
301,29,view,2025-01-21T13:30:00
301,29,click,2025-01-21T13:32:00
301,112,review,2025-01-22T08:42:00
301,21,search,2025-01-23T01:37:00
301,21,view,2025-01-23T01:38:00
301,21,click,2025-01-23T01:39:00
301,5,view,2025-01-23T01:42:00
301,5,click,2025-01-23T01:46:00
301,120,search,2025-01-26T01:29:00
301,120,view,2025-01-26T01:32:00
301,120,click,2025-01-26T01:36:00
301,120,add_to_cart,2025-01-26T01:38:00
301,120,purchase,2025-01-26T01:39:00
301,39,view,2025-01-29T01:30:00
301,39,click,2025-01-29T01:32:00
301,39,add_to_cart,2025-01-29T01:33:00
301,39,remove_cart,2025-01-29T01:35:00
301,28,view,2025-01-29T01:36:00
301,28,click,2025-01-29T01:39:00
301,120,review,2025-02-07T01:49:00
302,25,search,2025-01-09T22:53:00
302,25,view,2025-01-09T22:55:00
302,25,add_to_cart,2025-01-09T22:59:00
302,25,purchase,2025-01-09T23:01:00
302,32,view,2025-01-09T23:07:00
302,32,click,2025-01-09T23:08:00
302,32,add_to_cart,2025-01-09T23:11:00
302,32,purchase,2025-01-09T23:12:00
302,28,view,2025-01-09T23:14:00
302,28,click,2025-01-09T23:18:00
302,28,add_to_cart,2025-01-09T23:19:00
302,28,purchase,2025-01-09T23:21:00
302,66,search,2025-01-11T08:58:00
302,66,view,2025-01-11T09:00:00
302,66,click,2025-01-11T09:04:00
302,69,view,2025-01-11T09:07:00
302,69,click,2025-01-11T09:11:00
302,70,search,2025-01-14T03:32:00
302,70,view,2025-01-14T03:34:00
302,70,click,2025-01-14T03:38:00
302,76,view,2025-01-14T03:39:00
302,76,add_to_cart,2025-01-14T03:40:00
302,76,purchase,2025-01-14T03:42:00
302,87,view,2025-01-14T03:48:00
302,87,click,2025-01-14T03:49:00
302,87,add_to_cart,2025-01-14T03:51:00
302,87,purchase,2025-01-14T03:52:00
302,126,view,2025-01-16T07:05:00
302,126,click,2025-01-16T07:09:00
302,116,view,2025-01-16T07:11:00
302,116,click,2025-01-16T07:14:00
302,117,view,2025-01-16T07:17:00
302,117,click,2025-01-16T07:19:00
302,34,search,2025-01-17T20:44:00
302,34,view,2025-01-17T20:47:00
302,34,click,2025-01-17T20:48:00
302,34,add_to_cart,2025-01-17T20:50:00
302,34,purchase,2025-01-17T20:51:00
302,86,search,2025-01-19T08:02:00
302,86,view,2025-01-19T08:03:00
302,86,click,2025-01-19T08:04:00
302,34,review,2025-01-20T21:02:00
302,28,review,2025-01-21T23:30:00
302,78,search,2025-01-22T00:07:00
302,78,view,2025-01-22T00:09:00
302,78,click,2025-01-22T00:10:00
302,86,view,2025-01-22T00:11:00
302,86,click,2025-01-22T00:12:00
302,86,add_to_cart,2025-01-22T00:15:00
302,86,purchase,2025-01-22T00:17:00
302,25,review,2025-01-23T23:07:00
302,32,review,2025-01-23T23:14:00
302,76,search,2025-01-25T00:15:00
302,76,view,2025-01-25T00:16:00
302,76,click,2025-01-25T00:17:00
302,75,view,2025-01-25T00:20:00
302,75,click,2025-01-25T00:24:00
302,76,review,2025-01-25T03:48:00
302,130,search,2025-01-27T16:19:00
302,130,view,2025-01-27T16:22:00
302,130,click,2025-01-27T16:25:00
302,130,add_to_cart,2025-01-27T16:28:00
302,130,purchase,2025-01-27T16:30:00
302,115,view,2025-01-27T16:35:00
302,115,click,2025-01-27T16:37:00
302,130,review,2025-02-09T16:35:00
303,124,search,2025-01-12T16:43:00
303,124,view,2025-01-12T16:44:00
303,124,click,2025-01-12T16:45:00
303,124,add_to_cart,2025-01-12T16:46:00
303,124,remove_cart,2025-01-12T16:48:00
303,111,view,2025-01-12T16:49:00
303,111,click,2025-01-12T16:52:00
303,111,add_to_cart,2025-01-12T16:53:00
303,111,remove_cart,2025-01-12T16:54:00
303,130,view,2025-01-12T16:56:00
303,130,add_to_cart,2025-01-12T17:00:00
303,130,purchase,2025-01-12T17:02:00
303,136,view,2025-01-15T00:57:00
303,136,click,2025-01-15T00:58:00
303,136,add_to_cart,2025-01-15T00:59:00
303,136,purchase,2025-01-15T01:01:00
303,145,view,2025-01-15T01:07:00
303,145,click,2025-01-15T01:08:00
303,149,search,2025-01-16T23:56:00
303,149,view,2025-01-16T23:58:00
303,89,search,2025-01-18T04:48:00
303,89,view,2025-01-18T04:50:00
303,89,click,2025-01-18T04:53:00
303,111,search,2025-01-20T20:51:00
303,111,view,2025-01-20T20:53:00
303,111,click,2025-01-20T20:55:00
303,111,add_to_cart,2025-01-20T20:58:00
303,111,purchase,2025-01-20T20:59:00
303,136,review,2025-01-22T01:07:00
303,141,search,2025-01-22T22:52:00
303,141,view,2025-01-22T22:55:00
303,141,click,2025-01-22T22:59:00
303,139,view,2025-01-22T23:01:00
303,139,add_to_cart,2025-01-22T23:04:00
303,139,purchase,2025-01-22T23:06:00
303,136,view,2025-01-22T23:10:00
303,136,click,2025-01-22T23:14:00
303,130,review,2025-01-23T17:14:00
303,111,review,2025-01-25T21:08:00
303,139,review,2025-02-02T23:10:00
304,176,view,2025-01-11T18:57:00
304,176,click,2025-01-11T18:58:00
304,189,view,2025-01-11T19:01:00
304,189,click,2025-01-11T19:04:00
304,190,view,2025-01-11T19:05:00
304,190,click,2025-01-11T19:07:00
304,190,add_to_cart,2025-01-11T19:08:00
304,190,remove_cart,2025-01-11T19:10:00
304,123,search,2025-01-13T05:43:00
304,123,view,2025-01-13T05:46:00
304,123,add_to_cart,2025-01-13T05:50:00
304,123,purchase,2025-01-13T05:51:00
304,125,search,2025-01-15T06:38:00
304,125,view,2025-01-15T06:41:00
304,125,click,2025-01-15T06:44:00
304,128,view,2025-01-15T06:47:00
304,128,click,2025-01-15T06:51:00
304,182,search,2025-01-16T11:55:00
304,182,view,2025-01-16T11:57:00
304,182,click,2025-01-16T11:58:00
304,182,add_to_cart,2025-01-16T11:59:00
304,182,remove_cart,2025-01-16T12:00:00
304,184,view,2025-01-16T12:01:00
304,184,click,2025-01-16T12:04:00
304,184,add_to_cart,2025-01-16T12:06:00
304,184,purchase,2025-01-16T12:08:00
304,66,view,2025-01-18T21:06:00
304,66,click,2025-01-18T21:08:00
304,81,view,2025-01-18T21:09:00
304,81,click,2025-01-18T21:10:00
304,72,view,2025-01-18T21:12:00
304,123,review,2025-01-19T06:02:00
304,74,search,2025-01-20T20:45:00
304,74,view,2025-01-20T20:47:00
304,74,click,2025-01-20T20:51:00
304,74,add_to_cart,2025-01-20T20:52:00
304,74,purchase,2025-01-20T20:53:00
304,81,view,2025-01-20T21:04:00
304,81,click,2025-01-20T21:05:00
304,81,add_to_cart,2025-01-20T21:06:00
304,81,remove_cart,2025-01-20T21:07:00
304,198,view,2025-01-23T16:57:00
304,198,click,2025-01-23T16:59:00
304,197,view,2025-01-23T17:01:00
304,118,search,2025-01-26T04:33:00
304,118,view,2025-01-26T04:36:00
304,118,click,2025-01-26T04:38:00
304,74,review,2025-01-31T21:04:00
305,195,view,2025-01-09T18:36:00
305,195,click,2025-01-09T18:39:00
305,195,add_to_cart,2025-01-09T18:41:00
305,195,purchase,2025-01-09T18:42:00
305,189,view,2025-01-09T18:49:00
305,189,click,2025-01-09T18:51:00
305,182,view,2025-01-09T18:53:00
305,182,click,2025-01-09T18:54:00
305,182,add_to_cart,2025-01-09T18:56:00
305,182,remove_cart,2025-01-09T18:58:00
305,58,search,2025-01-12T00:21:00
305,58,view,2025-01-12T00:22:00
305,58,click,2025-01-12T00:24:00
305,58,add_to_cart,2025-01-12T00:27:00
305,58,remove_cart,2025-01-12T00:28:00
305,46,view,2025-01-12T00:29:00
305,46,click,2025-01-12T00:32:00
305,54,view,2025-01-12T00:34:00
305,54,click,2025-01-12T00:35:00
305,54,search,2025-01-12T15:46:00
305,54,view,2025-01-12T15:47:00
305,54,click,2025-01-12T15:48:00
305,63,view,2025-01-12T15:49:00
305,63,click,2025-01-12T15:53:00
305,64,search,2025-01-15T04:56:00
305,64,view,2025-01-15T04:59:00
305,64,add_to_cart,2025-01-15T05:01:00
305,64,purchase,2025-01-15T05:02:00
305,57,view,2025-01-15T05:10:00
305,57,click,2025-01-15T05:11:00
305,44,view,2025-01-15T05:12:00
305,44,add_to_cart,2025-01-15T05:16:00
305,44,purchase,2025-01-15T05:18:00
305,64,search,2025-01-17T18:41:00
305,64,view,2025-01-17T18:44:00
305,64,click,2025-01-17T18:48:00
305,64,add_to_cart,2025-01-17T18:49:00
305,64,remove_cart,2025-01-17T18:51:00
305,55,view,2025-01-17T18:53:00
305,55,click,2025-01-17T18:55:00
305,120,search,2025-01-19T21:08:00
305,120,view,2025-01-19T21:10:00
305,120,click,2025-01-19T21:13:00
305,120,add_to_cart,2025-01-19T21:16:00
305,120,purchase,2025-01-19T21:17:00
305,124,view,2025-01-19T21:28:00
305,181,search,2025-01-21T02:13:00
305,181,view,2025-01-21T02:15:00
305,196,view,2025-01-21T02:16:00
305,196,click,2025-01-21T02:18:00
305,195,review,2025-01-21T18:49:00
305,120,review,2025-01-24T21:28:00
305,64,review,2025-01-25T05:10:00
305,44,review,2025-01-29T05:30:00
306,79,search,2025-01-10T22:41:00
306,79,view,2025-01-10T22:43:00
306,79,add_to_cart,2025-01-10T22:44:00
306,79,purchase,2025-01-10T22:45:00
306,82,view,2025-01-10T22:48:00
306,82,click,2025-01-10T22:50:00
306,82,add_to_cart,2025-01-10T22:53:00
306,82,purchase,2025-01-10T22:54:00
306,76,view,2025-01-10T23:03:00
306,76,click,2025-01-10T23:06:00
306,76,add_to_cart,2025-01-10T23:09:00
306,76,purchase,2025-01-10T23:11:00
306,82,review,2025-01-12T23:03:00
306,124,view,2025-01-13T13:14:00
306,124,click,2025-01-13T13:17:00
306,124,add_to_cart,2025-01-13T13:19:00
306,124,purchase,2025-01-13T13:20:00
306,131,view,2025-01-13T13:22:00
306,131,click,2025-01-13T13:26:00
306,122,view,2025-01-13T13:28:00
306,122,click,2025-01-13T13:31:00
306,124,search,2025-01-15T23:41:00
306,124,view,2025-01-15T23:43:00
306,124,add_to_cart,2025-01-15T23:47:00
306,124,purchase,2025-01-15T23:48:00
306,116,view,2025-01-15T23:56:00
306,116,click,2025-01-15T23:57:00
306,116,add_to_cart,2025-01-16T00:00:00
306,116,remove_cart,2025-01-16T00:01:00
306,115,search,2025-01-18T08:34:00
306,115,view,2025-01-18T08:36:00
306,115,click,2025-01-18T08:37:00
306,115,add_to_cart,2025-01-18T08:39:00
306,115,remove_cart,2025-01-18T08:41:00
306,113,view,2025-01-18T08:42:00
306,113,click,2025-01-18T08:45:00
306,113,add_to_cart,2025-01-18T08:47:00
306,113,purchase,2025-01-18T08:48:00
306,119,view,2025-01-18T08:58:00
306,119,click,2025-01-18T09:02:00
306,119,add_to_cart,2025-01-18T09:03:00
306,119,remove_cart,2025-01-18T09:05:00
306,111,search,2025-01-20T00:31:00
306,111,view,2025-01-20T00:34:00
306,111,click,2025-01-20T00:35:00
306,111,add_to_cart,2025-01-20T00:37:00
306,111,purchase,2025-01-20T00:38:00
306,87,search,2025-01-22T03:08:00
306,87,view,2025-01-22T03:09:00
306,87,click,2025-01-22T03:12:00
306,81,view,2025-01-22T03:13:00
306,81,click,2025-01-22T03:17:00
306,80,view,2025-01-22T03:20:00
306,80,click,2025-01-22T03:24:00
306,80,add_to_cart,2025-01-22T03:25:00
306,80,remove_cart,2025-01-22T03:26:00
306,75,search,2025-01-24T22:04:00
306,75,view,2025-01-24T22:07:00
306,75,click,2025-01-24T22:09:00
306,81,view,2025-01-24T22:10:00
306,80,view,2025-01-24T22:14:00
306,80,add_to_cart,2025-01-24T22:18:00
306,80,purchase,2025-01-24T22:20:00
306,124,review,2025-01-25T23:56:00
306,113,review,2025-02-01T08:58:00
306,111,review,2025-02-03T00:41:00
307,146,view,2025-01-10T19:31:00
307,146,click,2025-01-10T19:34:00
307,134,view,2025-01-10T19:35:00
307,134,click,2025-01-10T19:37:00
307,142,view,2025-01-10T19:38:00
307,142,click,2025-01-10T19:39:00
307,142,add_to_cart,2025-01-10T19:41:00
307,142,purchase,2025-01-10T19:42:00
307,78,search,2025-01-13T20:30:00
307,78,view,2025-01-13T20:31:00
307,78,click,2025-01-13T20:33:00
307,75,view,2025-01-13T20:35:00
307,75,click,2025-01-13T20:36:00
307,153,view,2025-01-14T15:02:00
307,153,click,2025-01-14T15:06:00
307,69,view,2025-01-17T11:49:00
307,69,click,2025-01-17T11:50:00
307,142,review,2025-01-19T19:52:00
307,144,view,2025-01-20T03:30:00
307,144,click,2025-01-20T03:31:00
307,10,view,2025-01-21T07:36:00
307,10,click,2025-01-21T07:37:00
307,20,view,2025-01-21T07:40:00
308,195,view,2025-01-10T18:32:00
308,195,add_to_cart,2025-01-10T18:36:00
308,195,purchase,2025-01-10T18:38:00
308,177,view,2025-01-10T18:48:00
308,177,click,2025-01-10T18:51:00
308,177,add_to_cart,2025-01-10T18:52:00
308,177,purchase,2025-01-10T18:54:00
308,176,view,2025-01-10T19:02:00
308,176,click,2025-01-10T19:06:00
308,176,add_to_cart,2025-01-10T19:09:00
308,176,purchase,2025-01-10T19:10:00
308,176,review,2025-01-11T19:19:00
308,192,search,2025-01-12T18:28:00
308,192,view,2025-01-12T18:31:00
308,192,click,2025-01-12T18:32:00
308,199,view,2025-01-12T18:35:00
308,199,click,2025-01-12T18:38:00
308,199,add_to_cart,2025-01-12T18:39:00
308,199,remove_cart,2025-01-12T18:40:00
308,187,view,2025-01-12T18:41:00
308,187,click,2025-01-12T18:43:00
308,90,search,2025-01-14T05:21:00
308,90,view,2025-01-14T05:23:00
308,90,click,2025-01-14T05:25:00
308,90,add_to_cart,2025-01-14T05:28:00
308,90,purchase,2025-01-14T05:30:00
308,102,view,2025-01-14T05:39:00
308,102,click,2025-01-14T05:40:00
308,182,search,2025-01-14T22:21:00
308,182,view,2025-01-14T22:22:00
308,182,click,2025-01-14T22:23:00
308,182,add_to_cart,2025-01-14T22:25:00
308,182,purchase,2025-01-14T22:27:00
308,181,view,2025-01-14T22:31:00
308,187,view,2025-01-14T22:35:00
308,187,click,2025-01-14T22:39:00
308,101,search,2025-01-16T18:52:00
308,101,view,2025-01-16T18:55:00
308,101,click,2025-01-16T18:58:00
308,101,add_to_cart,2025-01-16T19:00:00
308,101,purchase,2025-01-16T19:02:00
308,91,search,2025-01-17T14:26:00
308,91,view,2025-01-17T14:28:00
308,91,click,2025-01-17T14:32:00
308,177,review,2025-01-18T19:02:00
308,91,view,2025-01-19T18:08:00
308,94,view,2025-01-19T18:11:00
308,94,click,2025-01-19T18:13:00
308,195,review,2025-01-24T18:48:00
308,90,review,2025-01-25T05:39:00
308,101,review,2025-01-25T19:06:00
309,11,search,2025-01-09T06:20:00
309,11,view,2025-01-09T06:23:00
309,11,click,2025-01-09T06:25:00
309,11,add_to_cart,2025-01-09T06:26:00
309,11,remove_cart,2025-01-09T06:27:00
309,6,view,2025-01-09T06:28:00
309,6,click,2025-01-09T06:31:00
309,79,search,2025-01-11T05:33:00
309,79,view,2025-01-11T05:34:00
309,79,click,2025-01-11T05:37:00
309,71,view,2025-01-11T05:39:00
309,71,click,2025-01-11T05:42:00
309,71,view,2025-01-11T20:15:00
309,71,click,2025-01-11T20:17:00
309,71,add_to_cart,2025-01-11T20:18:00
309,71,purchase,2025-01-11T20:20:00
309,85,view,2025-01-11T20:24:00
309,85,click,2025-01-11T20:28:00
309,75,view,2025-01-11T20:30:00
309,75,click,2025-01-11T20:32:00
309,72,search,2025-01-13T17:37:00
309,72,view,2025-01-13T17:40:00
309,72,click,2025-01-13T17:42:00
309,72,add_to_cart,2025-01-13T17:43:00
309,72,purchase,2025-01-13T17:44:00
309,78,view,2025-01-13T17:56:00
309,78,click,2025-01-13T18:00:00
309,78,add_to_cart,2025-01-13T18:01:00
309,78,remove_cart,2025-01-13T18:03:00
309,66,view,2025-01-13T18:04:00
309,66,click,2025-01-13T18:08:00
309,15,view,2025-01-16T17:30:00
309,15,click,2025-01-16T17:34:00
309,15,add_to_cart,2025-01-16T17:36:00
309,15,purchase,2025-01-16T17:38:00
309,16,view,2025-01-16T17:49:00
309,82,view,2025-01-17T17:24:00
309,82,click,2025-01-17T17:25:00
309,82,add_to_cart,2025-01-17T17:28:00
309,82,purchase,2025-01-17T17:29:00
309,15,review,2025-01-17T17:49:00
309,77,search,2025-01-20T06:21:00
309,77,view,2025-01-20T06:23:00
309,77,click,2025-01-20T06:26:00
309,77,add_to_cart,2025-01-20T06:28:00
309,77,purchase,2025-01-20T06:30:00
309,72,view,2025-01-20T06:34:00
309,72,click,2025-01-20T06:36:00
309,72,add_to_cart,2025-01-20T06:39:00
309,72,purchase,2025-01-20T06:41:00
309,72,review,2025-01-20T17:56:00
309,82,review,2025-01-31T17:40:00
310,45,view,2025-01-05T20:56:00
310,45,add_to_cart,2025-01-05T20:57:00
310,45,purchase,2025-01-05T20:58:00
310,60,view,2025-01-05T21:04:00
310,60,click,2025-01-05T21:08:00
310,60,add_to_cart,2025-01-05T21:11:00
310,60,purchase,2025-01-05T21:12:00
310,45,review,2025-01-06T21:04:00
310,13,search,2025-01-08T05:26:00
310,13,view,2025-01-08T05:28:00
310,13,click,2025-01-08T05:32:00
310,1,view,2025-01-08T05:33:00
310,1,click,2025-01-08T05:35:00
310,10,view,2025-01-08T05:36:00
310,10,click,2025-01-08T05:39:00
310,6,search,2025-01-10T09:43:00
310,6,view,2025-01-10T09:45:00
310,6,click,2025-01-10T09:48:00
310,6,add_to_cart,2025-01-10T09:49:00
310,6,purchase,2025-01-10T09:50:00
310,11,view,2025-01-10T10:00:00
310,11,click,2025-01-10T10:04:00
310,11,add_to_cart,2025-01-10T10:07:00
310,11,purchase,2025-01-10T10:08:00
310,65,search,2025-01-11T23:15:00
310,65,view,2025-01-11T23:17:00
310,65,click,2025-01-11T23:18:00
310,10,search,2025-01-14T15:13:00
310,10,view,2025-01-14T15:14:00
310,10,click,2025-01-14T15:16:00
310,9,view,2025-01-14T15:19:00
310,9,add_to_cart,2025-01-14T15:23:00
310,9,purchase,2025-01-14T15:24:00
310,7,view,2025-01-14T15:27:00
310,7,click,2025-01-14T15:28:00
310,7,add_to_cart,2025-01-14T15:31:00
310,7,remove_cart,2025-01-14T15:33:00
310,60,review,2025-01-15T21:15:00
310,2,view,2025-01-17T05:12:00
310,2,click,2025-01-17T05:16:00
310,135,search,2025-01-19T04:25:00
310,135,view,2025-01-19T04:26:00
310,135,click,2025-01-19T04:27:00
310,151,view,2025-01-19T22:15:00
310,151,click,2025-01-19T22:17:00
310,146,search,2025-01-20T10:31:00
310,146,view,2025-01-20T10:34:00
310,146,click,2025-01-20T10:36:00
310,141,view,2025-01-20T10:37:00
310,141,click,2025-01-20T10:38:00
310,141,add_to_cart,2025-01-20T10:39:00
310,141,purchase,2025-01-20T10:40:00
310,144,view,2025-01-20T10:49:00
310,1,search,2025-01-22T01:03:00
310,1,view,2025-01-22T01:05:00
310,1,click,2025-01-22T01:06:00
311,61,search,2025-01-08T15:14:00
311,61,view,2025-01-08T15:15:00
311,153,search,2025-01-09T07:30:00
311,153,view,2025-01-09T07:33:00
311,153,click,2025-01-09T07:35:00
311,137,view,2025-01-09T07:38:00
311,137,click,2025-01-09T07:39:00
311,142,view,2025-01-09T07:41:00
311,142,click,2025-01-09T07:43:00
311,20,search,2025-01-10T14:46:00
311,20,view,2025-01-10T14:48:00
311,20,click,2025-01-10T14:52:00
311,44,view,2025-01-12T10:02:00
311,44,click,2025-01-12T10:04:00
311,44,add_to_cart,2025-01-12T10:07:00
311,44,purchase,2025-01-12T10:08:00
311,57,view,2025-01-12T10:19:00
311,57,click,2025-01-12T10:20:00
311,139,search,2025-01-13T11:44:00
311,139,view,2025-01-13T11:46:00
311,139,click,2025-01-13T11:48:00
311,61,search,2025-01-14T23:57:00
311,61,view,2025-01-14T23:58:00
311,61,click,2025-01-15T00:01:00
311,51,view,2025-01-15T00:04:00
311,51,click,2025-01-15T00:05:00
311,51,add_to_cart,2025-01-15T00:08:00
311,51,purchase,2025-01-15T00:10:00
311,10,search,2025-01-15T12:42:00
311,10,view,2025-01-15T12:45:00
311,10,click,2025-01-15T12:47:00
311,139,view,2025-01-16T04:04:00
311,139,click,2025-01-16T04:06:00
311,150,view,2025-01-16T04:09:00
311,150,click,2025-01-16T04:12:00
311,150,add_to_cart,2025-01-16T04:13:00
311,150,purchase,2025-01-16T04:14:00
311,52,search,2025-01-17T02:07:00
311,52,view,2025-01-17T02:09:00
311,52,click,2025-01-17T02:10:00
311,52,add_to_cart,2025-01-17T02:12:00
311,52,purchase,2025-01-17T02:13:00
311,46,view,2025-01-17T02:19:00
311,46,click,2025-01-17T02:20:00
311,55,view,2025-01-17T02:22:00
311,55,add_to_cart,2025-01-17T02:25:00
311,55,purchase,2025-01-17T02:27:00
311,150,review,2025-01-17T04:24:00
311,59,search,2025-01-17T21:21:00
311,59,view,2025-01-17T21:24:00
311,59,click,2025-01-17T21:25:00
311,59,add_to_cart,2025-01-17T21:26:00
311,59,purchase,2025-01-17T21:28:00
311,52,review,2025-01-18T02:19:00
312,81,search,2025-01-11T19:22:00
312,81,view,2025-01-11T19:24:00
312,190,view,2025-01-13T23:47:00
312,190,click,2025-01-13T23:50:00
312,191,view,2025-01-13T23:52:00
312,191,click,2025-01-13T23:54:00
312,20,search,2025-01-16T07:24:00
312,20,view,2025-01-16T07:27:00
312,20,click,2025-01-16T07:31:00
312,20,add_to_cart,2025-01-16T07:32:00
312,20,purchase,2025-01-16T07:33:00
312,183,search,2025-01-17T20:33:00
312,183,view,2025-01-17T20:34:00
312,183,click,2025-01-17T20:37:00
312,183,add_to_cart,2025-01-17T20:39:00
312,183,purchase,2025-01-17T20:41:00
312,11,search,2025-01-18T13:45:00
312,11,view,2025-01-18T13:48:00
312,11,click,2025-01-18T13:51:00
312,7,view,2025-01-18T13:54:00
312,7,click,2025-01-18T13:55:00
312,19,view,2025-01-20T08:10:00
312,19,add_to_cart,2025-01-20T08:14:00
312,19,purchase,2025-01-20T08:16:00
312,12,view,2025-01-20T08:27:00
312,12,click,2025-01-20T08:28:00
312,12,add_to_cart,2025-01-20T08:31:00
312,12,purchase,2025-01-20T08:32:00
312,10,view,2025-01-20T08:34:00
312,10,click,2025-01-20T08:35:00
312,19,review,2025-01-27T08:27:00
312,183,review,2025-01-27T20:50:00
313,15,search,2025-01-11T12:07:00
313,15,view,2025-01-11T12:09:00
313,15,click,2025-01-11T12:10:00
313,15,add_to_cart,2025-01-11T12:12:00
313,15,purchase,2025-01-11T12:14:00
313,162,search,2025-01-13T23:24:00
313,162,view,2025-01-13T23:25:00
313,162,click,2025-01-13T23:27:00
313,162,add_to_cart,2025-01-13T23:30:00
313,162,purchase,2025-01-13T23:31:00
313,161,search,2025-01-16T02:39:00
313,161,view,2025-01-16T02:42:00
313,161,click,2025-01-16T02:45:00
313,161,add_to_cart,2025-01-16T02:48:00
313,161,purchase,2025-01-16T02:49:00
313,168,view,2025-01-16T02:54:00
313,168,click,2025-01-16T02:58:00
313,168,add_to_cart,2025-01-16T02:59:00
313,168,purchase,2025-01-16T03:00:00
313,4,view,2025-01-18T18:11:00
313,4,click,2025-01-18T18:15:00
313,5,view,2025-01-18T18:17:00
313,5,click,2025-01-18T18:21:00
313,6,search,2025-01-21T15:26:00
313,6,view,2025-01-21T15:28:00
313,6,click,2025-01-21T15:29:00
313,11,view,2025-01-21T15:30:00
313,11,click,2025-01-21T15:33:00
313,168,search,2025-01-24T12:13:00
313,168,view,2025-01-24T12:14:00
313,168,click,2025-01-24T12:18:00
313,154,view,2025-01-24T12:19:00
313,154,click,2025-01-24T12:22:00
313,154,add_to_cart,2025-01-24T12:23:00
313,154,purchase,2025-01-24T12:24:00
313,171,search,2025-01-27T06:07:00
313,171,view,2025-01-27T06:08:00
313,171,click,2025-01-27T06:09:00
313,167,view,2025-01-27T06:10:00
313,167,click,2025-01-27T06:12:00
313,164,view,2025-01-27T06:13:00
313,164,click,2025-01-27T06:16:00
313,154,review,2025-01-28T12:31:00
314,141,search,2025-01-04T08:27:00
314,141,view,2025-01-04T08:29:00
314,141,click,2025-01-04T08:33:00
314,132,view,2025-01-04T08:36:00
314,132,click,2025-01-04T08:37:00
314,132,add_to_cart,2025-01-04T08:40:00
314,132,purchase,2025-01-04T08:41:00
314,135,view,2025-01-04T08:50:00
314,135,click,2025-01-04T08:54:00
314,77,search,2025-01-04T22:50:00
314,77,view,2025-01-04T22:51:00
314,77,click,2025-01-04T22:54:00
314,74,view,2025-01-04T22:56:00
314,74,click,2025-01-04T23:00:00
314,74,add_to_cart,2025-01-04T23:03:00
314,74,purchase,2025-01-04T23:04:00
314,81,search,2025-01-07T01:36:00
314,81,view,2025-01-07T01:38:00
314,81,click,2025-01-07T01:40:00
314,79,view,2025-01-07T01:41:00
314,79,click,2025-01-07T01:43:00
314,79,add_to_cart,2025-01-07T01:45:00
314,79,purchase,2025-01-07T01:47:00
314,21,view,2025-01-09T02:38:00
314,21,click,2025-01-09T02:41:00
314,20,view,2025-01-09T02:43:00
314,20,add_to_cart,2025-01-09T02:44:00
314,20,purchase,2025-01-09T02:45:00
314,3,view,2025-01-09T02:47:00
314,3,click,2025-01-09T02:51:00
314,3,add_to_cart,2025-01-09T02:52:00
314,3,purchase,2025-01-09T02:54:00
314,133,search,2025-01-11T18:50:00
314,133,view,2025-01-11T18:53:00
314,133,click,2025-01-11T18:54:00
314,133,add_to_cart,2025-01-11T18:55:00
314,133,remove_cart,2025-01-11T18:57:00
314,143,view,2025-01-11T18:58:00
314,143,click,2025-01-11T19:02:00
314,143,add_to_cart,2025-01-11T19:04:00
314,143,purchase,2025-01-11T19:05:00
314,9,search,2025-01-12T11:27:00
314,9,view,2025-01-12T11:30:00
314,9,click,2025-01-12T11:34:00
314,7,view,2025-01-12T11:36:00
314,7,click,2025-01-12T11:38:00
314,7,add_to_cart,2025-01-12T11:39:00
314,7,purchase,2025-01-12T11:41:00
314,10,view,2025-01-12T11:45:00
314,10,click,2025-01-12T11:48:00
314,12,view,2025-01-13T17:42:00
314,12,click,2025-01-13T17:45:00
314,10,view,2025-01-13T17:47:00
314,4,view,2025-01-13T17:51:00
314,4,click,2025-01-13T17:52:00
314,143,review,2025-01-15T19:15:00
314,7,review,2025-01-16T11:45:00
314,74,review,2025-01-17T23:16:00
314,3,review,2025-01-20T03:04:00
315,43,search,2025-01-07T12:56:00
315,43,view,2025-01-07T12:57:00
315,43,click,2025-01-07T12:59:00
315,60,view,2025-01-07T13:01:00
315,60,click,2025-01-07T13:04:00
315,63,view,2025-01-07T13:07:00
315,63,click,2025-01-07T13:08:00
315,63,add_to_cart,2025-01-07T13:10:00
315,63,purchase,2025-01-07T13:11:00
315,85,search,2025-01-08T09:35:00
315,85,view,2025-01-08T09:37:00
315,85,click,2025-01-08T09:39:00
315,85,add_to_cart,2025-01-08T09:40:00
315,85,remove_cart,2025-01-08T09:42:00
315,67,view,2025-01-08T09:44:00
315,87,view,2025-01-08T09:45:00
315,87,click,2025-01-08T09:49:00
315,128,search,2025-01-10T17:56:00
315,128,view,2025-01-10T17:57:00
315,116,view,2025-01-10T18:01:00
315,116,click,2025-01-10T18:03:00
315,116,add_to_cart,2025-01-10T18:04:00
315,116,purchase,2025-01-10T18:05:00
315,73,search,2025-01-11T13:48:00
315,73,view,2025-01-11T13:50:00
315,73,click,2025-01-11T13:54:00
315,73,add_to_cart,2025-01-11T13:57:00
315,73,remove_cart,2025-01-11T13:59:00
315,74,view,2025-01-11T14:01:00
315,74,click,2025-01-11T14:02:00
315,84,view,2025-01-11T14:03:00
315,84,click,2025-01-11T14:07:00
315,84,add_to_cart,2025-01-11T14:10:00
315,84,purchase,2025-01-11T14:12:00
315,84,review,2025-01-13T14:22:00
315,49,search,2025-01-13T15:33:00
315,49,view,2025-01-13T15:36:00
315,49,click,2025-01-13T15:38:00
315,49,add_to_cart,2025-01-13T15:39:00
315,49,purchase,2025-01-13T15:41:00
315,64,view,2025-01-13T15:49:00
315,64,click,2025-01-13T15:51:00
315,57,search,2025-01-14T13:24:00
315,57,view,2025-01-14T13:27:00
315,57,click,2025-01-14T13:28:00
315,55,view,2025-01-14T13:30:00
315,55,click,2025-01-14T13:33:00
315,55,add_to_cart,2025-01-14T13:34:00
315,55,remove_cart,2025-01-14T13:35:00
315,43,view,2025-01-14T13:36:00
315,43,click,2025-01-14T13:40:00
315,43,add_to_cart,2025-01-14T13:41:00
315,43,purchase,2025-01-14T13:42:00
315,86,view,2025-01-15T16:42:00
315,84,view,2025-01-15T16:44:00
315,84,click,2025-01-15T16:48:00
315,84,add_to_cart,2025-01-15T16:51:00
315,84,purchase,2025-01-15T16:53:00
315,49,review,2025-01-17T15:49:00
315,43,review,2025-01-25T13:54:00
316,67,search,2025-01-08T12:10:00
316,67,view,2025-01-08T12:13:00
316,67,click,2025-01-08T12:17:00
316,67,add_to_cart,2025-01-08T12:20:00
316,67,purchase,2025-01-08T12:22:00
316,67,search,2025-01-11T05:18:00
316,67,view,2025-01-11T05:21:00
316,67,click,2025-01-11T05:22:00
316,67,add_to_cart,2025-01-11T05:25:00
316,67,remove_cart,2025-01-11T05:27:00
316,134,search,2025-01-14T01:28:00
316,134,view,2025-01-14T01:30:00
316,136,view,2025-01-14T01:31:00
316,136,click,2025-01-14T01:33:00
316,136,add_to_cart,2025-01-14T01:36:00
316,136,remove_cart,2025-01-14T01:38:00
316,149,view,2025-01-14T01:40:00
316,149,click,2025-01-14T01:43:00
316,149,add_to_cart,2025-01-14T01:45:00
316,149,purchase,2025-01-14T01:47:00
316,149,review,2025-01-16T01:57:00
316,136,search,2025-01-16T17:25:00
316,136,view,2025-01-16T17:27:00
316,136,click,2025-01-16T17:28:00
316,98,search,2025-01-19T02:44:00
316,98,view,2025-01-19T02:47:00
316,98,click,2025-01-19T02:48:00
316,98,add_to_cart,2025-01-19T02:50:00
316,98,purchase,2025-01-19T02:52:00
316,108,view,2025-01-19T02:58:00
316,108,click,2025-01-19T03:02:00
316,108,add_to_cart,2025-01-19T03:05:00
316,108,purchase,2025-01-19T03:06:00
316,90,view,2025-01-19T03:13:00
316,90,click,2025-01-19T03:16:00
316,108,review,2025-01-21T03:13:00
316,147,search,2025-01-21T03:26:00
316,147,view,2025-01-21T03:28:00
316,147,click,2025-01-21T03:31:00
316,147,add_to_cart,2025-01-21T03:33:00
316,147,purchase,2025-01-21T03:34:00
316,148,view,2025-01-21T03:40:00
316,148,click,2025-01-21T03:42:00
316,143,view,2025-01-21T03:45:00
316,143,click,2025-01-21T03:49:00
316,143,add_to_cart,2025-01-21T03:50:00
316,143,remove_cart,2025-01-21T03:52:00
316,152,view,2025-01-22T01:01:00
316,152,click,2025-01-22T01:03:00
316,133,view,2025-01-22T01:06:00
316,147,review,2025-01-31T03:40:00
317,19,search,2025-01-10T06:00:00
317,19,view,2025-01-10T06:03:00
317,19,click,2025-01-10T06:04:00
317,19,add_to_cart,2025-01-10T06:06:00
317,19,purchase,2025-01-10T06:07:00
317,166,search,2025-01-10T18:50:00
317,166,view,2025-01-10T18:51:00
317,166,add_to_cart,2025-01-10T18:55:00
317,166,purchase,2025-01-10T18:57:00
317,164,view,2025-01-10T19:07:00
317,164,click,2025-01-10T19:09:00
317,164,add_to_cart,2025-01-10T19:10:00
317,164,remove_cart,2025-01-10T19:12:00
317,157,view,2025-01-10T19:14:00
317,157,click,2025-01-10T19:17:00
317,157,add_to_cart,2025-01-10T19:18:00
317,157,remove_cart,2025-01-10T19:19:00
317,77,search,2025-01-12T13:40:00
317,77,view,2025-01-12T13:41:00
317,77,click,2025-01-12T13:43:00
317,76,view,2025-01-12T13:44:00
317,76,click,2025-01-12T13:48:00
317,76,search,2025-01-13T22:19:00
317,76,view,2025-01-13T22:22:00
317,76,click,2025-01-13T22:25:00
317,76,add_to_cart,2025-01-13T22:28:00
317,76,purchase,2025-01-13T22:29:00
317,68,search,2025-01-14T22:42:00
317,68,view,2025-01-14T22:44:00
317,68,click,2025-01-14T22:45:00
317,68,add_to_cart,2025-01-14T22:46:00
317,68,purchase,2025-01-14T22:48:00
317,87,view,2025-01-14T22:57:00
317,87,click,2025-01-14T22:58:00
317,87,add_to_cart,2025-01-14T23:00:00
317,87,purchase,2025-01-14T23:02:00
317,76,view,2025-01-14T23:11:00
317,76,click,2025-01-14T23:14:00
317,76,add_to_cart,2025-01-14T23:15:00
317,76,purchase,2025-01-14T23:16:00
317,17,view,2025-01-16T21:30:00
317,17,click,2025-01-16T21:33:00
317,166,view,2025-01-18T20:21:00
317,166,click,2025-01-18T20:22:00
317,155,view,2025-01-18T20:24:00
317,155,click,2025-01-18T20:25:00
317,8,search,2025-01-20T17:55:00
317,8,view,2025-01-20T17:56:00
317,8,click,2025-01-20T17:58:00
317,8,add_to_cart,2025-01-20T18:00:00
317,8,purchase,2025-01-20T18:01:00
317,10,view,2025-01-20T18:12:00
317,10,click,2025-01-20T18:14:00
317,10,add_to_cart,2025-01-20T18:17:00
317,10,purchase,2025-01-20T18:18:00
317,87,review,2025-01-20T23:11:00
317,76,review,2025-01-20T23:20:00
317,10,review,2025-01-22T18:24:00
317,156,search,2025-01-23T08:36:00
317,156,view,2025-01-23T08:39:00
317,156,click,2025-01-23T08:42:00
317,8,review,2025-01-23T18:12:00
317,166,review,2025-01-23T19:07:00
318,200,view,2025-01-05T02:08:00
318,200,click,2025-01-05T02:09:00
318,193,view,2025-01-05T02:10:00
318,193,click,2025-01-05T02:13:00
318,178,view,2025-01-06T13:22:00
318,178,click,2025-01-06T13:23:00
318,178,add_to_cart,2025-01-06T13:24:00
318,178,purchase,2025-01-06T13:26:00
318,196,view,2025-01-06T13:34:00
318,196,click,2025-01-06T13:37:00
318,197,view,2025-01-06T13:40:00
318,197,click,2025-01-06T13:42:00
318,188,search,2025-01-08T06:50:00
318,188,view,2025-01-08T06:52:00
318,188,click,2025-01-08T06:55:00
318,191,view,2025-01-08T06:57:00
318,191,click,2025-01-08T06:58:00
318,182,view,2025-01-08T06:59:00
318,182,click,2025-01-08T07:02:00
318,182,add_to_cart,2025-01-08T07:05:00
318,182,purchase,2025-01-08T07:06:00
318,182,search,2025-01-11T07:04:00
318,182,view,2025-01-11T07:06:00
318,182,click,2025-01-11T07:10:00
318,193,view,2025-01-11T07:12:00
318,193,click,2025-01-11T07:14:00
318,79,search,2025-01-13T08:41:00
318,79,view,2025-01-13T08:42:00
318,79,click,2025-01-13T08:46:00
318,82,view,2025-01-13T08:47:00
318,82,add_to_cart,2025-01-13T08:48:00
318,82,purchase,2025-01-13T08:49:00
318,85,view,2025-01-13T08:51:00
318,85,click,2025-01-13T08:54:00
318,85,add_to_cart,2025-01-13T08:57:00
318,85,purchase,2025-01-13T08:59:00
318,85,review,2025-01-14T09:05:00
318,187,search,2025-01-14T16:22:00
318,187,view,2025-01-14T16:23:00
318,187,click,2025-01-14T16:27:00
318,187,add_to_cart,2025-01-14T16:28:00
318,187,purchase,2025-01-14T16:30:00
318,190,view,2025-01-16T00:47:00
318,190,click,2025-01-16T00:49:00
318,190,add_to_cart,2025-01-16T00:51:00
318,190,remove_cart,2025-01-16T00:52:00
318,73,search,2025-01-17T09:19:00
318,73,view,2025-01-17T09:22:00
318,73,click,2025-01-17T09:23:00
318,187,review,2025-01-22T16:42:00
319,77,search,2025-01-06T23:12:00
319,77,view,2025-01-06T23:15:00
319,77,click,2025-01-06T23:17:00
319,66,view,2025-01-06T23:20:00
319,66,click,2025-01-06T23:23:00
319,163,search,2025-01-09T15:40:00
319,163,view,2025-01-09T15:42:00
319,163,click,2025-01-09T15:46:00
319,163,add_to_cart,2025-01-09T15:48:00
319,163,purchase,2025-01-09T15:50:00
319,175,view,2025-01-09T16:00:00
319,175,click,2025-01-09T16:02:00
319,175,add_to_cart,2025-01-09T16:05:00
319,175,remove_cart,2025-01-09T16:06:00
319,166,view,2025-01-09T16:07:00
319,166,click,2025-01-09T16:09:00
319,166,add_to_cart,2025-01-09T16:11:00
319,166,purchase,2025-01-09T16:13:00
319,172,view,2025-01-11T08:25:00
319,172,click,2025-01-11T08:27:00
319,169,view,2025-01-11T08:29:00
319,169,click,2025-01-11T08:31:00
319,158,search,2025-01-12T03:15:00
319,158,view,2025-01-12T03:16:00
319,115,search,2025-01-13T07:14:00
319,115,view,2025-01-13T07:17:00
319,115,click,2025-01-13T07:19:00
319,126,view,2025-01-13T07:20:00
319,126,click,2025-01-13T07:22:00
319,126,add_to_cart,2025-01-13T07:24:00
319,126,purchase,2025-01-13T07:26:00
319,129,view,2025-01-13T07:32:00
319,129,click,2025-01-13T07:36:00
319,129,add_to_cart,2025-01-13T07:39:00
319,129,remove_cart,2025-01-13T07:40:00
319,72,view,2025-01-14T07:46:00
319,72,click,2025-01-14T07:49:00
319,72,add_to_cart,2025-01-14T07:51:00
319,72,purchase,2025-01-14T07:53:00
319,163,review,2025-01-16T16:00:00
319,166,review,2025-01-16T16:24:00
320,102,search,2025-01-10T07:33:00
320,102,view,2025-01-10T07:34:00
320,102,click,2025-01-10T07:36:00
320,94,search,2025-01-11T23:32:00
320,94,view,2025-01-11T23:33:00
320,94,click,2025-01-11T23:34:00
320,94,add_to_cart,2025-01-11T23:36:00
320,94,purchase,2025-01-11T23:38:00
320,95,view,2025-01-11T23:46:00
320,98,view,2025-01-11T23:48:00
320,98,click,2025-01-11T23:51:00
320,98,add_to_cart,2025-01-11T23:53:00
320,98,remove_cart,2025-01-11T23:54:00
320,174,search,2025-01-14T06:07:00
320,174,view,2025-01-14T06:09:00
320,174,click,2025-01-14T06:11:00
320,169,view,2025-01-14T06:14:00
320,169,click,2025-01-14T06:17:00
320,169,add_to_cart,2025-01-14T06:19:00
320,169,remove_cart,2025-01-14T06:20:00
320,161,view,2025-01-14T06:21:00
320,161,click,2025-01-14T06:23:00
320,161,add_to_cart,2025-01-14T06:26:00
320,161,purchase,2025-01-14T06:28:00
320,90,view,2025-01-17T02:10:00
320,90,click,2025-01-17T02:12:00
320,161,review,2025-01-19T06:32:00
320,175,view,2025-01-19T18:36:00
320,160,view,2025-01-19T18:39:00
320,160,click,2025-01-19T18:41:00
320,127,search,2025-01-22T01:39:00
320,127,view,2025-01-22T01:42:00
320,127,click,2025-01-22T01:43:00
320,127,add_to_cart,2025-01-22T01:46:00
320,127,purchase,2025-01-22T01:47:00
320,112,search,2025-01-24T13:45:00
320,112,view,2025-01-24T13:46:00
320,112,click,2025-01-24T13:50:00
320,112,add_to_cart,2025-01-24T13:53:00
320,112,remove_cart,2025-01-24T13:55:00
320,117,view,2025-01-24T13:56:00
320,117,click,2025-01-24T13:59:00
320,123,search,2025-01-25T06:09:00
320,123,view,2025-01-25T06:12:00
320,123,click,2025-01-25T06:13:00
320,123,add_to_cart,2025-01-25T06:16:00
320,123,purchase,2025-01-25T06:17:00
320,121,view,2025-01-25T06:24:00
320,121,click,2025-01-25T06:28:00
320,121,add_to_cart,2025-01-25T06:30:00
320,121,purchase,2025-01-25T06:31:00
320,94,review,2025-01-25T23:46:00
320,127,review,2025-02-03T01:57:00
320,121,review,2025-02-03T06:36:00
321,136,search,2025-01-04T07:44:00
321,136,view,2025-01-04T07:47:00
321,136,click,2025-01-04T07:48:00
321,149,view,2025-01-04T07:49:00
321,149,click,2025-01-04T07:51:00
321,105,view,2025-01-05T10:53:00
321,105,click,2025-01-05T10:56:00
321,105,add_to_cart,2025-01-05T10:59:00
321,105,remove_cart,2025-01-05T11:00:00
321,103,view,2025-01-05T11:02:00
321,92,search,2025-01-08T08:25:00
321,92,view,2025-01-08T08:28:00
321,92,click,2025-01-08T08:31:00
321,88,view,2025-01-08T08:34:00
321,88,add_to_cart,2025-01-08T08:36:00
321,88,purchase,2025-01-08T08:38:00
321,139,search,2025-01-10T22:03:00
321,139,view,2025-01-10T22:04:00
321,139,click,2025-01-10T22:07:00
321,151,view,2025-01-10T22:10:00
321,151,click,2025-01-10T22:13:00
321,151,add_to_cart,2025-01-10T22:16:00
321,151,purchase,2025-01-10T22:17:00
321,150,view,2025-01-10T22:27:00
321,150,click,2025-01-10T22:28:00
321,150,add_to_cart,2025-01-10T22:31:00
321,150,purchase,2025-01-10T22:32:00
321,43,search,2025-01-13T06:36:00
321,43,view,2025-01-13T06:39:00
321,43,click,2025-01-13T06:43:00
321,52,search,2025-01-15T15:32:00
321,52,view,2025-01-15T15:34:00
321,52,click,2025-01-15T15:37:00
321,52,add_to_cart,2025-01-15T15:39:00
321,52,purchase,2025-01-15T15:41:00
321,55,view,2025-01-15T15:49:00
321,63,view,2025-01-15T15:50:00
321,63,click,2025-01-15T15:54:00
321,54,search,2025-01-17T08:49:00
321,54,view,2025-01-17T08:52:00
321,54,click,2025-01-17T08:53:00
321,59,view,2025-01-17T08:54:00
321,59,click,2025-01-17T08:56:00
321,57,search,2025-01-18T15:11:00
321,57,view,2025-01-18T15:14:00
321,57,click,2025-01-18T15:18:00
321,57,add_to_cart,2025-01-18T15:21:00
321,57,remove_cart,2025-01-18T15:23:00
321,150,review,2025-01-18T22:42:00
321,97,search,2025-01-20T20:14:00
321,97,view,2025-01-20T20:16:00
321,97,click,2025-01-20T20:17:00
321,45,search,2025-01-23T01:57:00
321,45,view,2025-01-23T01:58:00
321,45,click,2025-01-23T01:59:00
321,60,view,2025-01-23T02:00:00
321,60,click,2025-01-23T02:04:00
322,25,search,2025-01-11T12:42:00
322,25,view,2025-01-11T12:44:00
322,35,view,2025-01-11T12:45:00
322,35,click,2025-01-11T12:47:00
322,35,add_to_cart,2025-01-11T12:49:00
322,35,remove_cart,2025-01-11T12:51:00
322,91,view,2025-01-13T20:49:00
322,91,click,2025-01-13T20:51:00
322,91,add_to_cart,2025-01-13T20:52:00
322,91,remove_cart,2025-01-13T20:54:00
322,33,view,2025-01-14T19:31:00
322,33,click,2025-01-14T19:32:00
322,33,add_to_cart,2025-01-14T19:34:00
322,33,purchase,2025-01-14T19:36:00
322,88,view,2025-01-15T17:17:00
322,88,click,2025-01-15T17:19:00
322,88,add_to_cart,2025-01-15T17:21:00
322,88,purchase,2025-01-15T17:22:00
322,97,view,2025-01-15T17:28:00
322,33,review,2025-01-15T19:42:00
322,24,search,2025-01-16T08:58:00
322,24,view,2025-01-16T09:01:00
322,24,click,2025-01-16T09:03:00
322,35,view,2025-01-16T09:05:00
322,35,click,2025-01-16T09:07:00
322,37,search,2025-01-17T07:59:00
322,37,view,2025-01-17T08:02:00
322,37,click,2025-01-17T08:05:00
322,108,search,2025-01-18T02:37:00
322,108,view,2025-01-18T02:39:00
322,108,click,2025-01-18T02:43:00
322,142,view,2025-01-19T14:15:00
322,142,click,2025-01-19T14:19:00
322,149,view,2025-01-19T14:20:00
322,149,click,2025-01-19T14:22:00
322,152,view,2025-01-19T14:24:00
322,152,click,2025-01-19T14:27:00
322,88,review,2025-01-27T17:28:00
323,151,view,2025-01-02T14:47:00
323,151,click,2025-01-02T14:51:00
323,150,view,2025-01-02T14:54:00
323,150,click,2025-01-02T14:58:00
323,152,view,2025-01-02T14:59:00
323,152,click,2025-01-02T15:00:00
323,152,add_to_cart,2025-01-02T15:01:00
323,152,remove_cart,2025-01-02T15:02:00
323,155,search,2025-01-03T04:12:00
323,155,view,2025-01-03T04:14:00
323,155,click,2025-01-03T04:17:00
323,155,add_to_cart,2025-01-03T04:19:00
323,155,purchase,2025-01-03T04:21:00
323,154,view,2025-01-03T04:24:00
323,154,click,2025-01-03T04:26:00
323,154,add_to_cart,2025-01-03T04:28:00
323,154,purchase,2025-01-03T04:30:00
323,133,view,2025-01-04T05:27:00
323,133,click,2025-01-04T05:29:00
323,161,search,2025-01-06T19:28:00
323,161,view,2025-01-06T19:31:00
323,161,click,2025-01-06T19:34:00
323,154,view,2025-01-06T19:37:00
323,154,click,2025-01-06T19:38:00
323,171,view,2025-01-06T19:41:00
323,171,add_to_cart,2025-01-06T19:45:00
323,171,purchase,2025-01-06T19:46:00
323,133,search,2025-01-08T09:16:00
323,133,view,2025-01-08T09:18:00
323,133,click,2025-01-08T09:22:00
323,133,add_to_cart,2025-01-08T09:23:00
323,133,purchase,2025-01-08T09:24:00
323,153,view,2025-01-11T05:03:00
323,171,review,2025-01-11T19:56:00
323,164,search,2025-01-12T03:06:00
323,164,view,2025-01-12T03:07:00
323,164,click,2025-01-12T03:11:00
323,171,search,2025-01-14T00:53:00
323,171,view,2025-01-14T00:55:00
323,171,click,2025-01-14T00:58:00
323,167,view,2025-01-14T01:00:00
323,41,search,2025-01-16T05:32:00
323,41,view,2025-01-16T05:33:00
323,41,click,2025-01-16T05:36:00
323,41,add_to_cart,2025-01-16T05:38:00
323,41,purchase,2025-01-16T05:40:00
323,33,view,2025-01-16T05:51:00
323,33,click,2025-01-16T05:55:00
323,29,view,2025-01-16T05:56:00
323,29,click,2025-01-16T05:59:00
323,133,review,2025-01-18T09:34:00
323,159,search,2025-01-18T12:43:00
323,159,view,2025-01-18T12:45:00
323,159,click,2025-01-18T12:46:00
324,4,search,2025-01-08T10:42:00
324,4,view,2025-01-08T10:43:00
324,4,click,2025-01-08T10:45:00
324,4,add_to_cart,2025-01-08T10:48:00
324,4,remove_cart,2025-01-08T10:50:00
324,20,view,2025-01-08T10:52:00
324,20,click,2025-01-08T10:53:00
324,13,view,2025-01-08T10:55:00
324,13,click,2025-01-08T10:58:00
324,119,view,2025-01-09T08:00:00
324,119,click,2025-01-09T08:01:00
324,112,view,2025-01-09T08:04:00
324,112,click,2025-01-09T08:05:00
324,122,view,2025-01-09T08:08:00
324,122,click,2025-01-09T08:12:00
324,122,add_to_cart,2025-01-09T08:13:00
324,122,purchase,2025-01-09T08:14:00
324,116,search,2025-01-12T00:53:00
324,116,view,2025-01-12T00:54:00
324,116,click,2025-01-12T00:57:00
324,118,view,2025-01-12T00:58:00
324,118,click,2025-01-12T01:02:00
324,125,search,2025-01-13T08:02:00
324,125,view,2025-01-13T08:03:00
324,125,click,2025-01-13T08:07:00
324,125,add_to_cart,2025-01-13T08:08:00
324,125,purchase,2025-01-13T08:10:00
324,114,view,2025-01-13T08:15:00
324,114,click,2025-01-13T08:18:00
324,122,search,2025-01-15T05:34:00
324,122,view,2025-01-15T05:37:00
324,122,click,2025-01-15T05:41:00
324,120,search,2025-01-17T12:54:00
324,120,view,2025-01-17T12:57:00
324,120,click,2025-01-17T12:58:00
324,120,add_to_cart,2025-01-17T13:00:00
324,120,purchase,2025-01-17T13:01:00
324,113,view,2025-01-17T13:10:00
324,113,click,2025-01-17T13:12:00
324,113,add_to_cart,2025-01-17T13:13:00
324,113,remove_cart,2025-01-17T13:14:00
324,123,view,2025-01-17T13:16:00
324,123,add_to_cart,2025-01-17T13:20:00
324,123,purchase,2025-01-17T13:21:00
324,125,review,2025-01-20T08:15:00
324,120,review,2025-01-21T13:10:00
325,70,view,2025-01-07T03:25:00
325,70,click,2025-01-07T03:29:00
325,106,search,2025-01-07T20:01:00
325,106,view,2025-01-07T20:03:00
325,106,click,2025-01-07T20:04:00
325,93,view,2025-01-07T20:07:00
325,93,click,2025-01-07T20:10:00
325,76,view,2025-01-08T09:35:00
325,76,click,2025-01-08T09:39:00
325,66,view,2025-01-08T09:41:00
325,66,click,2025-01-08T09:42:00
325,66,add_to_cart,2025-01-08T09:44:00
325,66,purchase,2025-01-08T09:46:00
325,86,view,2025-01-08T09:49:00
325,86,click,2025-01-08T09:51:00
325,86,add_to_cart,2025-01-08T09:53:00
325,86,purchase,2025-01-08T09:55:00
325,181,search,2025-01-11T08:16:00
325,181,view,2025-01-11T08:18:00
325,181,click,2025-01-11T08:19:00
325,196,view,2025-01-11T08:20:00
325,196,click,2025-01-11T08:23:00
325,196,add_to_cart,2025-01-11T08:25:00
325,196,purchase,2025-01-11T08:27:00
325,180,view,2025-01-11T08:34:00
325,180,click,2025-01-11T08:37:00
325,196,review,2025-01-13T08:34:00
325,67,search,2025-01-13T13:46:00
325,67,view,2025-01-13T13:48:00
325,67,click,2025-01-13T13:50:00
325,93,search,2025-01-16T06:34:00
325,93,view,2025-01-16T06:36:00
325,93,click,2025-01-16T06:39:00
325,93,add_to_cart,2025-01-16T06:42:00
325,93,remove_cart,2025-01-16T06:43:00
325,106,view,2025-01-16T06:45:00
325,106,click,2025-01-16T06:46:00
325,104,view,2025-01-16T06:48:00
325,104,add_to_cart,2025-01-16T06:49:00
325,104,remove_cart,2025-01-16T06:51:00
325,87,search,2025-01-17T23:10:00
325,87,view,2025-01-17T23:13:00
325,87,click,2025-01-17T23:16:00
325,87,add_to_cart,2025-01-17T23:19:00
325,87,remove_cart,2025-01-17T23:20:00
325,86,review,2025-01-18T10:00:00
325,108,search,2025-01-19T04:13:00
325,108,view,2025-01-19T04:16:00
325,108,click,2025-01-19T04:20:00
325,108,add_to_cart,2025-01-19T04:23:00
325,108,purchase,2025-01-19T04:24:00
325,89,view,2025-01-19T04:29:00
325,89,click,2025-01-19T04:32:00
325,100,view,2025-01-19T04:34:00
325,66,review,2025-01-19T09:49:00
325,108,review,2025-01-24T04:29:00
326,71,search,2025-01-11T06:00:00
326,71,view,2025-01-11T06:02:00
326,71,click,2025-01-11T06:03:00
326,79,view,2025-01-11T06:04:00
326,79,click,2025-01-11T06:05:00
326,79,add_to_cart,2025-01-11T06:06:00
326,79,purchase,2025-01-11T06:08:00
326,81,search,2025-01-13T21:03:00
326,81,view,2025-01-13T21:06:00
326,81,click,2025-01-13T21:08:00
326,81,add_to_cart,2025-01-13T21:09:00
326,81,remove_cart,2025-01-13T21:10:00
326,86,view,2025-01-13T21:11:00
326,86,click,2025-01-13T21:15:00
326,71,view,2025-01-13T21:16:00
326,78,search,2025-01-15T08:35:00
326,78,view,2025-01-15T08:38:00
326,71,view,2025-01-15T08:39:00
326,71,click,2025-01-15T08:40:00
326,69,view,2025-01-15T08:43:00
326,69,click,2025-01-15T08:47:00
326,97,search,2025-01-17T08:16:00
326,97,view,2025-01-17T08:19:00
326,97,click,2025-01-17T08:21:00
326,92,view,2025-01-17T08:22:00
326,92,click,2025-01-17T08:26:00
326,109,view,2025-01-17T08:29:00
326,109,click,2025-01-17T08:33:00
326,68,view,2025-01-18T06:24:00
326,68,add_to_cart,2025-01-18T06:26:00
326,68,purchase,2025-01-18T06:28:00
326,67,view,2025-01-18T06:32:00
326,67,click,2025-01-18T06:34:00
326,67,add_to_cart,2025-01-18T06:37:00
326,67,purchase,2025-01-18T06:38:00
326,85,view,2025-01-18T06:41:00
326,85,click,2025-01-18T06:42:00
326,79,review,2025-01-20T06:17:00
326,65,search,2025-01-20T10:54:00
326,65,view,2025-01-20T10:55:00
326,65,click,2025-01-20T10:58:00
326,62,search,2025-01-22T02:30:00
326,62,view,2025-01-22T02:33:00
326,62,click,2025-01-22T02:35:00
326,52,view,2025-01-22T02:36:00
326,52,click,2025-01-22T02:37:00
326,45,view,2025-01-22T02:39:00
326,45,click,2025-01-22T02:40:00
326,63,search,2025-01-23T23:00:00
326,63,view,2025-01-23T23:03:00
326,63,click,2025-01-23T23:06:00
326,63,add_to_cart,2025-01-23T23:08:00
326,63,remove_cart,2025-01-23T23:10:00
326,48,view,2025-01-23T23:11:00
326,48,click,2025-01-23T23:13:00
326,99,view,2025-01-26T16:17:00
326,99,click,2025-01-26T16:21:00
326,105,view,2025-01-26T16:22:00
326,105,click,2025-01-26T16:23:00
326,105,add_to_cart,2025-01-26T16:24:00
326,105,purchase,2025-01-26T16:26:00
327,47,search,2025-01-11T07:57:00
327,47,view,2025-01-11T07:59:00
327,47,click,2025-01-11T08:03:00
327,53,view,2025-01-11T08:06:00
327,53,click,2025-01-11T08:09:00
327,54,view,2025-01-11T08:12:00
327,54,click,2025-01-11T08:13:00
327,116,search,2025-01-12T21:10:00
327,116,view,2025-01-12T21:13:00
327,116,click,2025-01-12T21:15:00
327,175,view,2025-01-13T09:26:00
327,175,click,2025-01-13T09:29:00
327,175,add_to_cart,2025-01-13T09:32:00
327,175,purchase,2025-01-13T09:34:00
327,155,view,2025-01-13T09:40:00
327,155,click,2025-01-13T09:44:00
327,169,search,2025-01-15T08:16:00
327,169,view,2025-01-15T08:18:00
327,169,click,2025-01-15T08:22:00
327,159,view,2025-01-15T08:23:00
327,159,click,2025-01-15T08:25:00
327,163,view,2025-01-15T08:26:00
327,163,add_to_cart,2025-01-15T08:27:00
327,163,remove_cart,2025-01-15T08:28:00
327,130,view,2025-01-16T16:10:00
327,130,click,2025-01-16T16:11:00
327,124,view,2025-01-16T16:13:00
327,124,click,2025-01-16T16:15:00
327,124,add_to_cart,2025-01-16T16:16:00
327,124,purchase,2025-01-16T16:17:00
327,160,search,2025-01-19T06:20:00
327,160,view,2025-01-19T06:23:00
327,168,search,2025-01-21T16:47:00
327,168,view,2025-01-21T16:49:00
327,168,click,2025-01-21T16:53:00
327,165,view,2025-01-21T16:55:00
327,165,click,2025-01-21T16:58:00
327,124,review,2025-01-22T16:28:00
328,169,search,2025-01-03T16:03:00
328,169,view,2025-01-03T16:05:00
328,169,click,2025-01-03T16:08:00
328,169,add_to_cart,2025-01-03T16:11:00
328,169,remove_cart,2025-01-03T16:12:00
328,157,view,2025-01-03T16:14:00
328,157,click,2025-01-03T16:17:00
328,161,view,2025-01-03T16:19:00
328,161,click,2025-01-03T16:22:00
328,161,add_to_cart,2025-01-03T16:23:00
328,161,purchase,2025-01-03T16:24:00
328,188,search,2025-01-04T17:00:00
328,188,view,2025-01-04T17:03:00
328,188,click,2025-01-04T17:06:00
328,182,view,2025-01-04T17:07:00
328,182,click,2025-01-04T17:11:00
328,200,view,2025-01-04T17:12:00
328,200,add_to_cart,2025-01-04T17:16:00
328,200,purchase,2025-01-04T17:18:00
328,197,view,2025-01-05T17:39:00
328,197,click,2025-01-05T17:41:00
328,156,search,2025-01-06T06:39:00
328,156,view,2025-01-06T06:42:00
328,156,click,2025-01-06T06:46:00
328,156,add_to_cart,2025-01-06T06:48:00
328,156,purchase,2025-01-06T06:49:00
328,170,view,2025-01-06T06:55:00
328,170,click,2025-01-06T06:58:00
328,170,add_to_cart,2025-01-06T07:00:00
328,170,remove_cart,2025-01-06T07:02:00
328,156,review,2025-01-07T06:55:00
328,191,view,2025-01-08T09:17:00
328,191,click,2025-01-08T09:20:00
328,184,view,2025-01-08T09:22:00
328,184,click,2025-01-08T09:24:00
328,184,add_to_cart,2025-01-08T09:26:00
328,184,purchase,2025-01-08T09:27:00
328,161,review,2025-01-09T16:30:00
328,163,search,2025-01-10T07:20:00
328,163,view,2025-01-10T07:22:00
328,163,click,2025-01-10T07:24:00
328,163,add_to_cart,2025-01-10T07:27:00
328,163,remove_cart,2025-01-10T07:29:00
328,164,view,2025-01-10T07:30:00
328,164,click,2025-01-10T07:34:00
328,164,add_to_cart,2025-01-10T07:37:00
328,164,purchase,2025-01-10T07:38:00
328,88,view,2025-01-11T16:27:00
328,88,click,2025-01-11T16:30:00
328,99,view,2025-01-11T16:33:00
328,189,search,2025-01-13T00:59:00
328,189,view,2025-01-13T01:00:00
328,189,click,2025-01-13T01:02:00
328,189,add_to_cart,2025-01-13T01:03:00
328,189,purchase,2025-01-13T01:05:00
328,194,view,2025-01-13T01:14:00
328,194,click,2025-01-13T01:15:00
328,200,review,2025-01-14T17:24:00
328,163,view,2025-01-15T12:33:00
328,163,click,2025-01-15T12:36:00
328,163,add_to_cart,2025-01-15T12:39:00
328,163,purchase,2025-01-15T12:40:00
328,157,view,2025-01-15T12:50:00
328,157,click,2025-01-15T12:52:00
328,159,view,2025-01-15T12:54:00
328,163,review,2025-01-27T12:50:00
329,163,search,2025-01-11T15:08:00
329,163,view,2025-01-11T15:10:00
329,163,click,2025-01-11T15:12:00
329,163,add_to_cart,2025-01-11T15:15:00
329,163,remove_cart,2025-01-11T15:16:00
329,180,search,2025-01-13T13:05:00
329,180,view,2025-01-13T13:07:00
329,180,click,2025-01-13T13:08:00
329,180,add_to_cart,2025-01-13T13:10:00
329,180,purchase,2025-01-13T13:12:00
329,63,search,2025-01-16T10:04:00
329,63,view,2025-01-16T10:05:00
329,63,click,2025-01-16T10:07:00
329,63,add_to_cart,2025-01-16T10:09:00
329,63,purchase,2025-01-16T10:11:00
329,177,search,2025-01-17T19:31:00
329,177,view,2025-01-17T19:34:00
329,177,click,2025-01-17T19:35:00
329,181,view,2025-01-17T19:38:00
329,47,search,2025-01-18T20:22:00
329,47,view,2025-01-18T20:25:00
329,47,click,2025-01-18T20:28:00
329,63,view,2025-01-18T20:31:00
329,63,click,2025-01-18T20:34:00
329,63,add_to_cart,2025-01-18T20:35:00
329,63,purchase,2025-01-18T20:36:00
329,159,view,2025-01-20T00:43:00
329,159,click,2025-01-20T00:46:00
329,159,add_to_cart,2025-01-20T00:47:00
329,159,purchase,2025-01-20T00:49:00
329,180,review,2025-01-20T13:17:00
329,176,search,2025-01-21T06:15:00
329,176,view,2025-01-21T06:18:00
329,176,click,2025-01-21T06:20:00
329,176,add_to_cart,2025-01-21T06:23:00
329,176,remove_cart,2025-01-21T06:25:00
329,63,review,2025-01-29T20:41:00
330,12,search,2025-01-08T10:32:00
330,12,view,2025-01-08T10:35:00
330,12,click,2025-01-08T10:36:00
330,13,view,2025-01-08T10:37:00
330,13,click,2025-01-08T10:39:00
330,13,add_to_cart,2025-01-08T10:41:00
330,13,purchase,2025-01-08T10:43:00
330,81,view,2025-01-11T03:40:00
330,81,click,2025-01-11T03:41:00
330,72,view,2025-01-11T03:44:00
330,72,click,2025-01-11T03:48:00
330,119,view,2025-01-12T08:18:00
330,119,click,2025-01-12T08:21:00
330,13,review,2025-01-14T10:45:00
330,14,search,2025-01-15T01:48:00
330,14,view,2025-01-15T01:50:00
330,14,click,2025-01-15T01:51:00
330,22,view,2025-01-15T01:53:00
330,70,search,2025-01-16T00:15:00
330,70,view,2025-01-16T00:17:00
330,70,click,2025-01-16T00:19:00
330,70,add_to_cart,2025-01-16T00:21:00
330,70,purchase,2025-01-16T00:22:00
330,71,view,2025-01-16T00:24:00
330,71,click,2025-01-16T00:28:00
330,72,view,2025-01-16T00:29:00
330,72,click,2025-01-16T00:31:00
330,72,add_to_cart,2025-01-16T00:32:00
330,72,purchase,2025-01-16T00:33:00
330,67,search,2025-01-18T17:45:00
330,67,view,2025-01-18T17:46:00
330,67,click,2025-01-18T17:48:00
330,67,add_to_cart,2025-01-18T17:49:00
330,67,purchase,2025-01-18T17:51:00
330,10,search,2025-01-19T15:10:00
330,10,view,2025-01-19T15:11:00
330,10,click,2025-01-19T15:13:00
330,10,add_to_cart,2025-01-19T15:14:00
330,10,purchase,2025-01-19T15:15:00
330,11,view,2025-01-19T15:17:00
330,11,click,2025-01-19T15:19:00
330,5,view,2025-01-19T15:22:00
330,5,click,2025-01-19T15:24:00
330,5,add_to_cart,2025-01-19T15:27:00
330,5,purchase,2025-01-19T15:28:00
330,10,review,2025-01-21T15:17:00
330,67,review,2025-01-30T17:54:00
331,28,view,2025-01-13T08:20:00
331,28,click,2025-01-13T08:21:00
331,162,view,2025-01-15T19:54:00
331,162,click,2025-01-15T19:57:00
331,170,view,2025-01-15T20:00:00
331,170,click,2025-01-15T20:04:00
331,170,add_to_cart,2025-01-15T20:06:00
331,170,purchase,2025-01-15T20:07:00
331,167,view,2025-01-15T20:09:00
331,167,click,2025-01-15T20:10:00
331,30,search,2025-01-17T08:14:00
331,30,view,2025-01-17T08:15:00
331,30,click,2025-01-17T08:16:00
331,30,add_to_cart,2025-01-17T08:18:00
331,30,purchase,2025-01-17T08:19:00
331,159,search,2025-01-18T05:46:00
331,159,view,2025-01-18T05:49:00
331,159,click,2025-01-18T05:53:00
331,159,add_to_cart,2025-01-18T05:55:00
331,159,purchase,2025-01-18T05:56:00
331,172,view,2025-01-18T06:01:00
331,172,click,2025-01-18T06:03:00
331,172,add_to_cart,2025-01-18T06:05:00
331,172,remove_cart,2025-01-18T06:06:00
331,116,view,2025-01-20T03:53:00
331,116,click,2025-01-20T03:55:00
331,116,add_to_cart,2025-01-20T03:57:00
331,116,remove_cart,2025-01-20T03:58:00
331,38,view,2025-01-22T11:00:00
331,175,search,2025-01-23T18:07:00
331,175,view,2025-01-23T18:09:00
331,175,click,2025-01-23T18:11:00
331,175,add_to_cart,2025-01-23T18:12:00
331,175,purchase,2025-01-23T18:14:00
331,157,view,2025-01-23T18:26:00
331,157,click,2025-01-23T18:28:00
331,162,view,2025-01-23T18:29:00
331,162,click,2025-01-23T18:32:00
331,175,review,2025-02-03T18:26:00
332,72,view,2025-01-08T04:52:00
332,72,click,2025-01-08T04:54:00
332,72,add_to_cart,2025-01-08T04:57:00
332,72,purchase,2025-01-08T04:59:00
332,76,view,2025-01-08T05:02:00
332,76,click,2025-01-08T05:03:00
332,120,search,2025-01-09T23:27:00
332,120,view,2025-01-09T23:28:00
332,120,click,2025-01-09T23:30:00
332,120,add_to_cart,2025-01-09T23:32:00
332,120,purchase,2025-01-09T23:33:00
332,127,view,2025-01-09T23:45:00
332,127,click,2025-01-09T23:49:00
332,120,review,2025-01-10T23:45:00
332,79,search,2025-01-11T20:43:00
332,79,view,2025-01-11T20:46:00
332,79,click,2025-01-11T20:50:00
332,85,view,2025-01-11T20:53:00
332,85,click,2025-01-11T20:56:00
332,85,add_to_cart,2025-01-11T20:59:00
332,85,purchase,2025-01-11T21:00:00
332,75,view,2025-01-11T21:12:00
332,75,click,2025-01-11T21:13:00
332,124,view,2025-01-14T16:10:00
332,124,click,2025-01-14T16:11:00
332,121,view,2025-01-17T01:29:00
332,121,click,2025-01-17T01:30:00
332,130,view,2025-01-17T01:33:00
332,130,click,2025-01-17T01:36:00
332,130,add_to_cart,2025-01-17T01:38:00
332,130,purchase,2025-01-17T01:40:00
332,131,view,2025-01-17T01:44:00
332,131,click,2025-01-17T01:48:00
332,85,review,2025-01-17T21:12:00
332,118,search,2025-01-19T02:16:00
332,118,view,2025-01-19T02:17:00
332,118,click,2025-01-19T02:19:00
332,118,add_to_cart,2025-01-19T02:21:00
332,118,purchase,2025-01-19T02:23:00
332,111,view,2025-01-19T02:30:00
332,111,click,2025-01-19T02:32:00
332,111,add_to_cart,2025-01-19T02:34:00
332,111,remove_cart,2025-01-19T02:35:00
332,120,view,2025-01-19T02:37:00
332,120,click,2025-01-19T02:38:00
332,120,add_to_cart,2025-01-19T02:39:00
332,120,purchase,2025-01-19T02:40:00
332,74,search,2025-01-19T17:23:00
332,74,view,2025-01-19T17:26:00
332,74,click,2025-01-19T17:30:00
332,72,view,2025-01-19T17:33:00
332,72,click,2025-01-19T17:36:00
332,69,view,2025-01-19T17:37:00
332,69,click,2025-01-19T17:39:00
332,69,add_to_cart,2025-01-19T17:41:00
332,69,purchase,2025-01-19T17:43:00
332,189,search,2025-01-21T10:33:00
332,189,view,2025-01-21T10:35:00
332,189,click,2025-01-21T10:38:00
332,189,add_to_cart,2025-01-21T10:41:00
332,189,remove_cart,2025-01-21T10:42:00
332,130,review,2025-01-24T01:44:00
332,120,review,2025-01-25T02:45:00
332,69,review,2025-01-28T17:52:00
333,113,view,2025-01-02T14:18:00
333,113,click,2025-01-02T14:21:00
333,113,add_to_cart,2025-01-02T14:22:00
333,113,purchase,2025-01-02T14:24:00
333,41,search,2025-01-03T03:44:00
333,41,view,2025-01-03T03:45:00
333,41,click,2025-01-03T03:46:00
333,41,add_to_cart,2025-01-03T03:49:00
333,41,purchase,2025-01-03T03:50:00
333,23,view,2025-01-03T03:53:00
333,23,add_to_cart,2025-01-03T03:56:00
333,23,purchase,2025-01-03T03:57:00
333,24,search,2025-01-03T21:16:00
333,24,view,2025-01-03T21:18:00
333,24,click,2025-01-03T21:19:00
333,31,view,2025-01-03T21:21:00
333,31,click,2025-01-03T21:23:00
333,31,add_to_cart,2025-01-03T21:25:00
333,31,remove_cart,2025-01-03T21:26:00
333,126,search,2025-01-05T05:30:00
333,126,view,2025-01-05T05:31:00
333,126,click,2025-01-05T05:35:00
333,124,view,2025-01-05T05:37:00
333,124,click,2025-01-05T05:40:00
333,124,add_to_cart,2025-01-05T05:43:00
333,124,purchase,2025-01-05T05:44:00
333,127,view,2025-01-05T05:46:00
333,127,click,2025-01-05T05:47:00
333,27,view,2025-01-05T22:09:00
333,27,click,2025-01-05T22:13:00
333,27,add_to_cart,2025-01-05T22:15:00
333,27,purchase,2025-01-05T22:16:00
333,31,search,2025-01-07T00:12:00
333,31,view,2025-01-07T00:13:00
333,31,click,2025-01-07T00:16:00
333,31,add_to_cart,2025-01-07T00:18:00
333,31,purchase,2025-01-07T00:20:00
333,113,review,2025-01-11T14:27:00
333,23,review,2025-01-15T04:08:00
333,27,review,2025-01-17T22:24:00
334,155,search,2025-01-06T20:57:00
334,155,view,2025-01-06T20:58:00
334,155,click,2025-01-06T20:59:00
334,169,view,2025-01-06T21:01:00
334,169,click,2025-01-06T21:04:00
334,160,view,2025-01-06T21:07:00
334,44,search,2025-01-09T04:47:00
334,44,view,2025-01-09T04:48:00
334,44,click,2025-01-09T04:50:00
334,62,view,2025-01-09T04:51:00
334,62,click,2025-01-09T04:53:00
334,56,view,2025-01-09T04:56:00
334,56,click,2025-01-09T04:59:00
334,192,view,2025-01-11T22:46:00
334,192,add_to_cart,2025-01-11T22:50:00
334,192,purchase,2025-01-11T22:51:00
334,179,view,2025-01-11T23:03:00
334,179,add_to_cart,2025-01-11T23:07:00
334,179,purchase,2025-01-11T23:08:00
334,181,view,2025-01-11T23:19:00
334,181,click,2025-01-11T23:22:00
334,181,add_to_cart,2025-01-11T23:24:00
334,181,purchase,2025-01-11T23:25:00
334,167,search,2025-01-14T04:43:00
334,167,view,2025-01-14T04:46:00
334,167,click,2025-01-14T04:50:00
334,162,view,2025-01-14T04:52:00
334,162,click,2025-01-14T04:55:00
334,162,add_to_cart,2025-01-14T04:56:00
334,162,purchase,2025-01-14T04:57:00
334,198,search,2025-01-17T01:30:00
334,198,view,2025-01-17T01:32:00
334,198,click,2025-01-17T01:34:00
334,59,search,2025-01-18T14:05:00
334,59,view,2025-01-18T14:06:00
334,59,click,2025-01-18T14:07:00
334,50,view,2025-01-18T14:10:00
334,50,click,2025-01-18T14:12:00
334,64,view,2025-01-18T14:13:00
334,64,click,2025-01-18T14:15:00
334,157,search,2025-01-20T00:45:00
334,157,view,2025-01-20T00:46:00
334,157,click,2025-01-20T00:48:00
334,157,add_to_cart,2025-01-20T00:50:00
334,157,purchase,2025-01-20T00:52:00
334,192,review,2025-01-20T23:03:00
334,157,review,2025-02-03T00:54:00
335,122,view,2025-01-04T12:58:00
335,122,click,2025-01-04T13:02:00
335,111,view,2025-01-04T13:03:00
335,111,click,2025-01-04T13:04:00
335,131,view,2025-01-04T13:05:00
335,131,click,2025-01-04T13:06:00
335,166,search,2025-01-05T14:55:00
335,166,view,2025-01-05T14:58:00
335,166,click,2025-01-05T15:02:00
335,166,add_to_cart,2025-01-05T15:03:00
335,166,remove_cart,2025-01-05T15:05:00
335,169,view,2025-01-05T15:07:00
335,169,click,2025-01-05T15:11:00
335,169,add_to_cart,2025-01-05T15:13:00
335,169,purchase,2025-01-05T15:15:00
335,164,search,2025-01-08T09:23:00
335,164,view,2025-01-08T09:26:00
335,164,click,2025-01-08T09:27:00
335,164,add_to_cart,2025-01-08T09:28:00
335,164,purchase,2025-01-08T09:29:00
335,54,search,2025-01-11T08:58:00
335,54,view,2025-01-11T08:59:00
335,54,click,2025-01-11T09:02:00
335,54,add_to_cart,2025-01-11T09:03:00
335,54,remove_cart,2025-01-11T09:05:00
335,56,view,2025-01-11T09:06:00
335,56,click,2025-01-11T09:09:00
335,155,search,2025-01-12T02:47:00
335,155,view,2025-01-12T02:50:00
335,155,click,2025-01-12T02:51:00
335,168,view,2025-01-12T02:53:00
335,168,click,2025-01-12T02:55:00
335,168,add_to_cart,2025-01-12T02:58:00
335,168,remove_cart,2025-01-12T02:59:00
335,166,view,2025-01-12T03:00:00
335,166,click,2025-01-12T03:04:00
335,157,search,2025-01-14T16:37:00
335,157,view,2025-01-14T16:39:00
335,157,click,2025-01-14T16:42:00
335,49,view,2025-01-16T02:26:00
335,49,click,2025-01-16T02:27:00
335,49,add_to_cart,2025-01-16T02:29:00
335,49,purchase,2025-01-16T02:30:00
335,58,view,2025-01-16T02:41:00
335,58,click,2025-01-16T02:43:00
335,58,add_to_cart,2025-01-16T02:45:00
335,58,purchase,2025-01-16T02:46:00
335,58,review,2025-01-24T02:48:00
335,49,review,2025-01-28T02:41:00
336,143,search,2025-01-12T22:50:00
336,143,view,2025-01-12T22:51:00
336,143,click,2025-01-12T22:54:00
336,138,view,2025-01-12T22:57:00
336,138,click,2025-01-12T23:01:00
336,148,search,2025-01-13T17:14:00
336,148,view,2025-01-13T17:17:00
336,148,click,2025-01-13T17:18:00
336,148,add_to_cart,2025-01-13T17:21:00
336,148,purchase,2025-01-13T17:23:00
336,66,view,2025-01-15T13:34:00
336,148,review,2025-01-17T17:25:00
336,151,search,2025-01-17T21:16:00
336,151,view,2025-01-17T21:18:00
336,151,click,2025-01-17T21:21:00
336,144,search,2025-01-19T10:29:00
336,144,view,2025-01-19T10:31:00
336,144,click,2025-01-19T10:35:00
336,95,search,2025-01-20T17:24:00
336,95,view,2025-01-20T17:26:00
336,95,click,2025-01-20T17:27:00
336,95,add_to_cart,2025-01-20T17:30:00
336,95,purchase,2025-01-20T17:31:00
336,106,view,2025-01-20T17:40:00
336,106,click,2025-01-20T17:41:00
336,100,view,2025-01-21T07:31:00
336,100,add_to_cart,2025-01-21T07:34:00
336,100,purchase,2025-01-21T07:36:00
336,95,review,2025-01-22T17:40:00
336,78,search,2025-01-23T04:30:00
336,78,view,2025-01-23T04:32:00
336,78,click,2025-01-23T04:34:00
336,83,view,2025-01-23T04:37:00
336,83,click,2025-01-23T04:40:00
337,15,search,2025-01-06T09:40:00
337,15,view,2025-01-06T09:42:00
337,15,click,2025-01-06T09:44:00
337,14,view,2025-01-06T09:45:00
337,14,add_to_cart,2025-01-06T09:49:00
337,14,purchase,2025-01-06T09:50:00
337,3,view,2025-01-06T09:52:00
337,3,click,2025-01-06T09:55:00
337,13,search,2025-01-07T04:31:00
337,13,view,2025-01-07T04:34:00
337,13,click,2025-01-07T04:37:00
337,13,add_to_cart,2025-01-07T04:40:00
337,13,purchase,2025-01-07T04:41:00
337,7,view,2025-01-07T04:52:00
337,7,click,2025-01-07T04:55:00
337,7,add_to_cart,2025-01-07T04:56:00
337,7,purchase,2025-01-07T04:57:00
337,13,view,2025-01-09T21:34:00
337,13,click,2025-01-09T21:38:00
337,13,add_to_cart,2025-01-09T21:39:00
337,13,purchase,2025-01-09T21:41:00
337,1,view,2025-01-09T21:51:00
337,1,click,2025-01-09T21:55:00
337,187,search,2025-01-10T18:44:00
337,187,view,2025-01-10T18:47:00
337,187,click,2025-01-10T18:50:00
337,189,view,2025-01-10T18:53:00
337,189,click,2025-01-10T18:56:00
337,189,add_to_cart,2025-01-10T18:59:00
337,189,purchase,2025-01-10T19:00:00
337,193,view,2025-01-10T19:10:00
337,193,click,2025-01-10T19:12:00
337,1,search,2025-01-11T23:32:00
337,1,view,2025-01-11T23:34:00
337,1,click,2025-01-11T23:35:00
337,1,add_to_cart,2025-01-11T23:38:00
337,1,purchase,2025-01-11T23:40:00
337,17,view,2025-01-11T23:44:00
337,17,add_to_cart,2025-01-11T23:46:00
337,17,remove_cart,2025-01-11T23:47:00
337,4,view,2025-01-11T23:48:00
337,177,search,2025-01-13T21:36:00
337,177,view,2025-01-13T21:38:00
337,177,click,2025-01-13T21:39:00
337,185,view,2025-01-13T21:40:00
337,185,add_to_cart,2025-01-13T21:42:00
337,185,purchase,2025-01-13T21:44:00
337,198,view,2025-01-13T21:47:00
337,198,click,2025-01-13T21:49:00
337,14,review,2025-01-14T09:52:00
337,3,view,2025-01-14T23:04:00
337,3,click,2025-01-14T23:05:00
337,17,view,2025-01-14T23:07:00
337,17,click,2025-01-14T23:10:00
337,17,add_to_cart,2025-01-14T23:12:00
337,17,remove_cart,2025-01-14T23:14:00
337,13,review,2025-01-15T04:52:00
337,195,search,2025-01-16T10:07:00
337,195,view,2025-01-16T10:10:00
337,195,click,2025-01-16T10:11:00
337,195,add_to_cart,2025-01-16T10:13:00
337,195,purchase,2025-01-16T10:15:00
337,186,view,2025-01-18T15:14:00
337,186,click,2025-01-18T15:15:00
337,191,view,2025-01-18T15:17:00
337,191,click,2025-01-18T15:19:00
337,191,add_to_cart,2025-01-18T15:21:00
337,191,purchase,2025-01-18T15:22:00
337,196,view,2025-01-18T15:31:00
337,196,click,2025-01-18T15:32:00
337,196,add_to_cart,2025-01-18T15:35:00
337,196,purchase,2025-01-18T15:37:00
337,189,review,2025-01-19T19:10:00
337,28,search,2025-01-20T05:59:00
337,28,view,2025-01-20T06:00:00
337,28,click,2025-01-20T06:04:00
337,28,add_to_cart,2025-01-20T06:07:00
337,28,purchase,2025-01-20T06:09:00
337,31,view,2025-01-20T06:18:00
337,31,click,2025-01-20T06:22:00
337,31,add_to_cart,2025-01-20T06:24:00
337,31,purchase,2025-01-20T06:26:00
337,30,view,2025-01-20T06:29:00
337,30,click,2025-01-20T06:32:00
337,30,add_to_cart,2025-01-20T06:35:00
337,30,purchase,2025-01-20T06:36:00
337,7,review,2025-01-21T05:01:00
337,185,review,2025-01-22T21:47:00
337,30,review,2025-01-24T06:48:00
337,191,review,2025-01-24T15:31:00
337,28,review,2025-02-02T06:18:00
338,174,search,2025-01-05T07:35:00
338,174,view,2025-01-05T07:37:00
338,174,click,2025-01-05T07:41:00
338,174,add_to_cart,2025-01-05T07:42:00
338,174,purchase,2025-01-05T07:44:00
338,135,search,2025-01-07T00:10:00
338,135,view,2025-01-07T00:11:00
338,135,click,2025-01-07T00:13:00
338,135,add_to_cart,2025-01-07T00:14:00
338,135,purchase,2025-01-07T00:16:00
338,138,view,2025-01-07T00:28:00
338,138,click,2025-01-07T00:31:00
338,143,search,2025-01-08T00:01:00
338,143,view,2025-01-08T00:03:00
338,143,click,2025-01-08T00:06:00
338,143,add_to_cart,2025-01-08T00:08:00
338,143,purchase,2025-01-08T00:10:00
338,144,view,2025-01-08T00:20:00
338,144,click,2025-01-08T00:22:00
338,144,search,2025-01-10T06:43:00
338,144,view,2025-01-10T06:44:00
338,144,click,2025-01-10T06:46:00
338,144,add_to_cart,2025-01-10T06:49:00
338,144,purchase,2025-01-10T06:50:00
338,138,view,2025-01-12T20:41:00
338,138,click,2025-01-12T20:42:00
338,151,view,2025-01-12T20:45:00
338,151,click,2025-01-12T20:49:00
338,153,view,2025-01-12T20:52:00
338,153,click,2025-01-12T20:54:00
338,153,add_to_cart,2025-01-12T20:55:00
338,153,purchase,2025-01-12T20:56:00
338,124,search,2025-01-15T10:47:00
338,124,view,2025-01-15T10:49:00
338,124,click,2025-01-15T10:52:00
338,112,view,2025-01-15T10:53:00
338,112,add_to_cart,2025-01-15T10:57:00
338,112,purchase,2025-01-15T10:59:00
338,121,view,2025-01-15T11:03:00
338,121,click,2025-01-15T11:04:00
338,144,review,2025-01-17T06:56:00
338,163,search,2025-01-17T19:33:00
338,163,view,2025-01-17T19:35:00
338,163,click,2025-01-17T19:36:00
338,163,add_to_cart,2025-01-17T19:38:00
338,163,purchase,2025-01-17T19:40:00
338,135,search,2025-01-19T12:19:00
338,135,view,2025-01-19T12:21:00
338,135,click,2025-01-19T12:22:00
338,135,add_to_cart,2025-01-19T12:24:00
338,135,remove_cart,2025-01-19T12:26:00
338,143,view,2025-01-19T12:28:00
338,143,click,2025-01-19T12:30:00
338,126,search,2025-01-20T04:50:00
338,126,view,2025-01-20T04:53:00
338,125,view,2025-01-20T04:55:00
338,125,click,2025-01-20T04:56:00
338,116,view,2025-01-20T04:58:00
338,116,click,2025-01-20T04:59:00
338,163,review,2025-01-22T19:44:00
339,134,search,2025-01-11T16:19:00
339,134,view,2025-01-11T16:22:00
339,134,click,2025-01-11T16:24:00
339,134,add_to_cart,2025-01-11T16:26:00
339,134,purchase,2025-01-11T16:28:00
339,148,view,2025-01-11T16:40:00
339,148,click,2025-01-11T16:44:00
339,136,view,2025-01-11T16:46:00
339,136,click,2025-01-11T16:49:00
339,136,add_to_cart,2025-01-11T16:50:00
339,136,purchase,2025-01-11T16:52:00
339,148,search,2025-01-14T07:36:00
339,148,view,2025-01-14T07:37:00
339,148,click,2025-01-14T07:39:00
339,148,add_to_cart,2025-01-14T07:40:00
339,148,remove_cart,2025-01-14T07:42:00
339,133,view,2025-01-14T07:44:00
339,133,click,2025-01-14T07:48:00
339,132,view,2025-01-14T07:49:00
339,134,view,2025-01-16T06:59:00
339,134,click,2025-01-16T07:02:00
339,132,search,2025-01-18T00:33:00
339,132,view,2025-01-18T00:36:00
339,132,click,2025-01-18T00:38:00
339,132,add_to_cart,2025-01-18T00:39:00
339,132,purchase,2025-01-18T00:41:00
339,145,view,2025-01-18T00:47:00
339,145,click,2025-01-18T00:49:00
339,145,add_to_cart,2025-01-18T00:51:00
339,145,purchase,2025-01-18T00:53:00
339,134,review,2025-01-18T16:40:00
339,137,search,2025-01-20T17:44:00
339,137,view,2025-01-20T17:45:00
339,137,click,2025-01-20T17:47:00
339,200,search,2025-01-21T10:07:00
339,200,view,2025-01-21T10:10:00
339,200,click,2025-01-21T10:13:00
339,195,view,2025-01-21T10:15:00
339,195,click,2025-01-21T10:17:00
339,195,add_to_cart,2025-01-21T10:19:00
339,195,purchase,2025-01-21T10:21:00
339,134,view,2025-01-24T07:42:00
339,134,click,2025-01-24T07:44:00
339,134,add_to_cart,2025-01-24T07:46:00
339,134,purchase,2025-01-24T07:47:00
339,195,review,2025-01-25T10:25:00
339,73,search,2025-01-25T23:11:00
339,73,view,2025-01-25T23:13:00
339,73,click,2025-01-25T23:16:00
339,79,view,2025-01-25T23:19:00
339,79,click,2025-01-25T23:20:00
339,82,view,2025-01-25T23:22:00
339,82,click,2025-01-25T23:24:00
339,132,review,2025-01-27T00:47:00
339,136,search,2025-01-27T12:18:00
339,136,view,2025-01-27T12:19:00
339,136,click,2025-01-27T12:22:00
339,136,add_to_cart,2025-01-27T12:25:00
339,136,purchase,2025-01-27T12:26:00
339,152,view,2025-01-27T12:29:00
339,152,click,2025-01-27T12:31:00
339,132,view,2025-01-27T12:33:00
339,132,click,2025-01-27T12:36:00
340,17,view,2025-01-09T05:08:00
340,17,click,2025-01-09T05:09:00
340,17,add_to_cart,2025-01-09T05:10:00
340,17,purchase,2025-01-09T05:11:00
340,4,search,2025-01-10T17:18:00
340,4,view,2025-01-10T17:21:00
340,4,click,2025-01-10T17:24:00
340,56,search,2025-01-12T17:14:00
340,56,view,2025-01-12T17:17:00
340,56,click,2025-01-12T17:21:00
340,56,add_to_cart,2025-01-12T17:22:00
340,56,remove_cart,2025-01-12T17:23:00
340,9,view,2025-01-13T06:30:00
340,9,click,2025-01-13T06:32:00
340,9,add_to_cart,2025-01-13T06:34:00
340,9,purchase,2025-01-13T06:35:00
340,14,view,2025-01-13T06:42:00
340,14,click,2025-01-13T06:44:00
340,14,add_to_cart,2025-01-13T06:45:00
340,14,purchase,2025-01-13T06:47:00
340,17,view,2025-01-13T06:54:00
340,17,click,2025-01-13T06:56:00
340,20,view,2025-01-14T19:52:00
340,20,click,2025-01-14T19:53:00
340,20,add_to_cart,2025-01-14T19:54:00
340,20,remove_cart,2025-01-14T19:56:00
340,9,review,2025-01-17T06:42:00
340,61,view,2025-01-17T18:51:00
340,61,click,2025-01-17T18:54:00
340,47,view,2025-01-17T18:55:00
340,43,view,2025-01-17T18:56:00
340,43,click,2025-01-17T18:57:00
340,43,add_to_cart,2025-01-17T19:00:00
340,43,purchase,2025-01-17T19:01:00
340,17,review,2025-01-19T05:22:00
340,62,search,2025-01-19T07:31:00
340,62,view,2025-01-19T07:33:00
340,62,click,2025-01-19T07:36:00
340,7,view,2025-01-19T22:37:00
340,7,click,2025-01-19T22:41:00
340,7,add_to_cart,2025-01-19T22:42:00
340,7,remove_cart,2025-01-19T22:44:00
340,5,view,2025-01-19T22:45:00
340,5,click,2025-01-19T22:48:00
340,10,search,2025-01-22T06:25:00
340,10,view,2025-01-22T06:28:00
340,10,add_to_cart,2025-01-22T06:29:00
340,10,remove_cart,2025-01-22T06:31:00
340,65,search,2025-01-23T01:16:00
340,65,view,2025-01-23T01:19:00
340,65,click,2025-01-23T01:21:00
340,65,add_to_cart,2025-01-23T01:23:00
340,65,purchase,2025-01-23T01:25:00
340,53,view,2025-01-23T01:37:00
340,53,click,2025-01-23T01:40:00
340,54,view,2025-01-23T01:43:00
340,54,click,2025-01-23T01:46:00
340,43,review,2025-01-29T19:13:00
341,23,view,2025-01-06T10:04:00
341,23,click,2025-01-06T10:07:00
341,34,view,2025-01-06T10:09:00
341,34,click,2025-01-06T10:10:00
341,66,search,2025-01-08T17:53:00
341,66,view,2025-01-08T17:54:00
341,66,click,2025-01-08T17:57:00
341,67,view,2025-01-08T18:00:00
341,67,click,2025-01-08T18:03:00
341,82,view,2025-01-08T18:04:00
341,82,click,2025-01-08T18:05:00
341,82,add_to_cart,2025-01-08T18:06:00
341,82,remove_cart,2025-01-08T18:08:00
341,77,search,2025-01-10T17:59:00
341,77,view,2025-01-10T18:02:00
341,77,click,2025-01-10T18:05:00
341,39,search,2025-01-13T18:41:00
341,39,view,2025-01-13T18:42:00
341,37,view,2025-01-13T18:45:00
341,37,click,2025-01-13T18:48:00
341,67,search,2025-01-15T17:55:00
341,67,view,2025-01-15T17:58:00
341,67,click,2025-01-15T18:02:00
341,67,add_to_cart,2025-01-15T18:03:00
341,67,purchase,2025-01-15T18:05:00
341,68,view,2025-01-15T18:12:00
341,68,click,2025-01-15T18:13:00
341,68,add_to_cart,2025-01-15T18:16:00
341,68,purchase,2025-01-15T18:17:00
341,84,search,2025-01-17T02:37:00
341,84,view,2025-01-17T02:38:00
341,84,click,2025-01-17T02:42:00
341,84,add_to_cart,2025-01-17T02:44:00
341,84,purchase,2025-01-17T02:46:00
341,75,view,2025-01-17T02:50:00
341,75,click,2025-01-17T02:54:00
341,87,view,2025-01-17T02:55:00
341,87,click,2025-01-17T02:57:00
341,79,view,2025-01-17T22:04:00
341,79,click,2025-01-17T22:07:00
341,79,add_to_cart,2025-01-17T22:08:00
341,79,purchase,2025-01-17T22:09:00
341,69,view,2025-01-17T22:16:00
341,69,add_to_cart,2025-01-17T22:18:00
341,69,remove_cart,2025-01-17T22:19:00
341,41,search,2025-01-18T16:19:00
341,41,view,2025-01-18T16:22:00
341,41,click,2025-01-18T16:23:00
341,41,add_to_cart,2025-01-18T16:24:00
341,41,remove_cart,2025-01-18T16:25:00
341,32,view,2025-01-18T16:26:00
341,32,click,2025-01-18T16:27:00
341,39,view,2025-01-18T16:30:00
341,37,search,2025-01-19T19:08:00
341,37,view,2025-01-19T19:09:00
341,37,click,2025-01-19T19:13:00
341,37,add_to_cart,2025-01-19T19:14:00
341,37,purchase,2025-01-19T19:16:00
341,30,view,2025-01-19T19:20:00
341,30,click,2025-01-19T19:21:00
341,28,view,2025-01-19T19:23:00
341,28,click,2025-01-19T19:24:00
341,67,review,2025-01-26T18:12:00
341,37,review,2025-01-28T19:20:00
342,9,search,2025-01-10T02:04:00
342,9,view,2025-01-10T02:05:00
342,9,click,2025-01-10T02:09:00
342,6,view,2025-01-10T02:11:00
342,6,click,2025-01-10T02:12:00
342,17,view,2025-01-10T02:15:00
342,17,click,2025-01-10T02:19:00
342,112,search,2025-01-13T00:15:00
342,112,view,2025-01-13T00:18:00
342,112,click,2025-01-13T00:19:00
342,112,add_to_cart,2025-01-13T00:21:00
342,112,purchase,2025-01-13T00:23:00
342,121,view,2025-01-13T00:30:00
342,121,click,2025-01-13T00:33:00
342,121,add_to_cart,2025-01-13T00:35:00
342,121,purchase,2025-01-13T00:36:00
342,124,view,2025-01-13T00:40:00
342,124,click,2025-01-13T00:42:00
342,159,search,2025-01-13T16:27:00
342,159,view,2025-01-13T16:28:00
342,159,click,2025-01-13T16:29:00
342,172,view,2025-01-13T16:31:00
342,172,click,2025-01-13T16:35:00
342,171,view,2025-01-13T16:36:00
342,171,click,2025-01-13T16:38:00
342,171,add_to_cart,2025-01-13T16:39:00
342,171,purchase,2025-01-13T16:41:00
342,10,view,2025-01-15T04:39:00
342,10,click,2025-01-15T04:41:00
342,10,add_to_cart,2025-01-15T04:42:00
342,10,purchase,2025-01-15T04:43:00
342,1,search,2025-01-15T23:56:00
342,1,view,2025-01-15T23:58:00
342,1,click,2025-01-16T00:02:00
342,1,add_to_cart,2025-01-16T00:04:00
342,1,remove_cart,2025-01-16T00:06:00
342,175,view,2025-01-17T09:50:00
342,175,click,2025-01-17T09:52:00
342,154,view,2025-01-17T09:54:00
342,154,add_to_cart,2025-01-17T09:55:00
342,154,purchase,2025-01-17T09:56:00
342,165,view,2025-01-17T10:07:00
342,165,click,2025-01-17T10:11:00
342,115,search,2025-01-19T16:51:00
342,115,view,2025-01-19T16:53:00
342,115,click,2025-01-19T16:54:00
342,115,add_to_cart,2025-01-19T16:56:00
342,115,purchase,2025-01-19T16:58:00
342,121,view,2025-01-19T17:04:00
342,121,click,2025-01-19T17:08:00
342,121,add_to_cart,2025-01-19T17:11:00
342,121,remove_cart,2025-01-19T17:13:00
342,122,view,2025-01-19T17:15:00
342,122,add_to_cart,2025-01-19T17:16:00
342,122,purchase,2025-01-19T17:17:00
342,112,review,2025-01-20T00:30:00
342,174,search,2025-01-20T13:25:00
342,174,view,2025-01-20T13:26:00
342,174,click,2025-01-20T13:30:00
342,159,view,2025-01-20T13:31:00
342,159,click,2025-01-20T13:33:00
342,159,add_to_cart,2025-01-20T13:36:00
342,159,remove_cart,2025-01-20T13:37:00
342,122,review,2025-01-20T17:23:00
342,154,review,2025-01-27T10:07:00
343,79,search,2025-01-07T10:04:00
343,79,view,2025-01-07T10:06:00
343,79,click,2025-01-07T10:10:00
343,38,search,2025-01-08T05:19:00
343,38,view,2025-01-08T05:22:00
343,24,view,2025-01-08T05:25:00
343,24,click,2025-01-08T05:26:00
343,42,view,2025-01-08T05:29:00
343,42,click,2025-01-08T05:31:00
343,33,view,2025-01-10T10:55:00
343,33,click,2025-01-10T10:59:00
343,33,add_to_cart,2025-01-10T11:01:00
343,33,purchase,2025-01-10T11:02:00
343,39,search,2025-01-12T21:24:00
343,39,view,2025-01-12T21:27:00
343,39,click,2025-01-12T21:29:00
343,40,view,2025-01-12T21:31:00
343,40,click,2025-01-12T21:35:00
343,86,search,2025-01-15T01:40:00
343,86,view,2025-01-15T01:42:00
343,86,click,2025-01-15T01:45:00
343,86,add_to_cart,2025-01-15T01:47:00
343,86,purchase,2025-01-15T01:48:00
343,80,view,2025-01-15T01:54:00
343,80,click,2025-01-15T01:57:00
343,29,search,2025-01-16T17:02:00
343,29,view,2025-01-16T17:05:00
343,29,click,2025-01-16T17:09:00
343,35,view,2025-01-16T17:12:00
343,35,click,2025-01-16T17:13:00
343,35,add_to_cart,2025-01-16T17:14:00
343,35,purchase,2025-01-16T17:15:00
343,41,view,2025-01-16T17:24:00
343,41,click,2025-01-16T17:27:00
343,41,add_to_cart,2025-01-16T17:29:00
343,41,purchase,2025-01-16T17:31:00
343,27,search,2025-01-19T01:56:00
343,27,view,2025-01-19T01:59:00
343,27,click,2025-01-19T02:00:00
343,27,add_to_cart,2025-01-19T02:03:00
343,27,purchase,2025-01-19T02:05:00
343,37,view,2025-01-19T02:11:00
343,37,click,2025-01-19T02:14:00
343,37,add_to_cart,2025-01-19T02:17:00
343,37,purchase,2025-01-19T02:19:00
343,30,view,2025-01-19T02:31:00
343,30,click,2025-01-19T02:35:00
343,30,add_to_cart,2025-01-19T02:38:00
343,30,purchase,2025-01-19T02:40:00
343,27,review,2025-01-23T02:11:00
344,116,search,2025-01-04T03:59:00
344,116,view,2025-01-04T04:00:00
344,116,click,2025-01-04T04:04:00
344,113,view,2025-01-04T04:06:00
344,113,click,2025-01-04T04:07:00
344,190,search,2025-01-05T00:26:00
344,190,view,2025-01-05T00:28:00
344,190,click,2025-01-05T00:31:00
344,190,add_to_cart,2025-01-05T00:34:00
344,190,purchase,2025-01-05T00:35:00
344,198,view,2025-01-05T00:41:00
344,198,click,2025-01-05T00:44:00
344,180,search,2025-01-07T21:32:00
344,180,view,2025-01-07T21:34:00
344,180,click,2025-01-07T21:37:00
344,180,add_to_cart,2025-01-07T21:40:00
344,180,remove_cart,2025-01-07T21:41:00
344,200,view,2025-01-07T21:42:00
344,200,click,2025-01-07T21:43:00
344,200,add_to_cart,2025-01-07T21:44:00
344,200,remove_cart,2025-01-07T21:46:00
344,181,view,2025-01-08T13:40:00
344,181,click,2025-01-08T13:41:00
344,198,view,2025-01-08T13:44:00
344,198,click,2025-01-08T13:45:00
344,187,search,2025-01-09T03:50:00
344,187,view,2025-01-09T03:51:00
344,187,click,2025-01-09T03:52:00
344,187,add_to_cart,2025-01-09T03:54:00
344,187,purchase,2025-01-09T03:55:00
344,187,review,2025-01-10T03:57:00
344,187,search,2025-01-12T01:33:00
344,187,view,2025-01-12T01:36:00
344,187,click,2025-01-12T01:37:00
344,177,view,2025-01-12T01:39:00
344,177,click,2025-01-12T01:42:00
344,177,add_to_cart,2025-01-12T01:44:00
344,177,purchase,2025-01-12T01:46:00
344,188,view,2025-01-12T01:52:00
344,188,click,2025-01-12T01:53:00
344,188,add_to_cart,2025-01-12T01:56:00
344,188,purchase,2025-01-12T01:58:00
344,177,review,2025-01-24T01:52:00
344,188,review,2025-01-25T02:00:00
345,65,search,2025-01-06T00:29:00
345,65,view,2025-01-06T00:32:00
345,65,click,2025-01-06T00:36:00
345,53,search,2025-01-07T22:04:00
345,53,view,2025-01-07T22:05:00
345,53,click,2025-01-07T22:08:00
345,53,add_to_cart,2025-01-07T22:09:00
345,53,remove_cart,2025-01-07T22:10:00
345,138,search,2025-01-10T12:55:00
345,138,view,2025-01-10T12:57:00
345,138,click,2025-01-10T13:01:00
345,134,view,2025-01-10T13:02:00
345,134,click,2025-01-10T13:05:00
345,29,search,2025-01-13T12:26:00
345,29,view,2025-01-13T12:29:00
345,29,click,2025-01-13T12:33:00
345,35,view,2025-01-13T12:35:00
345,35,click,2025-01-13T12:39:00
345,38,view,2025-01-13T12:42:00
345,26,view,2025-01-14T06:48:00
345,26,click,2025-01-14T06:49:00
345,29,search,2025-01-16T04:04:00
345,29,view,2025-01-16T04:05:00
345,29,click,2025-01-16T04:07:00
345,29,add_to_cart,2025-01-16T04:09:00
345,29,purchase,2025-01-16T04:11:00
346,87,search,2025-01-05T06:16:00
346,87,view,2025-01-05T06:18:00
346,85,view,2025-01-05T06:19:00
346,85,click,2025-01-05T06:23:00
346,78,view,2025-01-05T06:26:00
346,78,click,2025-01-05T06:29:00
346,153,search,2025-01-07T08:06:00
346,153,view,2025-01-07T08:07:00
346,153,add_to_cart,2025-01-07T08:08:00
346,153,remove_cart,2025-01-07T08:10:00
346,111,search,2025-01-09T14:36:00
346,111,view,2025-01-09T14:37:00
346,111,click,2025-01-09T14:41:00
346,119,view,2025-01-09T14:44:00
346,119,click,2025-01-09T14:47:00
346,125,view,2025-01-09T14:48:00
346,125,click,2025-01-09T14:49:00
346,125,add_to_cart,2025-01-09T14:51:00
346,125,purchase,2025-01-09T14:53:00
346,67,search,2025-01-10T03:10:00
346,67,view,2025-01-10T03:11:00
346,76,view,2025-01-10T03:13:00
346,76,click,2025-01-10T03:16:00
346,75,view,2025-01-12T02:06:00
346,75,add_to_cart,2025-01-12T02:09:00
346,75,purchase,2025-01-12T02:10:00
346,115,search,2025-01-14T21:28:00
346,115,view,2025-01-14T21:30:00
346,115,click,2025-01-14T21:31:00
346,113,search,2025-01-16T08:10:00
346,113,view,2025-01-16T08:13:00
346,113,click,2025-01-16T08:17:00
346,113,add_to_cart,2025-01-16T08:20:00
346,113,purchase,2025-01-16T08:22:00
346,115,view,2025-01-16T08:26:00
346,115,add_to_cart,2025-01-16T08:28:00
346,115,remove_cart,2025-01-16T08:30:00
346,78,search,2025-01-18T03:57:00
346,78,view,2025-01-18T03:59:00
346,78,click,2025-01-18T04:01:00
346,68,view,2025-01-18T04:03:00
346,68,click,2025-01-18T04:06:00
346,113,review,2025-01-30T08:26:00
347,182,search,2025-01-02T17:03:00
347,182,view,2025-01-02T17:06:00
347,182,click,2025-01-02T17:08:00
347,182,add_to_cart,2025-01-02T17:09:00
347,182,purchase,2025-01-02T17:10:00
347,183,view,2025-01-02T17:22:00
347,183,click,2025-01-02T17:26:00
347,183,add_to_cart,2025-01-02T17:28:00
347,183,purchase,2025-01-02T17:29:00
347,197,view,2025-01-02T17:31:00
347,197,click,2025-01-02T17:35:00
347,197,add_to_cart,2025-01-02T17:36:00
347,197,purchase,2025-01-02T17:37:00
347,72,search,2025-01-05T09:47:00
347,72,view,2025-01-05T09:48:00
347,72,click,2025-01-05T09:50:00
347,79,view,2025-01-05T09:51:00
347,79,click,2025-01-05T09:55:00
347,79,add_to_cart,2025-01-05T09:57:00
347,79,remove_cart,2025-01-05T09:58:00
347,87,view,2025-01-05T10:00:00
347,87,click,2025-01-05T10:03:00
347,194,search,2025-01-06T09:44:00
347,194,view,2025-01-06T09:46:00
347,194,add_to_cart,2025-01-06T09:49:00
347,194,purchase,2025-01-06T09:50:00
347,183,review,2025-01-08T17:31:00
347,73,search,2025-01-09T05:30:00
347,73,view,2025-01-09T05:32:00
347,73,click,2025-01-09T05:33:00
347,78,view,2025-01-09T05:34:00
347,78,click,2025-01-09T05:35:00
347,84,view,2025-01-09T05:38:00
347,84,click,2025-01-09T05:39:00
347,84,add_to_cart,2025-01-09T05:42:00
347,84,purchase,2025-01-09T05:43:00
347,195,search,2025-01-11T04:20:00
347,195,view,2025-01-11T04:22:00
347,195,click,2025-01-11T04:23:00
347,195,add_to_cart,2025-01-11T04:24:00
347,195,purchase,2025-01-11T04:25:00
347,137,search,2025-01-12T22:54:00
347,137,view,2025-01-12T22:55:00
347,137,click,2025-01-12T22:59:00
347,191,search,2025-01-13T17:51:00
347,191,view,2025-01-13T17:53:00
347,191,click,2025-01-13T17:55:00
347,181,view,2025-01-13T17:56:00
347,181,click,2025-01-13T18:00:00
347,181,add_to_cart,2025-01-13T18:03:00
347,181,purchase,2025-01-13T18:04:00
347,180,view,2025-01-13T18:13:00
347,180,click,2025-01-13T18:14:00
347,180,add_to_cart,2025-01-13T18:16:00
347,180,purchase,2025-01-13T18:17:00
347,142,search,2025-01-14T19:04:00
347,142,view,2025-01-14T19:07:00
347,135,view,2025-01-14T19:08:00
347,135,click,2025-01-14T19:12:00
347,139,view,2025-01-14T19:13:00
347,139,click,2025-01-14T19:17:00
347,153,search,2025-01-15T12:51:00
347,153,view,2025-01-15T12:52:00
347,153,click,2025-01-15T12:53:00
347,181,review,2025-01-15T18:13:00
347,180,review,2025-01-26T18:27:00
348,177,search,2025-01-05T17:59:00
348,177,view,2025-01-05T18:02:00
348,200,view,2025-01-05T18:05:00
348,200,click,2025-01-05T18:09:00
348,99,search,2025-01-07T22:00:00
348,99,view,2025-01-07T22:03:00
348,99,add_to_cart,2025-01-07T22:07:00
348,99,purchase,2025-01-07T22:09:00
348,107,view,2025-01-07T22:13:00
348,109,search,2025-01-10T16:34:00
348,109,view,2025-01-10T16:37:00
348,109,click,2025-01-10T16:38:00
348,91,view,2025-01-10T16:39:00
348,91,add_to_cart,2025-01-10T16:42:00
348,91,purchase,2025-01-10T16:43:00
348,191,view,2025-01-11T22:32:00
348,191,click,2025-01-11T22:34:00
348,200,view,2025-01-11T22:35:00
348,200,click,2025-01-11T22:38:00
348,200,add_to_cart,2025-01-11T22:41:00
348,200,remove_cart,2025-01-11T22:43:00
348,91,review,2025-01-12T16:47:00
348,109,search,2025-01-14T20:58:00
348,109,view,2025-01-14T20:59:00
348,109,click,2025-01-14T21:00:00
348,109,add_to_cart,2025-01-14T21:01:00
348,109,purchase,2025-01-14T21:02:00
348,106,view,2025-01-14T21:09:00
348,106,click,2025-01-14T21:12:00
348,106,add_to_cart,2025-01-14T21:15:00
348,106,purchase,2025-01-14T21:16:00
348,88,view,2025-01-14T21:18:00
348,88,click,2025-01-14T21:21:00
348,88,add_to_cart,2025-01-14T21:22:00
348,88,purchase,2025-01-14T21:24:00
348,99,review,2025-01-14T22:13:00
348,37,search,2025-01-15T14:14:00
348,37,view,2025-01-15T14:17:00
348,37,add_to_cart,2025-01-15T14:18:00
348,37,purchase,2025-01-15T14:19:00
348,96,search,2025-01-16T18:24:00
348,96,view,2025-01-16T18:27:00
348,96,click,2025-01-16T18:29:00
348,94,view,2025-01-16T18:30:00
348,94,click,2025-01-16T18:34:00
348,37,review,2025-01-17T14:25:00
348,106,review,2025-01-18T21:18:00
348,35,search,2025-01-19T18:09:00
348,35,view,2025-01-19T18:12:00
348,35,click,2025-01-19T18:15:00
348,32,search,2025-01-20T14:01:00
348,32,view,2025-01-20T14:04:00
348,32,click,2025-01-20T14:05:00
348,34,view,2025-01-20T14:08:00
348,34,click,2025-01-20T14:09:00
348,34,add_to_cart,2025-01-20T14:10:00
348,34,purchase,2025-01-20T14:12:00
348,37,view,2025-01-20T14:17:00
348,37,click,2025-01-20T14:20:00
348,37,add_to_cart,2025-01-20T14:22:00
348,37,remove_cart,2025-01-20T14:23:00
348,34,review,2025-01-25T14:17:00
348,109,review,2025-01-26T21:09:00
349,79,view,2025-01-07T01:27:00
349,79,click,2025-01-07T01:30:00
349,30,search,2025-01-08T19:36:00
349,30,view,2025-01-08T19:39:00
349,30,click,2025-01-08T19:42:00
349,35,view,2025-01-08T19:44:00
349,37,view,2025-01-11T10:20:00
349,80,view,2025-01-13T01:51:00
349,80,click,2025-01-13T01:52:00
349,80,add_to_cart,2025-01-13T01:55:00
349,80,remove_cart,2025-01-13T01:56:00
349,70,view,2025-01-13T01:57:00
349,85,view,2025-01-13T02:01:00
349,85,click,2025-01-13T02:05:00
349,74,view,2025-01-15T22:57:00
349,74,click,2025-01-15T22:59:00
349,74,add_to_cart,2025-01-15T23:01:00
349,74,purchase,2025-01-15T23:02:00
349,81,view,2025-01-15T23:09:00
349,81,click,2025-01-15T23:12:00
349,81,add_to_cart,2025-01-15T23:13:00
349,81,purchase,2025-01-15T23:15:00
349,66,view,2025-01-15T23:25:00
349,66,click,2025-01-15T23:28:00
349,74,review,2025-01-16T23:09:00
349,38,search,2025-01-17T05:53:00
349,38,view,2025-01-17T05:56:00
349,38,click,2025-01-17T05:57:00
349,38,add_to_cart,2025-01-17T05:58:00
349,38,purchase,2025-01-17T06:00:00
349,33,view,2025-01-17T06:02:00
349,33,click,2025-01-17T06:06:00
349,33,search,2025-01-19T02:57:00
349,33,view,2025-01-19T02:58:00
349,33,add_to_cart,2025-01-19T02:59:00
349,33,purchase,2025-01-19T03:01:00
349,42,view,2025-01-19T03:06:00
349,42,click,2025-01-19T03:09:00
349,28,view,2025-01-19T03:11:00
349,28,click,2025-01-19T03:14:00
349,79,search,2025-01-20T23:38:00
349,79,view,2025-01-20T23:40:00
349,79,click,2025-01-20T23:42:00
349,73,view,2025-01-20T23:45:00
349,73,click,2025-01-20T23:48:00
349,73,add_to_cart,2025-01-20T23:51:00
349,73,purchase,2025-01-20T23:53:00
349,73,review,2025-01-23T00:03:00
350,164,search,2025-01-06T23:38:00
350,164,view,2025-01-06T23:40:00
350,164,click,2025-01-06T23:41:00
350,173,view,2025-01-06T23:44:00
350,173,click,2025-01-06T23:47:00
350,173,add_to_cart,2025-01-06T23:50:00
350,173,purchase,2025-01-06T23:52:00
350,165,view,2025-01-06T23:57:00
350,165,click,2025-01-06T23:58:00
350,164,search,2025-01-07T19:29:00
350,164,view,2025-01-07T19:32:00
350,164,add_to_cart,2025-01-07T19:35:00
350,164,purchase,2025-01-07T19:36:00
350,174,view,2025-01-07T19:39:00
350,174,click,2025-01-07T19:40:00
350,162,view,2025-01-07T19:42:00
350,162,click,2025-01-07T19:44:00
350,31,view,2025-01-09T02:46:00
350,31,click,2025-01-09T02:49:00
350,24,view,2025-01-09T02:52:00
350,162,view,2025-01-10T18:20:00
350,162,click,2025-01-10T18:22:00
350,168,view,2025-01-10T18:24:00
350,168,click,2025-01-10T18:28:00
350,174,search,2025-01-11T07:56:00
350,174,view,2025-01-11T07:58:00
350,174,click,2025-01-11T07:59:00
350,174,add_to_cart,2025-01-11T08:01:00
350,174,purchase,2025-01-11T08:02:00
350,154,view,2025-01-11T08:07:00
350,154,click,2025-01-11T08:11:00
350,154,add_to_cart,2025-01-11T08:14:00
350,154,purchase,2025-01-11T08:15:00
350,172,view,2025-01-11T08:18:00
350,172,click,2025-01-11T08:20:00
350,172,add_to_cart,2025-01-11T08:21:00
350,172,purchase,2025-01-11T08:22:00
350,164,review,2025-01-12T19:39:00
350,154,search,2025-01-13T16:47:00
350,154,view,2025-01-13T16:50:00
350,154,click,2025-01-13T16:51:00
350,159,view,2025-01-13T16:53:00
350,159,click,2025-01-13T16:57:00
350,159,add_to_cart,2025-01-13T17:00:00
350,159,purchase,2025-01-13T17:02:00
350,172,view,2025-01-13T17:09:00
350,172,click,2025-01-13T17:11:00
350,172,add_to_cart,2025-01-13T17:12:00
350,172,purchase,2025-01-13T17:14:00
350,27,search,2025-01-14T19:32:00
350,27,view,2025-01-14T19:33:00
350,35,view,2025-01-14T19:36:00
350,35,click,2025-01-14T19:39:00
350,35,add_to_cart,2025-01-14T19:40:00
350,35,purchase,2025-01-14T19:42:00
350,29,search,2025-01-15T09:51:00
350,29,view,2025-01-15T09:52:00
350,29,click,2025-01-15T09:56:00
350,154,review,2025-01-20T08:18:00
350,159,review,2025-01-21T17:09:00
350,172,review,2025-01-22T17:20:00
350,174,review,2025-01-24T08:07:00
351,91,search,2025-01-07T12:30:00
351,91,view,2025-01-07T12:33:00
351,91,click,2025-01-07T12:35:00
351,103,view,2025-01-07T12:38:00
351,102,search,2025-01-09T23:32:00
351,102,view,2025-01-09T23:33:00
351,102,click,2025-01-09T23:35:00
351,91,view,2025-01-09T23:37:00
351,91,click,2025-01-09T23:41:00
351,91,add_to_cart,2025-01-09T23:44:00
351,91,remove_cart,2025-01-09T23:45:00
351,105,view,2025-01-09T23:47:00
351,90,view,2025-01-11T22:42:00
351,90,click,2025-01-11T22:43:00
351,109,view,2025-01-11T22:44:00
351,88,view,2025-01-11T22:46:00
351,99,search,2025-01-14T19:10:00
351,99,view,2025-01-14T19:12:00
351,99,click,2025-01-14T19:16:00
351,99,add_to_cart,2025-01-14T19:19:00
351,99,purchase,2025-01-14T19:20:00
351,102,view,2025-01-14T19:32:00
351,102,click,2025-01-14T19:36:00
351,102,add_to_cart,2025-01-14T19:39:00
351,102,remove_cart,2025-01-14T19:41:00
351,107,view,2025-01-14T19:42:00
351,107,click,2025-01-14T19:44:00
351,107,add_to_cart,2025-01-14T19:47:00
351,107,remove_cart,2025-01-14T19:48:00
351,12,search,2025-01-16T00:09:00
351,12,view,2025-01-16T00:10:00
351,12,click,2025-01-16T00:11:00
351,20,view,2025-01-16T00:14:00
351,20,click,2025-01-16T00:18:00
351,3,view,2025-01-16T00:20:00
351,3,click,2025-01-16T00:23:00
351,100,search,2025-01-18T19:11:00
351,100,view,2025-01-18T19:12:00
351,100,add_to_cart,2025-01-18T19:14:00
351,100,purchase,2025-01-18T19:16:00
351,99,review,2025-01-19T19:32:00
351,22,search,2025-01-21T03:42:00
351,22,view,2025-01-21T03:44:00
351,22,click,2025-01-21T03:46:00
351,22,add_to_cart,2025-01-21T03:49:00
351,22,purchase,2025-01-21T03:51:00
351,2,view,2025-01-21T03:55:00
351,6,view,2025-01-21T03:56:00
351,6,click,2025-01-21T03:59:00
351,38,search,2025-01-21T16:29:00
351,38,view,2025-01-21T16:31:00
351,38,click,2025-01-21T16:32:00
351,27,view,2025-01-21T16:35:00
351,27,click,2025-01-21T16:39:00
351,22,review,2025-01-22T03:55:00
351,108,search,2025-01-23T09:09:00
351,108,view,2025-01-23T09:12:00
351,108,click,2025-01-23T09:13:00
351,39,search,2025-01-23T22:28:00
351,39,view,2025-01-23T22:31:00
351,39,click,2025-01-23T22:34:00
351,39,add_to_cart,2025-01-23T22:35:00
351,39,remove_cart,2025-01-23T22:37:00
351,30,view,2025-01-23T22:38:00
351,25,view,2025-01-23T22:39:00
351,25,click,2025-01-23T22:43:00
352,160,search,2025-01-11T09:41:00
352,160,view,2025-01-11T09:44:00
352,160,click,2025-01-11T09:48:00
352,168,view,2025-01-11T09:51:00
352,168,click,2025-01-11T09:53:00
352,168,add_to_cart,2025-01-11T09:54:00
352,168,purchase,2025-01-11T09:55:00
352,48,search,2025-01-12T16:29:00
352,48,view,2025-01-12T16:30:00
352,48,click,2025-01-12T16:32:00
352,46,view,2025-01-12T16:35:00
352,46,click,2025-01-12T16:38:00
352,58,view,2025-01-12T16:41:00
352,112,search,2025-01-14T17:54:00
352,112,view,2025-01-14T17:57:00
352,112,click,2025-01-14T18:00:00
352,52,search,2025-01-16T05:59:00
352,52,view,2025-01-16T06:01:00
352,52,click,2025-01-16T06:05:00
352,45,view,2025-01-16T06:07:00
352,45,click,2025-01-16T06:09:00
352,58,view,2025-01-16T06:11:00
352,58,click,2025-01-16T06:14:00
352,128,search,2025-01-19T03:58:00
352,128,view,2025-01-19T04:00:00
352,128,click,2025-01-19T04:04:00
352,128,add_to_cart,2025-01-19T04:06:00
352,128,purchase,2025-01-19T04:08:00
352,121,view,2025-01-19T04:10:00
352,168,review,2025-01-20T10:03:00
352,165,search,2025-01-21T05:55:00
352,165,view,2025-01-21T05:58:00
352,128,review,2025-01-29T04:10:00
353,166,search,2025-01-06T10:39:00
353,166,view,2025-01-06T10:42:00
353,166,click,2025-01-06T10:43:00
353,173,view,2025-01-06T10:45:00
353,173,click,2025-01-06T10:49:00
353,170,view,2025-01-08T20:42:00
353,170,click,2025-01-08T20:44:00
353,136,view,2025-01-10T05:45:00
353,136,click,2025-01-10T05:47:00
353,136,add_to_cart,2025-01-10T05:50:00
353,136,remove_cart,2025-01-10T05:52:00
353,146,view,2025-01-10T05:53:00
353,146,click,2025-01-10T05:55:00
353,10,search,2025-01-13T02:49:00
353,10,view,2025-01-13T02:51:00
353,10,click,2025-01-13T02:55:00
353,10,add_to_cart,2025-01-13T02:58:00
353,10,purchase,2025-01-13T03:00:00
353,9,view,2025-01-13T03:06:00
353,9,click,2025-01-13T03:10:00
353,13,view,2025-01-13T03:12:00
353,13,click,2025-01-13T03:14:00
353,13,add_to_cart,2025-01-13T03:16:00
353,13,purchase,2025-01-13T03:17:00
353,148,search,2025-01-14T10:03:00
353,148,view,2025-01-14T10:06:00
353,148,click,2025-01-14T10:07:00
353,148,add_to_cart,2025-01-14T10:09:00
353,148,purchase,2025-01-14T10:11:00
353,153,view,2025-01-14T10:23:00
353,153,click,2025-01-14T10:26:00
353,11,search,2025-01-14T23:05:00
353,11,view,2025-01-14T23:06:00
353,11,click,2025-01-14T23:07:00
353,3,view,2025-01-14T23:09:00
353,3,click,2025-01-14T23:13:00
353,3,add_to_cart,2025-01-14T23:14:00
353,3,purchase,2025-01-14T23:16:00
353,5,view,2025-01-14T23:24:00
353,5,click,2025-01-14T23:25:00
353,153,view,2025-01-16T06:11:00
353,153,click,2025-01-16T06:14:00
353,132,view,2025-01-16T06:16:00
353,132,click,2025-01-16T06:17:00
353,3,review,2025-01-21T23:24:00
353,13,review,2025-01-24T03:27:00
354,165,view,2025-01-11T09:16:00
354,165,click,2025-01-11T09:19:00
354,165,add_to_cart,2025-01-11T09:22:00
354,165,remove_cart,2025-01-11T09:23:00
354,170,view,2025-01-11T09:25:00
354,170,click,2025-01-11T09:27:00
354,93,search,2025-01-14T08:56:00
354,93,view,2025-01-14T08:59:00
354,93,click,2025-01-14T09:00:00
354,93,add_to_cart,2025-01-14T09:03:00
354,93,purchase,2025-01-14T09:05:00
354,105,view,2025-01-14T09:12:00
354,105,click,2025-01-14T09:13:00
354,105,add_to_cart,2025-01-14T09:16:00
354,105,purchase,2025-01-14T09:18:00
354,108,view,2025-01-14T09:27:00
354,108,click,2025-01-14T09:31:00
354,175,view,2025-01-15T22:39:00
354,175,click,2025-01-15T22:43:00
354,175,add_to_cart,2025-01-15T22:44:00
354,175,purchase,2025-01-15T22:46:00
354,7,view,2025-01-17T07:39:00
354,7,click,2025-01-17T07:42:00
354,13,view,2025-01-17T07:43:00
354,13,click,2025-01-17T07:44:00
354,20,view,2025-01-17T07:47:00
354,20,add_to_cart,2025-01-17T07:49:00
354,20,purchase,2025-01-17T07:50:00
354,173,search,2025-01-18T23:54:00
354,173,view,2025-01-18T23:57:00
354,173,click,2025-01-18T23:59:00
354,173,add_to_cart,2025-01-19T00:00:00
354,173,purchase,2025-01-19T00:01:00
354,154,view,2025-01-19T00:08:00
354,154,click,2025-01-19T00:10:00
354,93,review,2025-01-20T09:12:00
354,19,search,2025-01-21T01:20:00
354,19,view,2025-01-21T01:22:00
354,19,click,2025-01-21T01:24:00
354,19,add_to_cart,2025-01-21T01:27:00
354,19,purchase,2025-01-21T01:28:00
354,13,view,2025-01-21T01:40:00
354,13,click,2025-01-21T01:42:00
354,162,search,2025-01-22T05:30:00
354,162,view,2025-01-22T05:32:00
354,162,add_to_cart,2025-01-22T05:36:00
354,162,purchase,2025-01-22T05:37:00
354,172,view,2025-01-22T05:49:00
354,172,click,2025-01-22T05:50:00
354,172,add_to_cart,2025-01-22T05:51:00
354,172,purchase,2025-01-22T05:53:00
354,156,view,2025-01-22T06:05:00
354,156,click,2025-01-22T06:07:00
354,156,add_to_cart,2025-01-22T06:09:00
354,156,remove_cart,2025-01-22T06:11:00
354,102,search,2025-01-24T01:45:00
354,102,view,2025-01-24T01:48:00
354,102,click,2025-01-24T01:52:00
354,91,view,2025-01-24T01:55:00
354,91,click,2025-01-24T01:56:00
354,91,add_to_cart,2025-01-24T01:59:00
354,91,remove_cart,2025-01-24T02:00:00
354,92,view,2025-01-24T02:01:00
354,92,click,2025-01-24T02:03:00
354,92,add_to_cart,2025-01-24T02:04:00
354,92,purchase,2025-01-24T02:06:00
355,31,search,2025-01-11T00:30:00
355,31,view,2025-01-11T00:31:00
355,41,view,2025-01-11T00:34:00
355,28,search,2025-01-11T22:45:00
355,28,view,2025-01-11T22:46:00
355,28,click,2025-01-11T22:50:00
355,39,view,2025-01-11T22:51:00
355,32,view,2025-01-11T22:53:00
355,32,click,2025-01-11T22:55:00
355,32,add_to_cart,2025-01-11T22:58:00
355,32,remove_cart,2025-01-11T23:00:00
355,175,search,2025-01-12T21:22:00
355,175,view,2025-01-12T21:25:00
355,175,click,2025-01-12T21:26:00
355,175,add_to_cart,2025-01-12T21:27:00
355,175,purchase,2025-01-12T21:29:00
355,169,view,2025-01-12T21:34:00
355,169,click,2025-01-12T21:36:00
355,172,view,2025-01-12T21:39:00
355,172,click,2025-01-12T21:41:00
355,165,search,2025-01-13T20:49:00
355,165,view,2025-01-13T20:51:00
355,165,click,2025-01-13T20:52:00
355,165,add_to_cart,2025-01-13T20:54:00
355,165,purchase,2025-01-13T20:55:00
355,163,view,2025-01-13T20:59:00
355,163,click,2025-01-13T21:03:00
355,166,view,2025-01-13T21:06:00
355,166,click,2025-01-13T21:09:00
355,166,add_to_cart,2025-01-13T21:10:00
355,166,remove_cart,2025-01-13T21:11:00
355,175,review,2025-01-15T21:34:00
355,89,search,2025-01-16T15:18:00
355,89,view,2025-01-16T15:20:00
355,89,add_to_cart,2025-01-16T15:23:00
355,89,remove_cart,2025-01-16T15:25:00
355,108,view,2025-01-16T15:26:00
355,108,click,2025-01-16T15:27:00
355,108,add_to_cart,2025-01-16T15:30:00
355,108,purchase,2025-01-16T15:32:00
355,107,search,2025-01-17T13:06:00
355,107,view,2025-01-17T13:07:00
355,107,click,2025-01-17T13:08:00
355,102,view,2025-01-17T13:10:00
355,167,search,2025-01-19T13:29:00
355,167,view,2025-01-19T13:31:00
355,167,click,2025-01-19T13:35:00
355,167,add_to_cart,2025-01-19T13:37:00
355,167,purchase,2025-01-19T13:39:00
355,161,view,2025-01-19T13:46:00
355,161,click,2025-01-19T13:47:00
355,161,add_to_cart,2025-01-19T13:50:00
355,161,remove_cart,2025-01-19T13:52:00
355,165,review,2025-01-21T20:59:00
355,164,search,2025-01-22T10:29:00
355,164,view,2025-01-22T10:30:00
355,164,click,2025-01-22T10:33:00
355,154,view,2025-01-22T10:34:00
355,154,click,2025-01-22T10:37:00
355,36,search,2025-01-24T19:16:00
355,36,view,2025-01-24T19:18:00
355,36,click,2025-01-24T19:21:00
355,169,view,2025-01-27T07:11:00
355,169,add_to_cart,2025-01-27T07:12:00
355,169,remove_cart,2025-01-27T07:13:00
355,158,view,2025-01-27T07:14:00
355,167,review,2025-01-28T13:46:00
356,71,search,2025-01-08T04:30:00
356,71,view,2025-01-08T04:31:00
356,71,add_to_cart,2025-01-08T04:35:00
356,71,purchase,2025-01-08T04:37:00
356,87,search,2025-01-08T20:42:00
356,87,view,2025-01-08T20:43:00
356,87,click,2025-01-08T20:45:00
356,147,search,2025-01-09T23:11:00
356,147,view,2025-01-09T23:12:00
356,147,add_to_cart,2025-01-09T23:15:00
356,147,purchase,2025-01-09T23:17:00
356,146,view,2025-01-09T23:29:00
356,138,view,2025-01-09T23:31:00
356,69,search,2025-01-11T23:06:00
356,69,view,2025-01-11T23:09:00
356,69,click,2025-01-11T23:10:00
356,67,view,2025-01-11T23:11:00
356,67,click,2025-01-11T23:14:00
356,71,review,2025-01-12T04:48:00
356,139,search,2025-01-14T12:56:00
356,139,view,2025-01-14T12:58:00
356,139,click,2025-01-14T13:00:00
356,141,view,2025-01-14T13:03:00
356,141,click,2025-01-14T13:06:00
356,141,add_to_cart,2025-01-14T13:08:00
356,141,purchase,2025-01-14T13:10:00
356,136,view,2025-01-14T13:19:00
356,136,click,2025-01-14T13:23:00
356,136,add_to_cart,2025-01-14T13:24:00
356,136,remove_cart,2025-01-14T13:25:00
356,86,view,2025-01-17T03:19:00
356,86,click,2025-01-17T03:20:00
356,69,search,2025-01-18T15:33:00
356,69,view,2025-01-18T15:35:00
356,69,click,2025-01-18T15:37:00
357,194,view,2025-01-06T12:01:00
357,194,add_to_cart,2025-01-06T12:02:00
357,194,purchase,2025-01-06T12:03:00
357,195,search,2025-01-07T03:23:00
357,195,view,2025-01-07T03:24:00
357,195,click,2025-01-07T03:26:00
357,178,view,2025-01-07T03:27:00
357,178,click,2025-01-07T03:30:00
357,178,add_to_cart,2025-01-07T03:32:00
357,178,purchase,2025-01-07T03:33:00
357,158,search,2025-01-08T04:49:00
357,158,view,2025-01-08T04:52:00
357,158,click,2025-01-08T04:56:00
357,158,add_to_cart,2025-01-08T04:59:00
357,158,purchase,2025-01-08T05:01:00
357,171,view,2025-01-08T05:03:00
357,171,click,2025-01-08T05:04:00
357,171,add_to_cart,2025-01-08T05:06:00
357,171,purchase,2025-01-08T05:07:00
357,171,review,2025-01-09T05:16:00
357,158,search,2025-01-09T17:24:00
357,158,view,2025-01-09T17:26:00
357,158,click,2025-01-09T17:29:00
357,158,add_to_cart,2025-01-09T17:30:00
357,158,purchase,2025-01-09T17:32:00
357,161,view,2025-01-09T17:42:00
357,161,click,2025-01-09T17:45:00
357,157,view,2025-01-09T17:47:00
357,157,click,2025-01-09T17:49:00
357,171,view,2025-01-11T13:55:00
357,162,view,2025-01-11T13:57:00
357,162,click,2025-01-11T13:58:00
357,165,view,2025-01-11T13:59:00
357,165,click,2025-01-11T14:01:00
357,45,search,2025-01-12T10:41:00
357,45,view,2025-01-12T10:42:00
357,166,search,2025-01-13T07:58:00
357,166,view,2025-01-13T08:00:00
357,166,click,2025-01-13T08:01:00
357,181,view,2025-01-14T06:58:00
357,181,click,2025-01-14T07:00:00
357,181,add_to_cart,2025-01-14T07:02:00
357,181,purchase,2025-01-14T07:04:00
357,197,view,2025-01-14T07:09:00
357,197,click,2025-01-14T07:13:00
357,197,add_to_cart,2025-01-14T07:15:00
357,197,remove_cart,2025-01-14T07:16:00
357,187,view,2025-01-14T07:18:00
357,187,click,2025-01-14T07:20:00
357,49,view,2025-01-15T23:33:00
357,49,click,2025-01-15T23:36:00
357,158,review,2025-01-23T17:42:00
358,191,search,2025-01-12T08:41:00
358,191,view,2025-01-12T08:42:00
358,191,click,2025-01-12T08:45:00
358,48,search,2025-01-12T23:10:00
358,48,view,2025-01-12T23:12:00
358,48,add_to_cart,2025-01-12T23:15:00
358,48,purchase,2025-01-12T23:17:00
358,65,view,2025-01-12T23:27:00
358,65,click,2025-01-12T23:29:00
358,67,view,2025-01-13T23:50:00
358,67,add_to_cart,2025-01-13T23:54:00
358,67,purchase,2025-01-13T23:55:00
358,86,view,2025-01-13T23:58:00
358,86,click,2025-01-14T00:01:00
358,46,search,2025-01-16T13:51:00
358,46,view,2025-01-16T13:54:00
358,46,click,2025-01-16T13:57:00
358,46,add_to_cart,2025-01-16T13:58:00
358,46,purchase,2025-01-16T13:59:00
358,48,review,2025-01-17T23:27:00
358,57,search,2025-01-18T23:44:00
358,57,view,2025-01-18T23:47:00
358,57,click,2025-01-18T23:48:00
358,57,add_to_cart,2025-01-18T23:51:00
358,57,purchase,2025-01-18T23:53:00
358,62,view,2025-01-19T00:03:00
358,62,click,2025-01-19T00:05:00
358,62,add_to_cart,2025-01-19T00:07:00
358,62,purchase,2025-01-19T00:09:00
358,44,view,2025-01-19T00:20:00
358,44,click,2025-01-19T00:24:00
358,61,view,2025-01-21T11:15:00
358,61,click,2025-01-21T11:17:00
358,63,view,2025-01-21T11:18:00
358,63,click,2025-01-21T11:21:00
358,44,view,2025-01-21T11:23:00
358,57,view,2025-01-24T06:54:00
358,59,view,2025-01-24T06:58:00
358,59,click,2025-01-24T07:00:00
358,59,add_to_cart,2025-01-24T07:03:00
358,59,purchase,2025-01-24T07:04:00
358,63,view,2025-01-24T07:12:00
358,63,click,2025-01-24T07:15:00
358,87,search,2025-01-27T05:10:00
358,87,view,2025-01-27T05:12:00
358,87,click,2025-01-27T05:16:00
358,67,review,2025-01-27T23:58:00
358,84,search,2025-01-28T14:29:00
358,84,view,2025-01-28T14:30:00
358,70,view,2025-01-28T14:31:00
358,80,view,2025-01-28T14:34:00
358,80,click,2025-01-28T14:36:00
358,62,review,2025-01-29T00:20:00
359,128,search,2025-01-07T14:15:00
359,128,view,2025-01-07T14:16:00
359,128,click,2025-01-07T14:17:00
359,173,search,2025-01-09T08:29:00
359,173,view,2025-01-09T08:32:00
359,173,click,2025-01-09T08:35:00
359,173,add_to_cart,2025-01-09T08:36:00
359,173,purchase,2025-01-09T08:38:00
359,5,view,2025-01-11T18:26:00
359,5,click,2025-01-11T18:29:00
359,117,search,2025-01-14T19:15:00
359,117,view,2025-01-14T19:18:00
359,117,click,2025-01-14T19:22:00
359,117,add_to_cart,2025-01-14T19:24:00
359,117,purchase,2025-01-14T19:26:00
359,16,search,2025-01-15T21:16:00
359,16,view,2025-01-15T21:18:00
359,16,click,2025-01-15T21:20:00
359,16,add_to_cart,2025-01-15T21:23:00
359,16,purchase,2025-01-15T21:25:00
359,16,review,2025-01-16T21:27:00
359,173,search,2025-01-17T15:45:00
359,173,view,2025-01-17T15:48:00
359,173,click,2025-01-17T15:52:00
359,173,add_to_cart,2025-01-17T15:55:00
359,173,purchase,2025-01-17T15:57:00
359,174,view,2025-01-17T16:05:00
359,174,click,2025-01-17T16:06:00
359,174,add_to_cart,2025-01-17T16:08:00
359,174,purchase,2025-01-17T16:10:00
359,168,view,2025-01-17T16:19:00
359,168,click,2025-01-17T16:20:00
359,168,add_to_cart,2025-01-17T16:21:00
359,168,purchase,2025-01-17T16:22:00
359,122,search,2025-01-20T12:05:00
359,122,view,2025-01-20T12:06:00
359,122,click,2025-01-20T12:07:00
359,127,view,2025-01-20T12:08:00
359,127,click,2025-01-20T12:09:00
359,127,add_to_cart,2025-01-20T12:12:00
359,127,purchase,2025-01-20T12:14:00
359,116,view,2025-01-20T12:17:00
359,116,click,2025-01-20T12:21:00
359,173,review,2025-01-22T08:40:00
359,174,review,2025-01-25T16:19:00
359,127,review,2025-01-27T12:17:00
359,117,review,2025-01-27T19:36:00
359,173,review,2025-01-31T16:05:00
360,134,search,2025-01-03T14:53:00
360,134,view,2025-01-03T14:54:00
360,134,click,2025-01-03T14:56:00
360,134,add_to_cart,2025-01-03T14:59:00
360,134,purchase,2025-01-03T15:00:00
360,145,view,2025-01-03T15:11:00
360,145,click,2025-01-03T15:15:00
360,145,add_to_cart,2025-01-03T15:17:00
360,145,purchase,2025-01-03T15:18:00
360,31,search,2025-01-06T06:19:00
360,31,view,2025-01-06T06:21:00
360,31,click,2025-01-06T06:24:00
360,32,view,2025-01-06T06:25:00
360,32,add_to_cart,2025-01-06T06:27:00
360,32,purchase,2025-01-06T06:28:00
360,37,view,2025-01-08T10:27:00
360,37,add_to_cart,2025-01-08T10:28:00
360,37,purchase,2025-01-08T10:29:00
360,34,view,2025-01-08T10:41:00
360,34,click,2025-01-08T10:45:00
360,34,add_to_cart,2025-01-08T10:47:00
360,34,purchase,2025-01-08T10:48:00
360,4,search,2025-01-09T11:09:00
360,4,view,2025-01-09T11:10:00
360,4,click,2025-01-09T11:14:00
360,22,view,2025-01-09T11:15:00
360,22,click,2025-01-09T11:17:00
360,14,search,2025-01-10T16:37:00
360,14,view,2025-01-10T16:38:00
360,14,click,2025-01-10T16:40:00
360,15,view,2025-01-10T16:42:00
360,42,search,2025-01-11T18:48:00
360,42,view,2025-01-11T18:50:00
360,42,click,2025-01-11T18:54:00
360,36,view,2025-01-11T18:56:00
360,36,click,2025-01-11T19:00:00
360,36,add_to_cart,2025-01-11T19:02:00
360,36,purchase,2025-01-11T19:03:00
360,151,search,2025-01-14T17:54:00
360,151,view,2025-01-14T17:57:00
360,151,click,2025-01-14T18:01:00
360,151,add_to_cart,2025-01-14T18:03:00
360,151,purchase,2025-01-14T18:05:00
360,134,view,2025-01-14T18:12:00
360,134,click,2025-01-14T18:15:00
360,134,add_to_cart,2025-01-14T18:17:00
360,134,purchase,2025-01-14T18:19:00
360,135,search,2025-01-15T18:38:00
360,135,view,2025-01-15T18:41:00
360,135,click,2025-01-15T18:43:00
360,143,view,2025-01-15T18:44:00
360,143,click,2025-01-15T18:48:00
360,145,review,2025-01-16T15:27:00
360,34,review,2025-01-17T11:00:00
360,134,review,2025-01-28T18:22:00
361,171,search,2025-01-06T14:08:00
361,171,view,2025-01-06T14:10:00
361,174,view,2025-01-06T14:13:00
361,174,click,2025-01-06T14:16:00
361,174,add_to_cart,2025-01-06T14:19:00
361,174,purchase,2025-01-06T14:20:00
361,166,view,2025-01-08T04:44:00
361,166,click,2025-01-08T04:47:00
361,138,search,2025-01-09T01:03:00
361,138,view,2025-01-09T01:05:00
361,138,click,2025-01-09T01:07:00
361,138,add_to_cart,2025-01-09T01:09:00
361,138,purchase,2025-01-09T01:10:00
361,143,search,2025-01-11T07:43:00
361,143,view,2025-01-11T07:46:00
361,143,click,2025-01-11T07:48:00
361,147,view,2025-01-11T07:49:00
361,147,click,2025-01-11T07:50:00
361,166,search,2025-01-12T00:48:00
361,166,view,2025-01-12T00:50:00
361,166,add_to_cart,2025-01-12T00:54:00
361,166,purchase,2025-01-12T00:56:00
361,156,view,2025-01-12T00:59:00
361,156,click,2025-01-12T01:02:00
361,156,add_to_cart,2025-01-12T01:05:00
361,156,purchase,2025-01-12T01:07:00
361,173,view,2025-01-12T01:12:00
361,173,click,2025-01-12T01:15:00
361,173,add_to_cart,2025-01-12T01:16:00
361,173,purchase,2025-01-12T01:18:00
361,49,search,2025-01-13T18:22:00
361,49,view,2025-01-13T18:23:00
361,62,view,2025-01-13T18:26:00
361,62,click,2025-01-13T18:28:00
361,62,add_to_cart,2025-01-13T18:30:00
361,62,remove_cart,2025-01-13T18:31:00
361,154,search,2025-01-14T08:41:00
361,154,view,2025-01-14T08:42:00
361,154,click,2025-01-14T08:44:00
361,154,add_to_cart,2025-01-14T08:47:00
361,154,purchase,2025-01-14T08:49:00
361,149,search,2025-01-14T21:46:00
361,149,view,2025-01-14T21:47:00
361,156,review,2025-01-16T01:12:00
361,167,search,2025-01-17T06:32:00
361,167,view,2025-01-17T06:34:00
361,167,click,2025-01-17T06:36:00
361,161,view,2025-01-17T06:37:00
361,154,review,2025-01-21T08:53:00
361,173,review,2025-01-22T01:26:00
362,163,search,2025-01-04T12:14:00
362,163,view,2025-01-04T12:16:00
362,163,click,2025-01-04T12:19:00
362,163,add_to_cart,2025-01-04T12:20:00
362,163,purchase,2025-01-04T12:21:00
362,158,view,2025-01-04T12:26:00
362,158,click,2025-01-04T12:27:00
362,171,view,2025-01-07T10:48:00
362,171,click,2025-01-07T10:51:00
362,173,view,2025-01-07T10:54:00
362,173,click,2025-01-07T10:56:00
362,173,add_to_cart,2025-01-07T10:59:00
362,173,remove_cart,2025-01-07T11:01:00
362,164,view,2025-01-07T11:03:00
362,164,click,2025-01-07T11:05:00
362,40,view,2025-01-08T10:18:00
362,40,click,2025-01-08T10:21:00
362,40,add_to_cart,2025-01-08T10:24:00
362,40,remove_cart,2025-01-08T10:26:00
362,41,view,2025-01-08T10:27:00
362,41,click,2025-01-08T10:28:00
362,42,view,2025-01-08T10:31:00
362,42,click,2025-01-08T10:35:00
362,42,add_to_cart,2025-01-08T10:37:00
362,42,purchase,2025-01-08T10:39:00
362,54,search,2025-01-10T03:31:00
362,54,view,2025-01-10T03:33:00
362,28,view,2025-01-12T03:58:00
362,28,click,2025-01-12T03:59:00
362,29,view,2025-01-12T04:02:00
362,29,click,2025-01-12T04:04:00
362,29,add_to_cart,2025-01-12T04:07:00
362,29,purchase,2025-01-12T04:08:00
362,30,view,2025-01-12T04:20:00
362,30,click,2025-01-12T04:23:00
362,29,search,2025-01-14T20:46:00
362,29,view,2025-01-14T20:48:00
362,29,click,2025-01-14T20:52:00
362,29,add_to_cart,2025-01-14T20:53:00
362,29,purchase,2025-01-14T20:54:00
362,26,view,2025-01-14T20:57:00
362,26,click,2025-01-14T20:58:00
362,26,add_to_cart,2025-01-14T21:01:00
362,26,purchase,2025-01-14T21:02:00
362,28,view,2025-01-14T21:08:00
362,28,click,2025-01-14T21:10:00
362,28,add_to_cart,2025-01-14T21:11:00
362,28,purchase,2025-01-14T21:13:00
362,37,search,2025-01-17T20:27:00
362,37,view,2025-01-17T20:30:00
362,37,click,2025-01-17T20:32:00
362,42,review,2025-01-20T10:46:00
362,45,search,2025-01-20T11:27:00
362,45,view,2025-01-20T11:28:00
362,45,click,2025-01-20T11:31:00
362,44,view,2025-01-20T11:34:00
362,44,click,2025-01-20T11:36:00
362,44,add_to_cart,2025-01-20T11:38:00
362,44,purchase,2025-01-20T11:39:00
362,54,view,2025-01-20T11:47:00
362,54,click,2025-01-20T11:48:00
362,54,add_to_cart,2025-01-20T11:51:00
362,54,purchase,2025-01-20T11:53:00
362,29,review,2025-01-20T20:57:00
362,29,review,2025-01-23T04:20:00
362,44,review,2025-01-23T11:47:00
362,28,review,2025-01-23T21:23:00
363,91,search,2025-01-09T12:25:00
363,91,view,2025-01-09T12:26:00
363,91,click,2025-01-09T12:27:00
363,98,view,2025-01-09T12:29:00
363,98,click,2025-01-09T12:32:00
363,98,add_to_cart,2025-01-09T12:34:00
363,98,purchase,2025-01-09T12:35:00
363,35,view,2025-01-10T22:23:00
363,35,click,2025-01-10T22:26:00
363,39,view,2025-01-10T22:28:00
363,39,click,2025-01-10T22:30:00
363,39,add_to_cart,2025-01-10T22:31:00
363,39,purchase,2025-01-10T22:33:00
363,39,review,2025-01-11T22:43:00
363,158,search,2025-01-12T19:45:00
363,158,view,2025-01-12T19:48:00
363,158,click,2025-01-12T19:49:00
363,158,add_to_cart,2025-01-12T19:51:00
363,158,purchase,2025-01-12T19:52:00
363,157,view,2025-01-12T19:55:00
363,157,click,2025-01-12T19:57:00
363,157,add_to_cart,2025-01-12T20:00:00
363,157,purchase,2025-01-12T20:02:00
363,161,search,2025-01-14T16:35:00
363,161,view,2025-01-14T16:38:00
363,161,click,2025-01-14T16:41:00
363,161,add_to_cart,2025-01-14T16:44:00
363,161,purchase,2025-01-14T16:46:00
363,173,view,2025-01-14T16:51:00
363,173,click,2025-01-14T16:54:00
363,103,search,2025-01-16T22:53:00
363,103,view,2025-01-16T22:55:00
363,97,view,2025-01-16T22:58:00
363,97,click,2025-01-16T22:59:00
363,91,view,2025-01-16T23:00:00
363,91,click,2025-01-16T23:03:00
363,164,search,2025-01-18T16:51:00
363,164,view,2025-01-18T16:54:00
363,164,click,2025-01-18T16:58:00
363,164,search,2025-01-19T06:28:00
363,164,view,2025-01-19T06:30:00
363,164,click,2025-01-19T06:34:00
363,98,review,2025-01-21T12:47:00
363,23,search,2025-01-22T05:59:00
363,23,view,2025-01-22T06:01:00
363,23,add_to_cart,2025-01-22T06:02:00
363,23,purchase,2025-01-22T06:04:00
363,39,view,2025-01-22T06:09:00
363,39,click,2025-01-22T06:12:00
363,161,review,2025-01-22T16:51:00
363,93,search,2025-01-24T13:30:00
363,93,view,2025-01-24T13:32:00
363,93,click,2025-01-24T13:34:00
363,93,add_to_cart,2025-01-24T13:37:00
363,93,purchase,2025-01-24T13:38:00
363,93,review,2025-01-25T13:46:00
363,158,review,2025-01-26T19:55:00
363,23,review,2025-02-04T06:09:00
364,55,search,2025-01-13T02:13:00
364,55,view,2025-01-13T02:16:00
364,55,click,2025-01-13T02:17:00
364,5,search,2025-01-15T02:26:00
364,5,view,2025-01-15T02:29:00
364,5,click,2025-01-15T02:31:00
364,16,view,2025-01-15T02:32:00
364,16,add_to_cart,2025-01-15T02:36:00
364,16,purchase,2025-01-15T02:38:00
364,3,view,2025-01-15T02:41:00
364,3,click,2025-01-15T02:42:00
364,4,view,2025-01-16T22:46:00
364,4,click,2025-01-16T22:50:00
364,5,search,2025-01-18T13:01:00
364,5,view,2025-01-18T13:02:00
364,5,click,2025-01-18T13:05:00
364,26,search,2025-01-19T22:58:00
364,26,view,2025-01-19T23:00:00
364,26,click,2025-01-19T23:04:00
364,26,add_to_cart,2025-01-19T23:05:00
364,26,purchase,2025-01-19T23:07:00
364,35,view,2025-01-19T23:18:00
364,35,click,2025-01-19T23:21:00
364,36,view,2025-01-19T23:24:00
364,36,click,2025-01-19T23:28:00
364,36,add_to_cart,2025-01-19T23:30:00
364,36,purchase,2025-01-19T23:31:00
364,39,search,2025-01-22T19:47:00
364,39,view,2025-01-22T19:49:00
364,39,click,2025-01-22T19:52:00
364,58,search,2025-01-23T14:42:00
364,58,view,2025-01-23T14:45:00
364,58,click,2025-01-23T14:47:00
364,58,add_to_cart,2025-01-23T14:50:00
364,58,purchase,2025-01-23T14:51:00
364,26,review,2025-01-23T23:18:00
364,29,search,2025-01-24T21:21:00
364,29,view,2025-01-24T21:23:00
364,29,add_to_cart,2025-01-24T21:26:00
364,29,purchase,2025-01-24T21:28:00
364,65,search,2025-01-26T05:19:00
364,65,view,2025-01-26T05:20:00
364,65,click,2025-01-26T05:21:00
364,65,add_to_cart,2025-01-26T05:23:00
364,65,remove_cart,2025-01-26T05:24:00
364,53,view,2025-01-26T05:25:00
364,51,search,2025-01-29T03:17:00
364,51,view,2025-01-29T03:18:00
364,51,click,2025-01-29T03:19:00
364,51,add_to_cart,2025-01-29T03:20:00
364,51,purchase,2025-01-29T03:22:00
364,44,view,2025-01-29T03:32:00
364,44,click,2025-01-29T03:36:00
365,81,search,2025-01-07T15:19:00
365,81,view,2025-01-07T15:21:00
365,81,click,2025-01-07T15:23:00
365,68,view,2025-01-07T15:26:00
365,68,click,2025-01-07T15:28:00
365,68,add_to_cart,2025-01-07T15:29:00
365,68,purchase,2025-01-07T15:31:00
365,102,view,2025-01-09T03:01:00
365,101,view,2025-01-09T03:02:00
365,100,view,2025-01-09T03:03:00
365,100,click,2025-01-09T03:05:00
365,100,add_to_cart,2025-01-09T03:07:00
365,100,purchase,2025-01-09T03:09:00
365,153,search,2025-01-10T03:52:00
365,153,view,2025-01-10T03:53:00
365,153,click,2025-01-10T03:54:00
365,153,add_to_cart,2025-01-10T03:57:00
365,153,remove_cart,2025-01-10T03:58:00
365,149,view,2025-01-10T04:00:00
365,149,click,2025-01-10T04:01:00
365,149,add_to_cart,2025-01-10T04:02:00
365,149,purchase,2025-01-10T04:03:00
365,140,view,2025-01-10T04:15:00
365,140,click,2025-01-10T04:17:00
365,134,search,2025-01-12T10:18:00
365,134,view,2025-01-12T10:20:00
365,140,search,2025-01-15T00:55:00
365,140,view,2025-01-15T00:58:00
365,140,click,2025-01-15T01:02:00
365,147,view,2025-01-15T01:05:00
365,148,view,2025-01-15T01:08:00
365,148,click,2025-01-15T01:12:00
365,90,search,2025-01-16T08:09:00
365,90,view,2025-01-16T08:11:00
365,90,click,2025-01-16T08:14:00
365,91,view,2025-01-16T08:17:00
365,149,review,2025-01-18T04:15:00
365,152,view,2025-01-18T17:54:00
365,152,click,2025-01-18T17:55:00
365,94,view,2025-01-21T00:31:00
365,94,click,2025-01-21T00:35:00
365,92,view,2025-01-21T00:37:00
365,92,click,2025-01-21T00:40:00
365,92,add_to_cart,2025-01-21T00:41:00
365,92,purchase,2025-01-21T00:43:00
365,103,view,2025-01-21T00:50:00
365,92,review,2025-01-25T00:50:00
366,102,view,2025-01-06T23:06:00
366,102,click,2025-01-06T23:08:00
366,101,view,2025-01-06T23:09:00
366,101,click,2025-01-06T23:12:00
366,101,add_to_cart,2025-01-06T23:14:00
366,101,purchase,2025-01-06T23:15:00
366,99,view,2025-01-06T23:27:00
366,99,add_to_cart,2025-01-06T23:31:00
366,99,purchase,2025-01-06T23:32:00
366,106,search,2025-01-08T07:33:00
366,106,view,2025-01-08T07:36:00
366,106,click,2025-01-08T07:40:00
366,106,add_to_cart,2025-01-08T07:42:00
366,106,purchase,2025-01-08T07:44:00
366,103,view,2025-01-08T07:52:00
366,103,click,2025-01-08T07:54:00
366,103,add_to_cart,2025-01-08T07:57:00
366,103,purchase,2025-01-08T07:58:00
366,89,view,2025-01-08T08:03:00
366,89,click,2025-01-08T08:04:00
366,7,view,2025-01-10T07:57:00
366,7,click,2025-01-10T08:00:00
366,7,add_to_cart,2025-01-10T08:01:00
366,7,remove_cart,2025-01-10T08:02:00
366,22,view,2025-01-10T08:04:00
366,22,click,2025-01-10T08:05:00
366,10,view,2025-01-10T08:06:00
366,10,click,2025-01-10T08:09:00
366,96,view,2025-01-13T04:27:00
366,96,click,2025-01-13T04:29:00
366,96,add_to_cart,2025-01-13T04:30:00
366,96,purchase,2025-01-13T04:31:00
366,93,view,2025-01-13T04:37:00
366,93,click,2025-01-13T04:41:00
366,28,view,2025-01-15T17:14:00
366,28,click,2025-01-15T17:18:00
366,25,view,2025-01-15T17:21:00
366,25,click,2025-01-15T17:24:00
366,91,search,2025-01-17T12:35:00
366,91,view,2025-01-17T12:37:00
366,91,click,2025-01-17T12:39:00
366,106,review,2025-01-19T07:52:00
366,23,search,2025-01-19T20:17:00
366,23,view,2025-01-19T20:18:00
366,23,click,2025-01-19T20:20:00
366,23,add_to_cart,2025-01-19T20:23:00
366,23,purchase,2025-01-19T20:25:00
366,38,view,2025-01-19T20:28:00
366,38,click,2025-01-19T20:32:00
366,38,add_to_cart,2025-01-19T20:35:00
366,38,purchase,2025-01-19T20:37:00
366,38,review,2025-01-25T20:46:00
367,82,view,2025-01-05T15:53:00
367,82,click,2025-01-05T15:55:00
367,79,view,2025-01-05T15:57:00
367,79,click,2025-01-05T16:01:00
367,6,search,2025-01-06T08:40:00
367,6,view,2025-01-06T08:41:00
367,6,click,2025-01-06T08:42:00
367,169,search,2025-01-06T20:53:00
367,169,view,2025-01-06T20:55:00
367,169,click,2025-01-06T20:59:00
367,169,add_to_cart,2025-01-06T21:02:00
367,169,remove_cart,2025-01-06T21:04:00
367,174,view,2025-01-06T21:06:00
367,174,click,2025-01-06T21:08:00
367,174,add_to_cart,2025-01-06T21:09:00
367,174,purchase,2025-01-06T21:11:00
367,154,view,2025-01-06T21:13:00
367,154,click,2025-01-06T21:16:00
367,20,search,2025-01-09T10:12:00
367,20,view,2025-01-09T10:15:00
367,20,click,2025-01-09T10:18:00
367,3,view,2025-01-09T10:21:00
367,3,click,2025-01-09T10:24:00
367,22,view,2025-01-09T10:25:00
367,22,click,2025-01-09T10:26:00
367,22,add_to_cart,2025-01-09T10:29:00
367,22,purchase,2025-01-09T10:31:00
367,22,review,2025-01-10T10:39:00
367,72,view,2025-01-10T22:26:00
367,72,click,2025-01-10T22:29:00
367,72,add_to_cart,2025-01-10T22:31:00
367,72,purchase,2025-01-10T22:33:00
367,81,view,2025-01-10T22:38:00
367,81,click,2025-01-10T22:41:00
367,81,add_to_cart,2025-01-10T22:43:00
367,81,purchase,2025-01-10T22:44:00
367,77,view,2025-01-10T22:47:00
367,77,click,2025-01-10T22:49:00
367,77,add_to_cart,2025-01-10T22:51:00
367,77,remove_cart,2025-01-10T22:53:00
367,10,search,2025-01-13T07:45:00
367,10,view,2025-01-13T07:46:00
367,10,click,2025-01-13T07:49:00
367,10,add_to_cart,2025-01-13T07:51:00
367,10,remove_cart,2025-01-13T07:53:00
367,8,view,2025-01-13T07:55:00
367,8,click,2025-01-13T07:57:00
367,8,add_to_cart,2025-01-13T07:59:00
367,8,purchase,2025-01-13T08:00:00
367,72,review,2025-01-13T22:38:00
367,81,review,2025-01-13T22:47:00
367,171,search,2025-01-14T05:57:00
367,171,view,2025-01-14T06:00:00
367,171,click,2025-01-14T06:01:00
367,171,add_to_cart,2025-01-14T06:02:00
367,171,purchase,2025-01-14T06:03:00
367,87,search,2025-01-15T01:53:00
367,87,view,2025-01-15T01:56:00
367,87,click,2025-01-15T01:58:00
367,79,view,2025-01-15T02:00:00
367,79,click,2025-01-15T02:02:00
367,79,add_to_cart,2025-01-15T02:05:00
367,79,remove_cart,2025-01-15T02:06:00
367,74,view,2025-01-15T02:07:00
367,74,click,2025-01-15T02:09:00
367,166,search,2025-01-17T16:44:00
367,166,view,2025-01-17T16:47:00
367,166,add_to_cart,2025-01-17T16:48:00
367,166,purchase,2025-01-17T16:50:00
367,170,view,2025-01-17T16:53:00
367,170,click,2025-01-17T16:57:00
367,170,add_to_cart,2025-01-17T17:00:00
367,170,remove_cart,2025-01-17T17:02:00
367,172,view,2025-01-17T17:03:00
367,172,click,2025-01-17T17:07:00
367,172,add_to_cart,2025-01-17T17:09:00
367,172,remove_cart,2025-01-17T17:11:00
367,9,search,2025-01-18T06:54:00
367,9,view,2025-01-18T06:55:00
367,9,click,2025-01-18T06:58:00
367,20,view,2025-01-18T07:01:00
367,20,click,2025-01-18T07:02:00
367,20,add_to_cart,2025-01-18T07:04:00
367,20,purchase,2025-01-18T07:05:00
367,13,view,2025-01-18T07:17:00
367,13,add_to_cart,2025-01-18T07:18:00
367,13,purchase,2025-01-18T07:20:00
367,174,review,2025-01-19T21:13:00
367,8,review,2025-01-20T08:06:00
367,20,review,2025-01-27T07:17:00
368,81,search,2025-01-09T03:38:00
368,81,view,2025-01-09T03:41:00
368,81,click,2025-01-09T03:45:00
368,68,view,2025-01-09T03:47:00
368,68,click,2025-01-09T03:49:00
368,68,add_to_cart,2025-01-09T03:51:00
368,68,purchase,2025-01-09T03:53:00
368,83,view,2025-01-09T04:05:00
368,83,click,2025-01-09T04:07:00
368,184,search,2025-01-11T03:52:00
368,184,view,2025-01-11T03:53:00
368,184,click,2025-01-11T03:57:00
368,85,search,2025-01-13T02:52:00
368,85,view,2025-01-13T02:54:00
368,85,click,2025-01-13T02:55:00
368,85,add_to_cart,2025-01-13T02:58:00
368,85,remove_cart,2025-01-13T03:00:00
368,68,review,2025-01-14T04:05:00
368,140,view,2025-01-14T20:27:00
368,140,click,2025-01-14T20:30:00
368,82,search,2025-01-15T09:00:00
368,82,view,2025-01-15T09:03:00
368,82,click,2025-01-15T09:06:00
368,76,view,2025-01-15T09:09:00
368,76,click,2025-01-15T09:12:00
368,76,add_to_cart,2025-01-15T09:13:00
368,76,purchase,2025-01-15T09:15:00
368,67,view,2025-01-15T09:27:00
368,67,click,2025-01-15T09:29:00
368,132,search,2025-01-18T04:48:00
368,132,view,2025-01-18T04:50:00
368,132,click,2025-01-18T04:54:00
368,142,view,2025-01-18T04:56:00
368,142,click,2025-01-18T05:00:00
368,134,view,2025-01-18T05:01:00
368,134,click,2025-01-18T05:04:00
368,78,search,2025-01-20T00:37:00
368,78,view,2025-01-20T00:40:00
368,78,click,2025-01-20T00:44:00
368,78,add_to_cart,2025-01-20T00:45:00
368,78,purchase,2025-01-20T00:47:00
368,69,view,2025-01-20T00:55:00
368,69,click,2025-01-20T00:56:00
368,67,view,2025-01-20T00:58:00
368,67,add_to_cart,2025-01-20T01:00:00
368,67,remove_cart,2025-01-20T01:02:00
369,16,search,2025-01-11T11:54:00
369,16,view,2025-01-11T11:55:00
369,16,click,2025-01-11T11:58:00
369,16,add_to_cart,2025-01-11T12:00:00
369,16,purchase,2025-01-11T12:02:00
369,14,view,2025-01-11T12:14:00
369,14,click,2025-01-11T12:15:00
369,19,view,2025-01-11T12:16:00
369,19,click,2025-01-11T12:17:00
369,134,search,2025-01-14T09:18:00
369,134,view,2025-01-14T09:21:00
369,143,view,2025-01-14T09:23:00
369,148,view,2025-01-14T09:25:00
369,148,click,2025-01-14T09:28:00
369,148,add_to_cart,2025-01-14T09:30:00
369,148,remove_cart,2025-01-14T09:31:00
369,18,search,2025-01-15T15:21:00
369,18,view,2025-01-15T15:24:00
369,18,click,2025-01-15T15:27:00
369,18,add_to_cart,2025-01-15T15:29:00
369,18,remove_cart,2025-01-15T15:30:00
369,20,view,2025-01-15T15:31:00
369,20,click,2025-01-15T15:33:00
369,20,add_to_cart,2025-01-15T15:35:00
369,20,purchase,2025-01-15T15:37:00
369,10,view,2025-01-15T15:39:00
369,10,click,2025-01-15T15:43:00
369,10,add_to_cart,2025-01-15T15:46:00
369,10,purchase,2025-01-15T15:48:00
369,136,search,2025-01-17T13:47:00
369,136,view,2025-01-17T13:48:00
369,136,click,2025-01-17T13:49:00
369,10,review,2025-01-17T15:53:00
369,16,review,2025-01-18T12:14:00
369,150,search,2025-01-18T16:43:00
369,150,view,2025-01-18T16:44:00
369,150,click,2025-01-18T16:47:00
369,150,add_to_cart,2025-01-18T16:50:00
369,150,remove_cart,2025-01-18T16:52:00
369,151,view,2025-01-18T16:53:00
369,151,click,2025-01-18T16:54:00
369,114,search,2025-01-20T13:17:00
369,114,view,2025-01-20T13:19:00
369,114,click,2025-01-20T13:20:00
369,112,view,2025-01-20T13:21:00
369,112,click,2025-01-20T13:22:00
369,112,add_to_cart,2025-01-20T13:24:00
369,112,purchase,2025-01-20T13:26:00
369,20,view,2025-01-21T06:11:00
369,18,view,2025-01-21T06:14:00
369,18,click,2025-01-21T06:16:00
369,18,add_to_cart,2025-01-21T06:18:00
369,18,purchase,2025-01-21T06:20:00
369,20,review,2025-01-21T15:39:00
369,2,search,2025-01-22T11:03:00
369,2,view,2025-01-22T11:06:00
369,2,click,2025-01-22T11:10:00
369,2,add_to_cart,2025-01-22T11:12:00
369,2,remove_cart,2025-01-22T11:13:00
369,22,view,2025-01-22T11:14:00
369,22,click,2025-01-22T11:17:00
369,12,view,2025-01-22T11:18:00
369,12,click,2025-01-22T11:21:00
369,4,view,2025-01-23T08:16:00
369,4,add_to_cart,2025-01-23T08:18:00
369,4,purchase,2025-01-23T08:20:00
369,4,review,2025-01-24T08:28:00
370,63,search,2025-01-10T06:29:00
370,63,view,2025-01-10T06:31:00
370,63,click,2025-01-10T06:33:00
370,54,view,2025-01-10T06:35:00
370,54,click,2025-01-10T06:37:00
370,54,add_to_cart,2025-01-10T06:40:00
370,54,remove_cart,2025-01-10T06:42:00
370,44,search,2025-01-11T15:38:00
370,44,view,2025-01-11T15:41:00
370,44,click,2025-01-11T15:45:00
370,65,view,2025-01-11T15:46:00
370,65,click,2025-01-11T15:47:00
370,49,view,2025-01-11T15:49:00
370,49,click,2025-01-11T15:52:00
370,49,add_to_cart,2025-01-11T15:54:00
370,49,remove_cart,2025-01-11T15:55:00
370,128,search,2025-01-13T07:37:00
370,128,view,2025-01-13T07:40:00
370,128,click,2025-01-13T07:42:00
370,128,add_to_cart,2025-01-13T07:44:00
370,128,purchase,2025-01-13T07:45:00
370,111,view,2025-01-13T07:50:00
370,111,click,2025-01-13T07:52:00
370,111,add_to_cart,2025-01-13T07:54:00
370,111,remove_cart,2025-01-13T07:55:00
370,114,view,2025-01-13T07:56:00
370,114,click,2025-01-13T07:58:00
370,59,search,2025-01-15T00:15:00
370,59,view,2025-01-15T00:17:00
370,59,click,2025-01-15T00:21:00
370,59,add_to_cart,2025-01-15T00:24:00
370,59,purchase,2025-01-15T00:25:00
370,111,view,2025-01-17T09:55:00
370,113,view,2025-01-20T03:21:00
370,120,view,2025-01-20T03:22:00
370,120,click,2025-01-20T03:25:00
370,125,view,2025-01-20T03:28:00
370,125,click,2025-01-20T03:31:00
370,128,review,2025-01-22T07:50:00
371,69,view,2025-01-09T19:55:00
371,69,click,2025-01-09T19:58:00
371,75,view,2025-01-09T20:01:00
371,75,add_to_cart,2025-01-09T20:02:00
371,75,remove_cart,2025-01-09T20:04:00
371,82,view,2025-01-09T20:06:00
371,82,click,2025-01-09T20:09:00
371,82,add_to_cart,2025-01-09T20:10:00
371,82,purchase,2025-01-09T20:12:00
371,167,search,2025-01-11T19:43:00
371,167,view,2025-01-11T19:45:00
371,167,click,2025-01-11T19:48:00
371,171,view,2025-01-11T19:51:00
371,171,click,2025-01-11T19:53:00
371,171,add_to_cart,2025-01-11T19:55:00
371,171,purchase,2025-01-11T19:57:00
371,22,search,2025-01-12T22:21:00
371,22,view,2025-01-12T22:22:00
371,159,view,2025-01-14T10:51:00
371,159,click,2025-01-14T10:54:00
371,163,search,2025-01-15T23:51:00
371,163,view,2025-01-15T23:54:00
371,163,click,2025-01-15T23:56:00
371,163,add_to_cart,2025-01-15T23:59:00
371,163,purchase,2025-01-16T00:00:00
371,174,search,2025-01-17T00:09:00
371,174,view,2025-01-17T00:10:00
371,174,click,2025-01-17T00:13:00
371,16,search,2025-01-18T20:32:00
371,16,view,2025-01-18T20:34:00
371,16,click,2025-01-18T20:37:00
371,159,search,2025-01-19T23:29:00
371,159,view,2025-01-19T23:32:00
371,159,click,2025-01-19T23:33:00
371,159,add_to_cart,2025-01-19T23:35:00
371,159,purchase,2025-01-19T23:37:00
371,163,review,2025-01-27T00:05:00
371,159,review,2025-01-28T23:41:00
372,120,search,2025-01-04T17:00:00
372,120,view,2025-01-04T17:02:00
372,120,click,2025-01-04T17:06:00
372,120,add_to_cart,2025-01-04T17:08:00
372,120,remove_cart,2025-01-04T17:10:00
372,131,view,2025-01-04T17:12:00
372,131,click,2025-01-04T17:13:00
372,131,add_to_cart,2025-01-04T17:15:00
372,131,purchase,2025-01-04T17:17:00
372,125,view,2025-01-04T17:28:00
372,125,click,2025-01-04T17:29:00
372,184,search,2025-01-06T02:39:00
372,184,view,2025-01-06T02:40:00
372,184,click,2025-01-06T02:43:00
372,184,add_to_cart,2025-01-06T02:45:00
372,184,purchase,2025-01-06T02:46:00
372,180,view,2025-01-06T02:53:00
372,180,click,2025-01-06T02:57:00
372,180,add_to_cart,2025-01-06T03:00:00
372,180,purchase,2025-01-06T03:01:00
372,131,search,2025-01-08T06:02:00
372,131,view,2025-01-08T06:04:00
372,131,click,2025-01-08T06:07:00
372,122,view,2025-01-08T06:08:00
372,122,click,2025-01-08T06:11:00
372,122,add_to_cart,2025-01-08T06:12:00
372,122,purchase,2025-01-08T06:14:00
372,118,view,2025-01-08T06:17:00
372,118,click,2025-01-08T06:18:00
372,95,view,2025-01-10T00:47:00
372,95,click,2025-01-10T00:50:00
372,95,add_to_cart,2025-01-10T00:53:00
372,95,remove_cart,2025-01-10T00:55:00
372,94,view,2025-01-10T00:57:00
372,94,click,2025-01-10T00:58:00
372,191,view,2025-01-10T19:41:00
372,191,click,2025-01-10T19:44:00
372,191,add_to_cart,2025-01-10T19:47:00
372,191,purchase,2025-01-10T19:49:00
372,196,view,2025-01-10T20:01:00
372,196,click,2025-01-10T20:03:00
372,196,add_to_cart,2025-01-10T20:04:00
372,196,purchase,2025-01-10T20:05:00
372,90,search,2025-01-12T18:30:00
372,90,view,2025-01-12T18:33:00
372,90,click,2025-01-12T18:34:00
372,90,add_to_cart,2025-01-12T18:37:00
372,90,purchase,2025-01-12T18:38:00
372,104,view,2025-01-12T18:42:00
372,104,click,2025-01-12T18:43:00
372,104,add_to_cart,2025-01-12T18:46:00
372,104,purchase,2025-01-12T18:47:00
372,89,view,2025-01-12T18:55:00
372,89,click,2025-01-12T18:56:00
372,89,add_to_cart,2025-01-12T18:59:00
372,89,purchase,2025-01-12T19:00:00
372,196,review,2025-01-17T20:14:00
372,104,review,2025-01-18T18:55:00
372,122,review,2025-01-19T06:17:00
372,191,review,2025-01-19T20:01:00
373,2,search,2025-01-07T08:11:00
373,2,view,2025-01-07T08:13:00
373,2,click,2025-01-07T08:15:00
373,28,search,2025-01-08T10:06:00
373,28,view,2025-01-08T10:08:00
373,28,click,2025-01-08T10:11:00
373,28,add_to_cart,2025-01-08T10:12:00
373,28,purchase,2025-01-08T10:14:00
373,30,view,2025-01-09T11:41:00
373,30,click,2025-01-09T11:43:00
373,34,view,2025-01-09T11:46:00
373,34,click,2025-01-09T11:49:00
373,41,search,2025-01-11T05:46:00
373,41,view,2025-01-11T05:48:00
373,41,click,2025-01-11T05:51:00
373,145,search,2025-01-12T19:57:00
373,145,view,2025-01-12T19:58:00
373,145,click,2025-01-12T19:59:00
373,141,view,2025-01-12T20:02:00
373,141,click,2025-01-12T20:04:00
373,136,view,2025-01-12T20:05:00
373,136,click,2025-01-12T20:06:00
373,136,add_to_cart,2025-01-12T20:09:00
373,136,purchase,2025-01-12T20:11:00
373,7,search,2025-01-14T10:33:00
373,7,view,2025-01-14T10:36:00
373,7,click,2025-01-14T10:38:00
373,14,view,2025-01-14T10:40:00
373,14,click,2025-01-14T10:42:00
373,14,add_to_cart,2025-01-14T10:43:00
373,14,remove_cart,2025-01-14T10:44:00
373,12,view,2025-01-14T10:46:00
373,12,click,2025-01-14T10:48:00
373,149,search,2025-01-16T16:28:00
373,149,view,2025-01-16T16:31:00
373,149,click,2025-01-16T16:34:00
373,3,view,2025-01-18T10:54:00
373,3,click,2025-01-18T10:57:00
373,21,view,2025-01-18T10:59:00
373,21,click,2025-01-18T11:03:00
373,21,add_to_cart,2025-01-18T11:05:00
373,21,purchase,2025-01-18T11:06:00
373,142,search,2025-01-20T09:28:00
373,142,view,2025-01-20T09:30:00
373,142,click,2025-01-20T09:34:00
373,142,add_to_cart,2025-01-20T09:36:00
373,142,purchase,2025-01-20T09:37:00
373,145,view,2025-01-20T09:40:00
373,145,click,2025-01-20T09:41:00
373,138,view,2025-01-20T09:44:00
373,138,click,2025-01-20T09:48:00
373,142,review,2025-01-31T09:40:00
374,7,view,2025-01-06T20:49:00
374,7,click,2025-01-06T20:53:00
374,11,view,2025-01-06T20:56:00
374,11,click,2025-01-06T20:58:00
374,10,view,2025-01-06T21:01:00
374,10,click,2025-01-06T21:03:00
374,107,view,2025-01-09T15:17:00
374,107,add_to_cart,2025-01-09T15:19:00
374,107,purchase,2025-01-09T15:20:00
374,43,search,2025-01-12T16:03:00
374,43,view,2025-01-12T16:06:00
374,43,add_to_cart,2025-01-12T16:08:00
374,43,purchase,2025-01-12T16:09:00
374,56,view,2025-01-12T16:18:00
374,56,add_to_cart,2025-01-12T16:22:00
374,56,purchase,2025-01-12T16:23:00
374,107,review,2025-01-14T15:29:00
374,93,search,2025-01-15T12:32:00
374,93,view,2025-01-15T12:33:00
374,93,add_to_cart,2025-01-15T12:36:00
374,93,purchase,2025-01-15T12:37:00
374,94,search,2025-01-16T10:20:00
374,94,view,2025-01-16T10:22:00
374,94,click,2025-01-16T10:23:00
374,56,review,2025-01-16T16:26:00
374,63,search,2025-01-17T06:50:00
374,63,view,2025-01-17T06:53:00
374,63,click,2025-01-17T06:55:00
374,63,add_to_cart,2025-01-17T06:57:00
374,63,remove_cart,2025-01-17T06:59:00
374,46,search,2025-01-18T20:31:00
374,46,view,2025-01-18T20:33:00
374,46,click,2025-01-18T20:37:00
374,62,view,2025-01-18T20:38:00
374,62,click,2025-01-18T20:39:00
374,62,add_to_cart,2025-01-18T20:42:00
374,62,remove_cart,2025-01-18T20:43:00
374,6,search,2025-01-21T18:56:00
374,6,view,2025-01-21T18:58:00
374,6,click,2025-01-21T19:00:00
374,6,add_to_cart,2025-01-21T19:02:00
374,6,remove_cart,2025-01-21T19:03:00
374,7,view,2025-01-21T19:05:00
374,7,click,2025-01-21T19:07:00
374,7,add_to_cart,2025-01-21T19:09:00
374,7,remove_cart,2025-01-21T19:11:00
375,37,search,2025-01-07T11:35:00
375,37,view,2025-01-07T11:37:00
375,37,click,2025-01-07T11:39:00
375,189,search,2025-01-08T01:23:00
375,189,view,2025-01-08T01:24:00
375,189,click,2025-01-08T01:28:00
375,185,view,2025-01-08T01:29:00
375,185,click,2025-01-08T01:32:00
375,35,view,2025-01-10T08:08:00
375,41,view,2025-01-10T08:09:00
375,41,click,2025-01-10T08:12:00
375,29,view,2025-01-10T08:15:00
375,29,click,2025-01-10T08:19:00
375,198,search,2025-01-10T22:29:00
375,198,view,2025-01-10T22:31:00
375,198,click,2025-01-10T22:34:00
375,197,view,2025-01-10T22:36:00
375,176,view,2025-01-10T22:40:00
375,176,click,2025-01-10T22:44:00
375,176,add_to_cart,2025-01-10T22:45:00
375,176,remove_cart,2025-01-10T22:47:00
375,39,view,2025-01-13T14:45:00
375,39,click,2025-01-13T14:48:00
375,39,add_to_cart,2025-01-13T14:51:00
375,39,remove_cart,2025-01-13T14:52:00
375,36,view,2025-01-13T14:53:00
375,36,click,2025-01-13T14:54:00
375,32,search,2025-01-15T23:36:00
375,32,view,2025-01-15T23:38:00
375,32,click,2025-01-15T23:40:00
375,49,search,2025-01-16T13:03:00
375,49,view,2025-01-16T13:05:00
375,49,click,2025-01-16T13:06:00
375,45,view,2025-01-16T13:07:00
375,45,click,2025-01-16T13:09:00
375,45,add_to_cart,2025-01-16T13:12:00
375,45,purchase,2025-01-16T13:14:00
375,32,search,2025-01-19T10:35:00
375,32,view,2025-01-19T10:37:00
375,32,click,2025-01-19T10:40:00
375,29,view,2025-01-19T10:41:00
375,29,click,2025-01-19T10:43:00
375,29,add_to_cart,2025-01-19T10:46:00
375,29,remove_cart,2025-01-19T10:48:00
375,31,view,2025-01-19T10:49:00
375,31,click,2025-01-19T10:50:00
375,31,add_to_cart,2025-01-19T10:53:00
375,31,purchase,2025-01-19T10:54:00
375,45,review,2025-01-20T13:25:00
376,43,search,2025-01-10T10:45:00
376,43,view,2025-01-10T10:47:00
376,43,click,2025-01-10T10:51:00
376,43,add_to_cart,2025-01-10T10:54:00
376,43,purchase,2025-01-10T10:56:00
376,64,view,2025-01-10T11:04:00
376,64,click,2025-01-10T11:06:00
376,9,search,2025-01-12T23:03:00
376,9,view,2025-01-12T23:05:00
376,9,click,2025-01-12T23:07:00
376,9,add_to_cart,2025-01-12T23:10:00
376,9,remove_cart,2025-01-12T23:12:00
376,8,view,2025-01-12T23:13:00
376,8,click,2025-01-12T23:14:00
376,19,view,2025-01-12T23:17:00
376,19,click,2025-01-12T23:19:00
376,43,review,2025-01-13T11:04:00
376,55,search,2025-01-14T09:08:00
376,55,view,2025-01-14T09:10:00
376,55,click,2025-01-14T09:14:00
376,55,add_to_cart,2025-01-14T09:15:00
376,55,purchase,2025-01-14T09:16:00
376,59,view,2025-01-14T09:26:00
376,59,click,2025-01-14T09:29:00
376,59,add_to_cart,2025-01-14T09:31:00
376,59,purchase,2025-01-14T09:33:00
376,63,view,2025-01-14T09:43:00
376,63,click,2025-01-14T09:47:00
376,1,search,2025-01-16T17:03:00
376,1,view,2025-01-16T17:04:00
376,1,click,2025-01-16T17:07:00
376,20,view,2025-01-16T17:08:00
376,20,click,2025-01-16T17:10:00
376,20,add_to_cart,2025-01-16T17:12:00
376,20,purchase,2025-01-16T17:14:00
376,14,view,2025-01-16T17:19:00
376,14,click,2025-01-16T17:20:00
376,14,add_to_cart,2025-01-16T17:21:00
376,14,purchase,2025-01-16T17:22:00
376,55,review,2025-01-17T09:26:00
376,48,search,2025-01-17T18:00:00
376,48,view,2025-01-17T18:01:00
376,48,click,2025-01-17T18:02:00
376,48,add_to_cart,2025-01-17T18:04:00
376,48,remove_cart,2025-01-17T18:05:00
376,54,view,2025-01-17T18:06:00
376,54,click,2025-01-17T18:08:00
376,15,search,2025-01-20T17:07:00
376,15,view,2025-01-20T17:08:00
376,15,add_to_cart,2025-01-20T17:09:00
376,15,purchase,2025-01-20T17:11:00
376,9,view,2025-01-20T17:22:00
376,9,click,2025-01-20T17:25:00
376,20,review,2025-01-24T17:19:00
376,59,review,2025-01-27T09:43:00
376,15,review,2025-01-29T17:22:00
377,85,view,2025-01-06T18:41:00
377,85,click,2025-01-06T18:42:00
377,66,view,2025-01-06T18:44:00
377,66,click,2025-01-06T18:47:00
377,66,add_to_cart,2025-01-06T18:50:00
377,66,remove_cart,2025-01-06T18:52:00
377,72,view,2025-01-06T18:54:00
377,72,click,2025-01-06T18:57:00
377,72,add_to_cart,2025-01-06T19:00:00
377,72,purchase,2025-01-06T19:01:00
377,47,view,2025-01-09T02:20:00
377,47,click,2025-01-09T02:23:00
377,49,view,2025-01-09T02:26:00
377,49,click,2025-01-09T02:28:00
377,53,view,2025-01-09T02:31:00
377,72,review,2025-01-09T19:07:00
377,63,search,2025-01-10T04:56:00
377,63,view,2025-01-10T04:59:00
377,63,click,2025-01-10T05:03:00
377,63,add_to_cart,2025-01-10T05:06:00
377,63,purchase,2025-01-10T05:07:00
377,63,search,2025-01-11T10:15:00
377,63,view,2025-01-11T10:17:00
377,63,click,2025-01-11T10:21:00
377,45,view,2025-01-11T10:22:00
377,45,add_to_cart,2025-01-11T10:26:00
377,45,remove_cart,2025-01-11T10:28:00
377,53,view,2025-01-11T10:30:00
377,51,search,2025-01-12T05:26:00
377,51,view,2025-01-12T05:28:00
377,51,click,2025-01-12T05:30:00
377,75,search,2025-01-13T23:32:00
377,75,view,2025-01-13T23:33:00
377,75,add_to_cart,2025-01-13T23:35:00
377,75,purchase,2025-01-13T23:37:00
377,71,view,2025-01-13T23:43:00
377,71,click,2025-01-13T23:47:00
377,63,review,2025-01-14T05:13:00
377,32,view,2025-01-15T18:29:00
377,32,click,2025-01-15T18:31:00
377,32,add_to_cart,2025-01-15T18:34:00
377,32,remove_cart,2025-01-15T18:35:00
377,35,view,2025-01-15T18:36:00
377,35,click,2025-01-15T18:38:00
377,75,review,2025-01-21T23:43:00
378,196,search,2025-01-05T08:26:00
378,196,view,2025-01-05T08:28:00
378,196,click,2025-01-05T08:29:00
378,196,add_to_cart,2025-01-05T08:31:00
378,196,purchase,2025-01-05T08:33:00
378,143,view,2025-01-08T08:50:00
378,143,click,2025-01-08T08:51:00
378,143,add_to_cart,2025-01-08T08:54:00
378,143,purchase,2025-01-08T08:56:00
378,145,view,2025-01-08T09:00:00
378,145,click,2025-01-08T09:04:00
378,196,review,2025-01-10T08:43:00
378,150,search,2025-01-10T18:30:00
378,150,view,2025-01-10T18:31:00
378,150,click,2025-01-10T18:32:00
378,150,add_to_cart,2025-01-10T18:34:00
378,150,purchase,2025-01-10T18:36:00
378,142,view,2025-01-10T18:47:00
378,142,click,2025-01-10T18:49:00
378,192,search,2025-01-12T10:27:00
378,192,view,2025-01-12T10:28:00
378,192,click,2025-01-12T10:30:00
378,186,view,2025-01-12T10:33:00
378,186,click,2025-01-12T10:34:00
378,186,add_to_cart,2025-01-12T10:35:00
378,186,remove_cart,2025-01-12T10:36:00
378,177,view,2025-01-12T10:37:00
378,61,search,2025-01-15T06:31:00
378,61,view,2025-01-15T06:34:00
378,61,click,2025-01-15T06:36:00
378,53,view,2025-01-15T06:37:00
378,53,click,2025-01-15T06:38:00
378,53,add_to_cart,2025-01-15T06:39:00
378,53,remove_cart,2025-01-15T06:40:00
378,65,view,2025-01-15T06:41:00
378,65,click,2025-01-15T06:43:00
378,46,view,2025-01-17T14:53:00
378,46,click,2025-01-17T14:57:00
378,197,search,2025-01-18T13:27:00
378,197,view,2025-01-18T13:29:00
378,190,view,2025-01-18T13:33:00
378,190,click,2025-01-18T13:35:00
378,195,view,2025-01-18T13:36:00
378,195,click,2025-01-18T13:39:00
378,46,search,2025-01-19T18:25:00
378,46,view,2025-01-19T18:28:00
378,46,click,2025-01-19T18:32:00
378,46,add_to_cart,2025-01-19T18:34:00
378,46,remove_cart,2025-01-19T18:36:00
378,52,view,2025-01-19T18:37:00
378,52,click,2025-01-19T18:41:00
378,141,search,2025-01-21T22:50:00
378,141,view,2025-01-21T22:53:00
378,141,click,2025-01-21T22:57:00
378,150,view,2025-01-21T22:58:00
378,150,click,2025-01-21T22:59:00
378,151,view,2025-01-21T23:00:00
378,151,click,2025-01-21T23:03:00
378,151,add_to_cart,2025-01-21T23:06:00
378,151,purchase,2025-01-21T23:07:00
378,143,review,2025-01-22T09:00:00
379,139,search,2025-01-02T16:40:00
379,139,view,2025-01-02T16:41:00
379,139,click,2025-01-02T16:45:00
379,138,view,2025-01-02T16:47:00
379,138,click,2025-01-02T16:50:00
379,138,add_to_cart,2025-01-02T16:52:00
379,138,purchase,2025-01-02T16:53:00
379,136,search,2025-01-05T02:37:00
379,136,view,2025-01-05T02:40:00
379,136,click,2025-01-05T02:43:00
379,35,view,2025-01-07T03:57:00
379,35,click,2025-01-07T04:01:00
379,148,search,2025-01-10T05:00:00
379,148,view,2025-01-10T05:02:00
379,148,click,2025-01-10T05:04:00
379,148,add_to_cart,2025-01-10T05:07:00
379,148,remove_cart,2025-01-10T05:09:00
379,142,view,2025-01-10T05:11:00
379,142,click,2025-01-10T05:15:00
379,142,add_to_cart,2025-01-10T05:17:00
379,142,purchase,2025-01-10T05:18:00
379,135,view,2025-01-10T05:22:00
379,135,click,2025-01-10T05:25:00
379,138,review,2025-01-11T17:04:00
379,193,search,2025-01-12T02:48:00
379,193,view,2025-01-12T02:50:00
379,193,click,2025-01-12T02:52:00
379,193,add_to_cart,2025-01-12T02:55:00
379,193,purchase,2025-01-12T02:56:00
379,182,view,2025-01-12T03:02:00
379,182,click,2025-01-12T03:06:00
379,181,search,2025-01-14T11:06:00
379,181,view,2025-01-14T11:07:00
379,142,view,2025-01-16T08:57:00
379,142,click,2025-01-16T09:00:00
379,135,search,2025-01-19T01:04:00
379,135,view,2025-01-19T01:06:00
379,135,click,2025-01-19T01:07:00
379,135,add_to_cart,2025-01-19T01:10:00
379,135,purchase,2025-01-19T01:12:00
379,148,search,2025-01-21T02:23:00
379,148,view,2025-01-21T02:25:00
379,148,click,2025-01-21T02:26:00
379,142,review,2025-01-24T05:22:00
380,144,search,2025-01-10T20:28:00
380,144,view,2025-01-10T20:31:00
380,144,click,2025-01-10T20:33:00
380,133,view,2025-01-10T20:36:00
380,25,search,2025-01-11T13:33:00
380,25,view,2025-01-11T13:36:00
380,25,click,2025-01-11T13:38:00
380,40,view,2025-01-11T13:41:00
380,40,click,2025-01-11T13:42:00
380,40,add_to_cart,2025-01-11T13:43:00
380,40,purchase,2025-01-11T13:45:00
380,28,view,2025-01-13T10:57:00
380,28,click,2025-01-13T10:59:00
380,32,view,2025-01-15T15:56:00
380,32,click,2025-01-15T15:59:00
380,32,add_to_cart,2025-01-15T16:00:00
380,32,purchase,2025-01-15T16:02:00
380,27,search,2025-01-17T16:39:00
380,27,view,2025-01-17T16:42:00
380,27,click,2025-01-17T16:43:00
380,33,view,2025-01-17T16:44:00
380,33,click,2025-01-17T16:48:00
380,121,search,2025-01-18T08:07:00
380,121,view,2025-01-18T08:09:00
380,121,click,2025-01-18T08:10:00
380,110,view,2025-01-18T08:11:00
380,110,click,2025-01-18T08:13:00
380,32,review,2025-01-26T16:13:00
381,166,search,2025-01-08T05:26:00
381,166,view,2025-01-08T05:29:00
381,166,click,2025-01-08T05:31:00
381,171,view,2025-01-08T05:32:00
381,171,click,2025-01-08T05:36:00
381,162,view,2025-01-08T05:38:00
381,162,click,2025-01-08T05:39:00
381,162,add_to_cart,2025-01-08T05:42:00
381,162,purchase,2025-01-08T05:44:00
381,155,search,2025-01-09T17:17:00
381,155,view,2025-01-09T17:19:00
381,155,click,2025-01-09T17:23:00
381,155,add_to_cart,2025-01-09T17:24:00
381,155,purchase,2025-01-09T17:25:00
381,164,view,2025-01-09T17:33:00
381,164,click,2025-01-09T17:37:00
381,23,view,2025-01-11T19:23:00
381,23,click,2025-01-11T19:24:00
381,23,add_to_cart,2025-01-11T19:27:00
381,23,remove_cart,2025-01-11T19:28:00
381,31,view,2025-01-11T19:29:00
381,31,click,2025-01-11T19:30:00
381,166,search,2025-01-12T15:39:00
381,166,view,2025-01-12T15:41:00
381,166,click,2025-01-12T15:43:00
381,161,view,2025-01-12T15:46:00
381,161,click,2025-01-12T15:47:00
381,168,view,2025-01-12T15:49:00
381,168,click,2025-01-12T15:52:00
381,33,view,2025-01-14T02:17:00
381,33,click,2025-01-14T02:20:00
381,33,add_to_cart,2025-01-14T02:22:00
381,33,purchase,2025-01-14T02:24:00
381,35,view,2025-01-14T02:27:00
381,38,search,2025-01-14T15:34:00
381,38,view,2025-01-14T15:37:00
381,38,click,2025-01-14T15:38:00
381,33,review,2025-01-27T02:27:00
382,93,search,2025-01-08T06:55:00
382,93,view,2025-01-08T06:57:00
382,93,click,2025-01-08T07:01:00
382,93,add_to_cart,2025-01-08T07:03:00
382,93,remove_cart,2025-01-08T07:04:00
382,101,view,2025-01-08T07:06:00
382,101,click,2025-01-08T07:07:00
382,101,add_to_cart,2025-01-08T07:09:00
382,101,purchase,2025-01-08T07:11:00
382,99,view,2025-01-08T07:23:00
382,99,click,2025-01-08T07:25:00
382,99,add_to_cart,2025-01-08T07:27:00
382,99,remove_cart,2025-01-08T07:28:00
382,94,search,2025-01-11T00:25:00
382,94,view,2025-01-11T00:28:00
382,94,click,2025-01-11T00:29:00
382,94,add_to_cart,2025-01-11T00:30:00
382,94,remove_cart,2025-01-11T00:31:00
382,92,view,2025-01-11T00:32:00
382,92,click,2025-01-11T00:35:00
382,127,view,2025-01-13T18:23:00
382,127,click,2025-01-13T18:24:00
382,127,add_to_cart,2025-01-13T18:26:00
382,127,purchase,2025-01-13T18:28:00
382,119,view,2025-01-13T18:30:00
382,119,click,2025-01-13T18:34:00
382,107,search,2025-01-15T03:14:00
382,107,view,2025-01-15T03:17:00
382,107,click,2025-01-15T03:21:00
382,107,add_to_cart,2025-01-15T03:24:00
382,107,remove_cart,2025-01-15T03:26:00
382,91,search,2025-01-17T17:00:00
382,91,view,2025-01-17T17:02:00
382,91,click,2025-01-17T17:04:00
382,104,view,2025-01-17T17:06:00
382,104,click,2025-01-17T17:10:00
382,104,add_to_cart,2025-01-17T17:13:00
382,104,purchase,2025-01-17T17:15:00
382,94,view,2025-01-17T17:24:00
382,127,review,2025-01-19T18:30:00
382,79,view,2025-01-20T02:47:00
382,79,click,2025-01-20T02:49:00
382,79,add_to_cart,2025-01-20T02:52:00
382,79,purchase,2025-01-20T02:54:00
382,87,view,2025-01-20T03:06:00
382,87,click,2025-01-20T03:07:00
382,87,add_to_cart,2025-01-20T03:09:00
382,87,purchase,2025-01-20T03:10:00
382,84,view,2025-01-20T03:14:00
382,84,click,2025-01-20T03:18:00
382,120,search,2025-01-21T11:46:00
382,120,view,2025-01-21T11:48:00
382,120,click,2025-01-21T11:49:00
382,111,view,2025-01-21T11:52:00
382,111,click,2025-01-21T11:56:00
382,73,search,2025-01-24T08:35:00
382,73,view,2025-01-24T08:38:00
382,73,click,2025-01-24T08:40:00
382,73,add_to_cart,2025-01-24T08:41:00
382,73,purchase,2025-01-24T08:43:00
382,73,search,2025-01-25T14:39:00
382,73,view,2025-01-25T14:42:00
382,73,click,2025-01-25T14:45:00
382,73,add_to_cart,2025-01-25T14:48:00
382,73,purchase,2025-01-25T14:49:00
382,73,review,2025-01-27T08:46:00
382,73,review,2025-02-01T14:55:00
383,72,search,2025-01-09T23:48:00
383,72,view,2025-01-09T23:50:00
383,72,click,2025-01-09T23:52:00
383,72,add_to_cart,2025-01-09T23:53:00
383,72,remove_cart,2025-01-09T23:54:00
383,77,view,2025-01-09T23:56:00
383,77,click,2025-01-09T23:59:00
383,80,view,2025-01-10T00:02:00
383,80,add_to_cart,2025-01-10T00:04:00
383,80,purchase,2025-01-10T00:05:00
383,75,search,2025-01-11T12:42:00
383,75,view,2025-01-11T12:44:00
383,75,click,2025-01-11T12:48:00
383,75,add_to_cart,2025-01-11T12:51:00
383,75,purchase,2025-01-11T12:53:00
383,85,view,2025-01-11T12:55:00
383,85,click,2025-01-11T12:56:00
383,86,search,2025-01-13T02:27:00
383,86,view,2025-01-13T02:29:00
383,86,click,2025-01-13T02:30:00
383,86,add_to_cart,2025-01-13T02:32:00
383,86,remove_cart,2025-01-13T02:33:00
383,82,view,2025-01-13T02:35:00
383,82,click,2025-01-13T02:39:00
383,82,add_to_cart,2025-01-13T02:40:00
383,82,remove_cart,2025-01-13T02:42:00
383,74,view,2025-01-13T02:43:00
383,74,click,2025-01-13T02:44:00
383,74,add_to_cart,2025-01-13T02:45:00
383,74,purchase,2025-01-13T02:47:00
383,96,view,2025-01-14T13:16:00
383,96,click,2025-01-14T13:20:00
383,90,view,2025-01-14T13:21:00
383,90,click,2025-01-14T13:24:00
383,93,search,2025-01-15T02:35:00
383,93,view,2025-01-15T02:37:00
383,93,click,2025-01-15T02:39:00
383,93,add_to_cart,2025-01-15T02:42:00
383,93,purchase,2025-01-15T02:43:00
383,58,search,2025-01-17T11:39:00
383,58,view,2025-01-17T11:42:00
383,58,click,2025-01-17T11:46:00
383,65,view,2025-01-17T11:49:00
383,65,add_to_cart,2025-01-17T11:51:00
383,65,purchase,2025-01-17T11:52:00
383,55,view,2025-01-17T11:56:00
383,55,add_to_cart,2025-01-17T12:00:00
383,55,purchase,2025-01-17T12:02:00
383,98,view,2025-01-18T17:15:00
383,98,click,2025-01-18T17:18:00
383,98,add_to_cart,2025-01-18T17:19:00
383,98,purchase,2025-01-18T17:20:00
383,94,view,2025-01-18T17:29:00
383,94,click,2025-01-18T17:32:00
383,93,view,2025-01-18T17:34:00
383,93,click,2025-01-18T17:38:00
383,106,search,2025-01-19T16:57:00
383,106,view,2025-01-19T17:00:00
383,106,click,2025-01-19T17:02:00
383,87,search,2025-01-20T10:30:00
383,87,view,2025-01-20T10:31:00
383,87,add_to_cart,2025-01-20T10:35:00
383,87,remove_cart,2025-01-20T10:36:00
383,83,view,2025-01-20T10:38:00
383,83,click,2025-01-20T10:42:00
383,83,add_to_cart,2025-01-20T10:43:00
383,83,purchase,2025-01-20T10:44:00
383,77,view,2025-01-20T10:54:00
383,77,click,2025-01-20T10:58:00
383,65,review,2025-01-25T11:56:00
383,93,review,2025-01-27T02:52:00
383,98,review,2025-02-01T17:29:00
384,68,search,2025-01-10T21:34:00
384,68,view,2025-01-10T21:35:00
384,68,click,2025-01-10T21:39:00
384,87,search,2025-01-12T18:32:00
384,87,view,2025-01-12T18:34:00
384,87,click,2025-01-12T18:38:00
384,83,view,2025-01-12T18:40:00
384,83,add_to_cart,2025-01-12T18:42:00
384,83,purchase,2025-01-12T18:43:00
384,158,search,2025-01-15T10:54:00
384,158,view,2025-01-15T10:56:00
384,158,click,2025-01-15T11:00:00
384,165,search,2025-01-16T13:08:00
384,165,view,2025-01-16T13:10:00
384,165,click,2025-01-16T13:11:00
384,83,review,2025-01-17T18:50:00
384,85,search,2025-01-19T06:42:00
384,85,view,2025-01-19T06:45:00
384,85,click,2025-01-19T06:49:00
384,85,add_to_cart,2025-01-19T06:51:00
384,85,purchase,2025-01-19T06:52:00
384,82,view,2025-01-19T06:58:00
384,82,click,2025-01-19T06:59:00
384,86,view,2025-01-19T07:00:00
384,86,click,2025-01-19T07:03:00
384,86,add_to_cart,2025-01-19T07:06:00
384,86,remove_cart,2025-01-19T07:07:00
384,159,search,2025-01-19T23:56:00
384,159,view,2025-01-19T23:58:00
384,159,click,2025-01-20T00:01:00
384,166,view,2025-01-20T00:04:00
384,166,click,2025-01-20T00:07:00
384,163,view,2025-01-20T00:10:00
384,163,add_to_cart,2025-01-20T00:12:00
384,163,remove_cart,2025-01-20T00:13:00
384,85,review,2025-01-26T06:58:00
385,45,search,2025-01-03T06:09:00
385,45,view,2025-01-03T06:11:00
385,45,click,2025-01-03T06:12:00
385,45,add_to_cart,2025-01-03T06:15:00
385,45,purchase,2025-01-03T06:17:00
385,59,view,2025-01-03T06:24:00
385,59,click,2025-01-03T06:28:00
385,44,view,2025-01-03T06:31:00
385,44,click,2025-01-03T06:33:00
385,47,view,2025-01-05T13:19:00
385,47,click,2025-01-05T13:21:00
385,170,search,2025-01-07T14:56:00
385,170,view,2025-01-07T14:59:00
385,170,click,2025-01-07T15:02:00
385,161,view,2025-01-07T15:05:00
385,161,click,2025-01-07T15:09:00
385,165,view,2025-01-07T15:12:00
385,158,search,2025-01-08T10:13:00
385,158,view,2025-01-08T10:15:00
385,158,click,2025-01-08T10:16:00
385,169,view,2025-01-08T10:18:00
385,169,click,2025-01-08T10:22:00
385,169,add_to_cart,2025-01-08T10:25:00
385,169,purchase,2025-01-08T10:26:00
385,52,view,2025-01-09T10:37:00
385,52,add_to_cart,2025-01-09T10:39:00
385,52,purchase,2025-01-09T10:41:00
385,57,view,2025-01-09T10:48:00
385,57,click,2025-01-09T10:52:00
385,57,add_to_cart,2025-01-09T10:54:00
385,57,purchase,2025-01-09T10:56:00
385,59,view,2025-01-09T11:01:00
385,59,click,2025-01-09T11:04:00
385,124,search,2025-01-10T18:44:00
385,124,view,2025-01-10T18:47:00
385,124,click,2025-01-10T18:48:00
385,45,review,2025-01-14T06:24:00
385,52,review,2025-01-18T10:48:00
385,57,review,2025-01-21T11:01:00
385,169,review,2025-01-22T10:34:00
386,179,search,2025-01-05T13:32:00
386,179,view,2025-01-05T13:33:00
386,179,click,2025-01-05T13:37:00
386,179,add_to_cart,2025-01-05T13:38:00
386,179,purchase,2025-01-05T13:39:00
386,180,view,2025-01-05T13:51:00
386,180,click,2025-01-05T13:55:00
386,196,view,2025-01-05T13:58:00
386,196,click,2025-01-05T14:02:00
386,196,add_to_cart,2025-01-05T14:04:00
386,196,purchase,2025-01-05T14:05:00
386,191,view,2025-01-06T17:28:00
386,191,click,2025-01-06T17:32:00
386,191,add_to_cart,2025-01-06T17:34:00
386,191,purchase,2025-01-06T17:36:00
386,184,view,2025-01-07T19:46:00
386,184,click,2025-01-07T19:48:00
386,196,view,2025-01-07T19:49:00
386,196,click,2025-01-07T19:52:00
386,196,add_to_cart,2025-01-07T19:53:00
386,196,purchase,2025-01-07T19:55:00
386,186,search,2025-01-08T12:43:00
386,186,view,2025-01-08T12:46:00
386,186,click,2025-01-08T12:49:00
386,193,view,2025-01-08T12:52:00
386,193,click,2025-01-08T12:56:00
386,193,add_to_cart,2025-01-08T12:57:00
386,193,purchase,2025-01-08T12:58:00
386,181,view,2025-01-08T13:10:00
386,181,click,2025-01-08T13:11:00
386,17,search,2025-01-09T11:57:00
386,17,view,2025-01-09T11:59:00
386,17,click,2025-01-09T12:00:00
386,7,view,2025-01-09T12:01:00
386,7,click,2025-01-09T12:04:00
386,7,add_to_cart,2025-01-09T12:07:00
386,7,purchase,2025-01-09T12:08:00
386,20,view,2025-01-09T12:19:00
386,20,click,2025-01-09T12:21:00
386,20,add_to_cart,2025-01-09T12:23:00
386,20,purchase,2025-01-09T12:25:00
386,179,review,2025-01-09T13:51:00
386,179,search,2025-01-10T15:27:00
386,179,view,2025-01-10T15:30:00
386,179,click,2025-01-10T15:34:00
386,179,add_to_cart,2025-01-10T15:36:00
386,179,remove_cart,2025-01-10T15:37:00
386,196,review,2025-01-17T14:10:00
386,20,review,2025-01-19T12:34:00
386,196,review,2025-01-19T20:04:00
387,140,search,2025-01-08T23:23:00
387,140,view,2025-01-08T23:26:00
387,140,click,2025-01-08T23:27:00
387,140,add_to_cart,2025-01-08T23:30:00
387,140,purchase,2025-01-08T23:32:00
387,145,view,2025-01-08T23:39:00
387,145,click,2025-01-08T23:41:00
387,145,add_to_cart,2025-01-08T23:44:00
387,145,purchase,2025-01-08T23:46:00
387,148,view,2025-01-08T23:50:00
387,148,click,2025-01-08T23:52:00
387,148,add_to_cart,2025-01-08T23:53:00
387,148,remove_cart,2025-01-08T23:54:00
387,149,view,2025-01-10T03:23:00
387,149,click,2025-01-10T03:26:00
387,149,add_to_cart,2025-01-10T03:28:00
387,149,purchase,2025-01-10T03:30:00
387,132,view,2025-01-10T03:41:00
387,132,click,2025-01-10T03:42:00
387,147,view,2025-01-10T03:44:00
387,147,click,2025-01-10T03:47:00
387,145,review,2025-01-10T23:50:00
387,145,search,2025-01-11T04:27:00
387,145,view,2025-01-11T04:28:00
387,145,click,2025-01-11T04:30:00
387,136,view,2025-01-11T04:31:00
387,136,click,2025-01-11T04:35:00
387,136,search,2025-01-12T14:51:00
387,136,view,2025-01-12T14:52:00
387,136,click,2025-01-12T14:53:00
387,137,view,2025-01-12T14:54:00
387,137,click,2025-01-12T14:57:00
387,133,view,2025-01-12T14:58:00
387,133,click,2025-01-12T14:59:00
387,133,add_to_cart,2025-01-12T15:01:00
387,133,remove_cart,2025-01-12T15:03:00
387,147,view,2025-01-13T14:20:00
387,149,view,2025-01-13T14:23:00
387,149,click,2025-01-13T14:24:00
387,149,add_to_cart,2025-01-13T14:26:00
387,149,purchase,2025-01-13T14:27:00
387,104,search,2025-01-15T08:20:00
387,104,view,2025-01-15T08:21:00
387,104,click,2025-01-15T08:23:00
387,104,add_to_cart,2025-01-15T08:24:00
387,104,remove_cart,2025-01-15T08:25:00
387,108,view,2025-01-15T08:27:00
387,108,click,2025-01-15T08:28:00
387,99,view,2025-01-15T08:30:00
387,99,click,2025-01-15T08:33:00
387,99,add_to_cart,2025-01-15T08:34:00
387,99,purchase,2025-01-15T08:36:00
387,140,review,2025-01-16T23:39:00
387,54,search,2025-01-18T06:43:00
387,54,view,2025-01-18T06:45:00
387,54,click,2025-01-18T06:48:00
387,47,view,2025-01-18T06:51:00
387,47,add_to_cart,2025-01-18T06:55:00
387,47,purchase,2025-01-18T06:57:00
387,51,view,2025-01-18T07:05:00
387,51,click,2025-01-18T07:08:00
387,51,add_to_cart,2025-01-18T07:09:00
387,51,remove_cart,2025-01-18T07:11:00
387,135,search,2025-01-19T11:24:00
387,135,view,2025-01-19T11:26:00
387,135,click,2025-01-19T11:30:00
387,138,view,2025-01-19T11:31:00
387,138,click,2025-01-19T11:33:00
387,138,add_to_cart,2025-01-19T11:34:00
387,138,remove_cart,2025-01-19T11:35:00
387,146,view,2025-01-19T11:36:00
387,146,click,2025-01-19T11:38:00
387,139,search,2025-01-20T17:00:00
387,139,view,2025-01-20T17:02:00
387,139,click,2025-01-20T17:05:00
387,139,add_to_cart,2025-01-20T17:07:00
387,139,purchase,2025-01-20T17:09:00
387,149,review,2025-01-22T03:41:00
387,149,review,2025-01-25T14:35:00
388,143,view,2025-01-10T20:05:00
388,143,click,2025-01-10T20:06:00
388,143,add_to_cart,2025-01-10T20:08:00
388,143,purchase,2025-01-10T20:10:00
388,10,search,2025-01-12T16:57:00
388,10,view,2025-01-12T16:59:00
388,10,click,2025-01-12T17:00:00
388,25,search,2025-01-14T01:47:00
388,25,view,2025-01-14T01:49:00
388,25,click,2025-01-14T01:50:00
388,37,search,2025-01-14T20:37:00
388,37,view,2025-01-14T20:40:00
388,37,click,2025-01-14T20:42:00
388,37,add_to_cart,2025-01-14T20:45:00
388,37,purchase,2025-01-14T20:46:00
388,33,view,2025-01-14T20:58:00
388,33,click,2025-01-14T21:01:00
388,1,search,2025-01-17T03:15:00
388,1,view,2025-01-17T03:16:00
388,1,click,2025-01-17T03:18:00
388,4,view,2025-01-17T03:21:00
388,42,view,2025-01-18T05:34:00
389,38,search,2025-01-12T05:02:00
389,38,view,2025-01-12T05:04:00
389,38,click,2025-01-12T05:07:00
389,38,add_to_cart,2025-01-12T05:08:00
389,38,remove_cart,2025-01-12T05:10:00
389,134,search,2025-01-14T09:14:00
389,134,view,2025-01-14T09:16:00
389,134,click,2025-01-14T09:18:00
389,173,search,2025-01-16T17:21:00
389,173,view,2025-01-16T17:24:00
389,173,click,2025-01-16T17:28:00
389,173,add_to_cart,2025-01-16T17:30:00
389,173,purchase,2025-01-16T17:32:00
389,154,view,2025-01-16T17:35:00
389,154,click,2025-01-16T17:37:00
389,167,view,2025-01-16T17:38:00
389,167,add_to_cart,2025-01-16T17:39:00
389,167,purchase,2025-01-16T17:41:00
389,41,search,2025-01-18T13:08:00
389,41,view,2025-01-18T13:09:00
389,41,click,2025-01-18T13:13:00
389,41,search,2025-01-20T10:58:00
389,41,view,2025-01-20T11:01:00
389,41,click,2025-01-20T11:05:00
389,36,view,2025-01-20T11:07:00
389,36,click,2025-01-20T11:09:00
389,26,view,2025-01-20T11:11:00
389,23,view,2025-01-22T02:06:00
389,23,click,2025-01-22T02:08:00
389,23,view,2025-01-23T03:01:00
389,23,click,2025-01-23T03:02:00
389,166,search,2025-01-24T06:21:00
389,166,view,2025-01-24T06:24:00
389,166,click,2025-01-24T06:25:00
389,174,view,2025-01-24T06:26:00
389,174,click,2025-01-24T06:29:00
389,134,view,2025-01-27T04:09:00
389,134,click,2025-01-27T04:11:00
389,173,review,2025-01-28T17:35:00
390,63,search,2025-01-04T20:32:00
390,63,view,2025-01-04T20:35:00
390,63,click,2025-01-04T20:36:00
390,63,add_to_cart,2025-01-04T20:38:00
390,63,purchase,2025-01-04T20:40:00
390,49,view,2025-01-04T20:43:00
390,49,click,2025-01-04T20:46:00
390,47,view,2025-01-04T20:47:00
390,47,add_to_cart,2025-01-04T20:51:00
390,47,purchase,2025-01-04T20:53:00
390,81,search,2025-01-07T01:41:00
390,81,view,2025-01-07T01:43:00
390,81,click,2025-01-07T01:44:00
390,81,add_to_cart,2025-01-07T01:45:00
390,81,purchase,2025-01-07T01:46:00
390,81,review,2025-01-08T01:49:00
390,63,review,2025-01-08T20:43:00
390,48,search,2025-01-09T18:24:00
390,48,view,2025-01-09T18:26:00
390,48,click,2025-01-09T18:27:00
390,46,view,2025-01-09T18:30:00
390,46,click,2025-01-09T18:32:00
390,51,view,2025-01-09T18:35:00
390,51,click,2025-01-09T18:36:00
390,61,view,2025-01-10T16:08:00
390,61,click,2025-01-10T16:10:00
390,52,search,2025-01-12T04:15:00
390,52,view,2025-01-12T04:18:00
390,52,click,2025-01-12T04:21:00
390,53,view,2025-01-12T04:24:00
390,49,view,2025-01-15T02:52:00
390,49,click,2025-01-15T02:56:00
390,46,view,2025-01-16T20:44:00
390,46,click,2025-01-16T20:45:00
390,52,view,2025-01-16T20:48:00
390,59,view,2025-01-16T20:49:00
390,54,search,2025-01-17T16:27:00
390,54,view,2025-01-17T16:30:00
390,54,click,2025-01-17T16:34:00
390,54,add_to_cart,2025-01-17T16:35:00
390,54,purchase,2025-01-17T16:37:00
390,56,view,2025-01-17T16:48:00
390,56,click,2025-01-17T16:52:00
390,168,search,2025-01-20T00:48:00
390,168,view,2025-01-20T00:51:00
390,168,click,2025-01-20T00:55:00
390,168,add_to_cart,2025-01-20T00:57:00
390,168,purchase,2025-01-20T00:59:00
390,175,view,2025-01-20T01:07:00
390,175,click,2025-01-20T01:11:00
390,154,view,2025-01-20T01:13:00
390,154,click,2025-01-20T01:17:00
390,154,add_to_cart,2025-01-20T01:19:00
390,154,remove_cart,2025-01-20T01:20:00
390,168,review,2025-01-30T01:07:00
391,182,search,2025-01-12T05:46:00
391,182,view,2025-01-12T05:48:00
391,182,click,2025-01-12T05:50:00
391,10,search,2025-01-15T05:33:00
391,10,view,2025-01-15T05:35:00
391,10,click,2025-01-15T05:39:00
391,3,view,2025-01-15T05:41:00
391,3,click,2025-01-15T05:45:00
391,184,search,2025-01-15T18:33:00
391,184,view,2025-01-15T18:35:00
391,184,click,2025-01-15T18:37:00
391,188,view,2025-01-15T18:39:00
391,188,click,2025-01-15T18:41:00
391,188,add_to_cart,2025-01-15T18:42:00
391,188,purchase,2025-01-15T18:44:00
391,196,view,2025-01-17T15:26:00
391,131,view,2025-01-20T05:16:00
391,131,click,2025-01-20T05:20:00
391,131,add_to_cart,2025-01-20T05:21:00
391,131,purchase,2025-01-20T05:22:00
391,121,view,2025-01-20T05:34:00
391,121,click,2025-01-20T05:35:00
391,120,view,2025-01-20T05:38:00
391,120,click,2025-01-20T05:39:00
391,187,search,2025-01-22T16:58:00
391,187,view,2025-01-22T17:00:00
391,187,click,2025-01-22T17:03:00
391,1,search,2025-01-24T16:02:00
391,1,view,2025-01-24T16:05:00
391,1,click,2025-01-24T16:09:00
391,21,view,2025-01-24T16:10:00
391,21,click,2025-01-24T16:12:00
391,183,search,2025-01-25T16:42:00
391,183,view,2025-01-25T16:45:00
391,183,add_to_cart,2025-01-25T16:46:00
391,183,purchase,2025-01-25T16:48:00
391,184,view,2025-01-25T17:00:00
391,184,add_to_cart,2025-01-25T17:04:00
391,184,purchase,2025-01-25T17:05:00
391,3,search,2025-01-28T13:58:00
391,3,view,2025-01-28T13:59:00
391,3,add_to_cart,2025-01-28T14:02:00
391,3,remove_cart,2025-01-28T14:04:00
391,131,review,2025-01-30T05:34:00
391,184,review,2025-02-05T17:13:00
392,186,view,2025-01-08T09:36:00
392,186,click,2025-01-08T09:38:00
392,198,view,2025-01-08T09:39:00
392,1,search,2025-01-09T02:55:00
392,1,view,2025-01-09T02:58:00
392,1,click,2025-01-09T03:02:00
392,1,add_to_cart,2025-01-09T03:03:00
392,1,purchase,2025-01-09T03:05:00
392,5,view,2025-01-09T03:17:00
392,5,click,2025-01-09T03:20:00
392,6,view,2025-01-09T03:22:00
392,6,add_to_cart,2025-01-09T03:25:00
392,6,purchase,2025-01-09T03:27:00
392,186,search,2025-01-10T15:11:00
392,186,view,2025-01-10T15:13:00
392,186,click,2025-01-10T15:14:00
392,186,add_to_cart,2025-01-10T15:16:00
392,186,purchase,2025-01-10T15:17:00
392,163,search,2025-01-12T00:26:00
392,163,view,2025-01-12T00:28:00
392,163,click,2025-01-12T00:31:00
392,170,view,2025-01-12T00:32:00
392,170,click,2025-01-12T00:35:00
392,170,add_to_cart,2025-01-12T00:36:00
392,170,purchase,2025-01-12T00:37:00
392,166,view,2025-01-12T00:42:00
392,166,click,2025-01-12T00:43:00
392,166,add_to_cart,2025-01-12T00:46:00
392,166,purchase,2025-01-12T00:48:00
392,6,review,2025-01-12T03:34:00
392,170,view,2025-01-12T19:52:00
392,170,click,2025-01-12T19:55:00
392,170,add_to_cart,2025-01-12T19:57:00
392,170,purchase,2025-01-12T19:59:00
392,174,view,2025-01-12T20:07:00
392,174,click,2025-01-12T20:08:00
392,174,add_to_cart,2025-01-12T20:10:00
392,174,purchase,2025-01-12T20:11:00
392,1,review,2025-01-13T03:17:00
392,17,view,2025-01-14T01:25:00
392,174,review,2025-01-18T20:23:00
392,186,review,2025-01-19T15:25:00
392,170,review,2025-01-20T00:42:00
392,170,review,2025-01-22T20:07:00
393,90,search,2025-01-02T23:19:00
393,90,view,2025-01-02T23:22:00
393,90,add_to_cart,2025-01-02T23:23:00
393,90,purchase,2025-01-02T23:25:00
393,89,view,2025-01-02T23:30:00
393,89,click,2025-01-02T23:33:00
393,89,add_to_cart,2025-01-02T23:36:00
393,89,purchase,2025-01-02T23:37:00
393,151,view,2025-01-03T18:05:00
393,151,click,2025-01-03T18:07:00
393,55,search,2025-01-04T14:30:00
393,55,view,2025-01-04T14:31:00
393,55,add_to_cart,2025-01-04T14:33:00
393,55,purchase,2025-01-04T14:35:00
393,65,search,2025-01-05T21:14:00
393,65,view,2025-01-05T21:15:00
393,65,click,2025-01-05T21:17:00
393,65,add_to_cart,2025-01-05T21:18:00
393,65,purchase,2025-01-05T21:19:00
393,51,search,2025-01-07T08:29:00
393,51,view,2025-01-07T08:32:00
393,51,click,2025-01-07T08:33:00
393,51,add_to_cart,2025-01-07T08:35:00
393,51,remove_cart,2025-01-07T08:37:00
393,92,view,2025-01-10T09:36:00
393,92,click,2025-01-10T09:38:00
393,92,add_to_cart,2025-01-10T09:41:00
393,92,remove_cart,2025-01-10T09:42:00
393,107,view,2025-01-10T09:43:00
393,107,click,2025-01-10T09:46:00
393,107,add_to_cart,2025-01-10T09:48:00
393,107,remove_cart,2025-01-10T09:50:00
393,65,search,2025-01-11T17:14:00
393,65,view,2025-01-11T17:17:00
393,65,click,2025-01-11T17:18:00
393,55,review,2025-01-16T14:38:00
393,65,review,2025-01-16T21:22:00
394,178,search,2025-01-06T21:27:00
394,178,view,2025-01-06T21:30:00
394,178,click,2025-01-06T21:32:00
394,178,add_to_cart,2025-01-06T21:35:00
394,178,purchase,2025-01-06T21:37:00
394,200,view,2025-01-06T21:41:00
394,200,click,2025-01-06T21:42:00
394,200,add_to_cart,2025-01-06T21:44:00
394,200,remove_cart,2025-01-06T21:46:00
394,196,search,2025-01-09T19:30:00
394,196,view,2025-01-09T19:32:00
394,196,click,2025-01-09T19:34:00
394,196,add_to_cart,2025-01-09T19:37:00
394,196,purchase,2025-01-09T19:38:00
394,198,view,2025-01-09T19:44:00
394,198,click,2025-01-09T19:46:00
394,90,search,2025-01-10T23:55:00
394,90,view,2025-01-10T23:56:00
394,93,view,2025-01-11T00:00:00
394,93,click,2025-01-11T00:04:00
394,93,add_to_cart,2025-01-11T00:05:00
394,93,purchase,2025-01-11T00:07:00
394,98,view,2025-01-11T00:10:00
394,98,click,2025-01-11T00:12:00
394,98,add_to_cart,2025-01-11T00:13:00
394,98,purchase,2025-01-11T00:15:00
394,98,search,2025-01-12T01:38:00
394,98,view,2025-01-12T01:41:00
394,98,click,2025-01-12T01:43:00
394,93,view,2025-01-12T01:45:00
394,93,click,2025-01-12T01:47:00
394,93,add_to_cart,2025-01-12T01:49:00
394,93,purchase,2025-01-12T01:51:00
394,99,view,2025-01-12T01:53:00
394,99,click,2025-01-12T01:57:00
394,179,search,2025-01-14T08:27:00
394,179,view,2025-01-14T08:29:00
394,179,click,2025-01-14T08:33:00
394,179,add_to_cart,2025-01-14T08:36:00
394,179,purchase,2025-01-14T08:38:00
394,199,view,2025-01-14T08:42:00
394,199,click,2025-01-14T08:46:00
394,199,add_to_cart,2025-01-14T08:47:00
394,199,purchase,2025-01-14T08:49:00
394,186,view,2025-01-14T08:58:00
394,186,click,2025-01-14T09:01:00
394,186,add_to_cart,2025-01-14T09:02:00
394,186,remove_cart,2025-01-14T09:04:00
394,14,search,2025-01-15T05:51:00
394,14,view,2025-01-15T05:54:00
394,14,click,2025-01-15T05:55:00
394,18,view,2025-01-15T05:56:00
394,18,click,2025-01-15T05:57:00
394,93,review,2025-01-16T00:10:00
394,196,review,2025-01-16T19:44:00
394,19,search,2025-01-17T22:08:00
394,19,view,2025-01-17T22:11:00
394,19,click,2025-01-17T22:12:00
394,179,review,2025-01-18T08:42:00
394,94,search,2025-01-20T02:37:00
394,94,view,2025-01-20T02:39:00
394,94,click,2025-01-20T02:40:00
394,94,add_to_cart,2025-01-20T02:43:00
394,94,purchase,2025-01-20T02:44:00
394,1,view,2025-01-22T17:38:00
394,1,click,2025-01-22T17:40:00
394,199,review,2025-01-23T08:58:00
394,94,review,2025-01-26T02:55:00
395,148,search,2025-01-08T20:39:00
395,148,view,2025-01-08T20:42:00
395,148,add_to_cart,2025-01-08T20:45:00
395,148,remove_cart,2025-01-08T20:46:00
395,139,view,2025-01-08T20:47:00
395,139,click,2025-01-08T20:50:00
395,142,view,2025-01-08T20:51:00
395,142,click,2025-01-08T20:55:00
395,142,add_to_cart,2025-01-08T20:56:00
395,142,purchase,2025-01-08T20:58:00
395,122,search,2025-01-10T19:21:00
395,122,view,2025-01-10T19:23:00
395,122,click,2025-01-10T19:24:00
395,115,search,2025-01-12T17:47:00
395,115,view,2025-01-12T17:49:00
395,115,click,2025-01-12T17:50:00
395,131,view,2025-01-12T17:51:00
395,111,view,2025-01-12T17:55:00
395,141,search,2025-01-13T23:54:00
395,141,view,2025-01-13T23:56:00
395,141,click,2025-01-13T23:57:00
395,150,view,2025-01-14T00:00:00
395,150,click,2025-01-14T00:02:00
395,47,search,2025-01-15T10:44:00
395,47,view,2025-01-15T10:47:00
395,47,click,2025-01-15T10:48:00
395,47,add_to_cart,2025-01-15T10:49:00
395,47,purchase,2025-01-15T10:51:00
395,65,view,2025-01-15T11:01:00
395,65,click,2025-01-15T11:04:00
395,65,add_to_cart,2025-01-15T11:07:00
395,65,purchase,2025-01-15T11:09:00
395,52,view,2025-01-18T06:32:00
395,52,click,2025-01-18T06:35:00
395,64,view,2025-01-18T06:38:00
395,64,click,2025-01-18T06:41:00
395,131,search,2025-01-20T01:45:00
395,131,view,2025-01-20T01:46:00
395,131,click,2025-01-20T01:47:00
395,130,view,2025-01-20T01:50:00
395,130,click,2025-01-20T01:51:00
395,130,add_to_cart,2025-01-20T01:52:00
395,130,purchase,2025-01-20T01:53:00
395,116,view,2025-01-21T07:04:00
395,116,click,2025-01-21T07:05:00
395,142,review,2025-01-21T21:01:00
395,65,review,2025-01-23T11:21:00
395,145,search,2025-01-23T13:49:00
395,145,view,2025-01-23T13:50:00
395,145,click,2025-01-23T13:54:00
395,145,add_to_cart,2025-01-23T13:55:00
395,145,remove_cart,2025-01-23T13:57:00
395,139,view,2025-01-23T13:58:00
395,139,click,2025-01-23T13:59:00
395,135,view,2025-01-23T14:02:00
395,135,click,2025-01-23T14:05:00
395,47,search,2025-01-24T22:50:00
395,47,view,2025-01-24T22:51:00
395,47,click,2025-01-24T22:55:00
395,65,view,2025-01-24T22:57:00
395,65,click,2025-01-24T23:01:00
395,65,add_to_cart,2025-01-24T23:02:00
395,65,remove_cart,2025-01-24T23:03:00
395,55,view,2025-01-24T23:05:00
395,55,click,2025-01-24T23:08:00
395,55,add_to_cart,2025-01-24T23:11:00
395,55,purchase,2025-01-24T23:12:00
395,130,review,2025-01-31T02:04:00
396,31,search,2025-01-06T16:17:00
396,31,view,2025-01-06T16:19:00
396,31,click,2025-01-06T16:22:00
396,22,search,2025-01-08T13:03:00
396,22,view,2025-01-08T13:06:00
396,22,click,2025-01-08T13:07:00
396,76,search,2025-01-10T05:47:00
396,76,view,2025-01-10T05:49:00
396,76,click,2025-01-10T05:51:00
396,68,view,2025-01-10T05:54:00
396,20,search,2025-01-12T04:33:00
396,20,view,2025-01-12T04:35:00
396,20,click,2025-01-12T04:38:00
396,9,view,2025-01-12T04:39:00
396,9,click,2025-01-12T04:40:00
396,9,add_to_cart,2025-01-12T04:41:00
396,9,purchase,2025-01-12T04:43:00
396,72,search,2025-01-15T04:50:00
396,72,view,2025-01-15T04:52:00
396,72,click,2025-01-15T04:56:00
396,72,add_to_cart,2025-01-15T04:57:00
396,72,purchase,2025-01-15T04:59:00
396,1,search,2025-01-17T05:56:00
396,1,view,2025-01-17T05:57:00
396,1,click,2025-01-17T06:01:00
396,1,add_to_cart,2025-01-17T06:04:00
396,1,purchase,2025-01-17T06:06:00
396,11,view,2025-01-17T06:08:00
396,11,click,2025-01-17T06:12:00
396,11,add_to_cart,2025-01-17T06:14:00
396,11,purchase,2025-01-17T06:16:00
396,38,search,2025-01-18T17:02:00
396,38,view,2025-01-18T17:05:00
396,38,click,2025-01-18T17:07:00
396,32,view,2025-01-18T17:08:00
396,32,click,2025-01-18T17:12:00
396,32,add_to_cart,2025-01-18T17:15:00
396,32,purchase,2025-01-18T17:16:00
396,31,view,2025-01-18T17:25:00
396,31,click,2025-01-18T17:26:00
396,69,view,2025-01-20T22:27:00
396,66,view,2025-01-20T22:31:00
396,66,click,2025-01-20T22:33:00
396,81,view,2025-01-20T22:34:00
396,81,click,2025-01-20T22:35:00
396,81,add_to_cart,2025-01-20T22:36:00
396,81,purchase,2025-01-20T22:37:00
396,9,review,2025-01-21T04:53:00
396,33,search,2025-01-22T20:52:00
396,33,view,2025-01-22T20:55:00
396,33,click,2025-01-22T20:56:00
396,39,view,2025-01-22T20:58:00
396,11,review,2025-01-23T06:18:00
396,80,search,2025-01-24T17:54:00
396,80,view,2025-01-24T17:55:00
396,80,click,2025-01-24T17:58:00
396,81,review,2025-02-01T22:45:00
397,190,search,2025-01-12T09:05:00
397,190,view,2025-01-12T09:07:00
397,189,view,2025-01-12T09:10:00
397,189,click,2025-01-12T09:14:00
397,189,add_to_cart,2025-01-12T09:16:00
397,189,remove_cart,2025-01-12T09:18:00
397,186,view,2025-01-12T09:19:00
397,198,view,2025-01-15T05:57:00
397,198,click,2025-01-15T06:00:00
397,198,add_to_cart,2025-01-15T06:03:00
397,198,remove_cart,2025-01-15T06:05:00
397,14,search,2025-01-16T16:22:00
397,14,view,2025-01-16T16:25:00
397,14,click,2025-01-16T16:29:00
397,14,add_to_cart,2025-01-16T16:32:00
397,14,purchase,2025-01-16T16:33:00
397,198,search,2025-01-19T10:57:00
397,198,view,2025-01-19T10:58:00
397,198,add_to_cart,2025-01-19T10:59:00
397,198,purchase,2025-01-19T11:01:00
397,180,view,2025-01-19T11:12:00
397,180,click,2025-01-19T11:15:00
397,180,add_to_cart,2025-01-19T11:16:00
397,180,purchase,2025-01-19T11:17:00
397,183,view,2025-01-20T02:02:00
397,183,click,2025-01-20T02:06:00
397,189,view,2025-01-20T02:07:00
397,186,view,2025-01-20T02:09:00
397,186,click,2025-01-20T02:13:00
397,50,search,2025-01-22T23:40:00
397,50,view,2025-01-22T23:42:00
397,50,click,2025-01-22T23:46:00
397,50,add_to_cart,2025-01-22T23:48:00
397,50,purchase,2025-01-22T23:49:00
397,54,view,2025-01-22T23:54:00
397,54,click,2025-01-22T23:55:00
397,48,view,2025-01-22T23:58:00
397,48,click,2025-01-23T00:00:00
397,48,add_to_cart,2025-01-23T00:01:00
397,48,remove_cart,2025-01-23T00:02:00
397,14,review,2025-01-23T16:41:00
397,44,search,2025-01-25T20:01:00
397,44,view,2025-01-25T20:02:00
397,44,click,2025-01-25T20:05:00
397,44,add_to_cart,2025-01-25T20:08:00
397,44,remove_cart,2025-01-25T20:10:00
397,48,view,2025-01-25T20:12:00
397,48,click,2025-01-25T20:13:00
397,53,view,2025-01-25T20:16:00
397,53,click,2025-01-25T20:18:00
397,53,add_to_cart,2025-01-25T20:19:00
397,53,purchase,2025-01-25T20:21:00
397,198,review,2025-01-26T11:12:00
397,50,review,2025-01-29T23:54:00
397,53,review,2025-02-01T20:26:00
398,193,search,2025-01-04T12:24:00
398,193,view,2025-01-04T12:25:00
398,193,click,2025-01-04T12:26:00
398,183,view,2025-01-04T12:29:00
398,183,click,2025-01-04T12:33:00
398,55,search,2025-01-06T18:15:00
398,55,view,2025-01-06T18:16:00
398,55,add_to_cart,2025-01-06T18:18:00
398,55,purchase,2025-01-06T18:20:00
398,49,view,2025-01-06T18:30:00
398,49,click,2025-01-06T18:31:00
398,53,search,2025-01-09T10:24:00
398,53,view,2025-01-09T10:25:00
398,53,click,2025-01-09T10:28:00
398,58,view,2025-01-09T10:29:00
398,51,view,2025-01-09T10:31:00
398,51,click,2025-01-09T10:34:00
398,51,add_to_cart,2025-01-09T10:37:00
398,51,purchase,2025-01-09T10:38:00
398,196,view,2025-01-12T07:14:00
398,187,view,2025-01-12T07:18:00
398,187,click,2025-01-12T07:22:00
398,187,add_to_cart,2025-01-12T07:23:00
398,187,remove_cart,2025-01-12T07:24:00
398,177,view,2025-01-13T09:44:00
398,177,click,2025-01-13T09:48:00
398,166,search,2025-01-16T05:40:00
398,166,view,2025-01-16T05:41:00
398,166,add_to_cart,2025-01-16T05:43:00
398,166,remove_cart,2025-01-16T05:44:00
398,165,view,2025-01-16T05:45:00
398,165,click,2025-01-16T05:47:00
398,165,add_to_cart,2025-01-16T05:49:00
398,165,purchase,2025-01-16T05:51:00
398,51,review,2025-01-21T10:44:00
399,15,search,2025-01-12T21:04:00
399,15,view,2025-01-12T21:06:00
399,21,view,2025-01-12T21:08:00
399,21,click,2025-01-12T21:12:00
399,6,view,2025-01-12T21:13:00
399,6,click,2025-01-12T21:15:00
399,118,search,2025-01-15T02:02:00
399,118,view,2025-01-15T02:03:00
399,118,click,2025-01-15T02:04:00
399,114,view,2025-01-15T02:07:00
399,114,click,2025-01-15T02:09:00
399,114,add_to_cart,2025-01-15T02:10:00
399,114,remove_cart,2025-01-15T02:11:00
399,111,view,2025-01-15T02:13:00
399,111,click,2025-01-15T02:17:00
399,111,add_to_cart,2025-01-15T02:19:00
399,111,purchase,2025-01-15T02:20:00
399,122,search,2025-01-15T15:39:00
399,122,view,2025-01-15T15:42:00
399,122,click,2025-01-15T15:45:00
399,121,view,2025-01-15T15:48:00
399,121,click,2025-01-15T15:50:00
399,112,view,2025-01-15T15:53:00
399,112,click,2025-01-15T15:55:00
399,76,search,2025-01-18T06:09:00
399,76,view,2025-01-18T06:11:00
399,76,click,2025-01-18T06:12:00
399,14,search,2025-01-20T01:04:00
399,14,view,2025-01-20T01:06:00
399,14,click,2025-01-20T01:08:00
399,12,view,2025-01-20T01:11:00
399,12,click,2025-01-20T01:12:00
399,15,view,2025-01-20T01:13:00
399,117,search,2025-01-21T05:52:00
399,117,view,2025-01-21T05:53:00
399,117,click,2025-01-21T05:54:00
399,118,view,2025-01-21T05:57:00
399,118,click,2025-01-21T06:01:00
399,124,view,2025-01-21T06:02:00
399,124,click,2025-01-21T06:04:00
399,21,search,2025-01-23T21:25:00
399,21,view,2025-01-23T21:28:00
399,21,click,2025-01-23T21:31:00
399,21,add_to_cart,2025-01-23T21:34:00
399,21,purchase,2025-01-23T21:36:00
399,19,view,2025-01-23T21:42:00
399,19,click,2025-01-23T21:43:00
399,19,add_to_cart,2025-01-23T21:44:00
399,19,purchase,2025-01-23T21:46:00
399,70,search,2025-01-26T07:00:00
399,70,view,2025-01-26T07:01:00
399,70,click,2025-01-26T07:03:00
399,70,add_to_cart,2025-01-26T07:04:00
399,70,purchase,2025-01-26T07:05:00
399,78,view,2025-01-26T07:11:00
399,78,add_to_cart,2025-01-26T07:12:00
399,78,purchase,2025-01-26T07:14:00
399,11,view,2025-01-28T17:57:00
399,11,click,2025-01-28T17:59:00
399,130,view,2025-01-29T19:03:00
399,130,click,2025-01-29T19:07:00
399,131,view,2025-01-29T19:08:00
399,131,click,2025-01-29T19:10:00
399,131,add_to_cart,2025-01-29T19:13:00
399,131,purchase,2025-01-29T19:14:00
399,21,review,2025-01-29T21:42:00
400,150,search,2025-01-10T16:10:00
400,150,view,2025-01-10T16:13:00
400,150,click,2025-01-10T16:14:00
400,150,add_to_cart,2025-01-10T16:17:00
400,150,remove_cart,2025-01-10T16:19:00
400,138,view,2025-01-10T16:20:00
400,138,click,2025-01-10T16:23:00
400,138,add_to_cart,2025-01-10T16:25:00
400,138,remove_cart,2025-01-10T16:27:00
400,149,view,2025-01-10T16:28:00
400,149,click,2025-01-10T16:31:00
400,149,add_to_cart,2025-01-10T16:32:00
400,149,purchase,2025-01-10T16:33:00
400,137,view,2025-01-12T11:42:00
400,134,view,2025-01-12T11:46:00
400,134,click,2025-01-12T11:48:00
400,34,view,2025-01-15T07:43:00
400,34,click,2025-01-15T07:44:00
400,36,view,2025-01-15T07:46:00
400,36,click,2025-01-15T07:50:00
400,36,add_to_cart,2025-01-15T07:53:00
400,36,purchase,2025-01-15T07:55:00
400,32,search,2025-01-17T23:00:00
400,32,view,2025-01-17T23:03:00
400,32,click,2025-01-17T23:05:00
400,33,view,2025-01-17T23:08:00
400,33,click,2025-01-17T23:11:00
400,33,add_to_cart,2025-01-17T23:12:00
400,33,purchase,2025-01-17T23:13:00
400,151,search,2025-01-20T00:08:00
400,151,view,2025-01-20T00:09:00
400,151,click,2025-01-20T00:11:00
400,139,view,2025-01-20T00:12:00
400,132,view,2025-01-20T00:15:00
400,132,click,2025-01-20T00:19:00
400,132,add_to_cart,2025-01-20T00:22:00
400,132,purchase,2025-01-20T00:24:00
400,36,review,2025-01-20T08:00:00
400,71,search,2025-01-21T16:47:00
400,71,view,2025-01-21T16:48:00
400,71,click,2025-01-21T16:49:00
400,78,view,2025-01-21T16:52:00
400,78,click,2025-01-21T16:54:00
400,79,view,2025-01-21T16:56:00
400,79,click,2025-01-21T17:00:00
400,149,review,2025-01-23T16:43:00
400,33,review,2025-01-26T23:24:00
401,121,search,2025-01-03T22:58:00
401,121,view,2025-01-03T22:59:00
401,121,click,2025-01-03T23:01:00
401,118,search,2025-01-05T14:40:00
401,118,view,2025-01-05T14:41:00
401,118,click,2025-01-05T14:45:00
401,122,view,2025-01-05T14:47:00
401,122,click,2025-01-05T14:50:00
401,6,search,2025-01-07T18:37:00
401,6,view,2025-01-07T18:39:00
401,6,click,2025-01-07T18:43:00
401,6,add_to_cart,2025-01-07T18:45:00
401,6,remove_cart,2025-01-07T18:46:00
401,4,view,2025-01-07T18:48:00
401,4,add_to_cart,2025-01-07T18:51:00
401,4,remove_cart,2025-01-07T18:52:00
401,3,view,2025-01-07T18:54:00
401,3,click,2025-01-07T18:57:00
401,177,view,2025-01-08T17:09:00
401,177,click,2025-01-08T17:12:00
401,177,add_to_cart,2025-01-08T17:15:00
401,177,purchase,2025-01-08T17:16:00
401,190,view,2025-01-08T17:26:00
401,179,search,2025-01-09T06:55:00
401,179,view,2025-01-09T06:57:00
401,179,click,2025-01-09T06:59:00
401,177,search,2025-01-10T15:12:00
401,177,view,2025-01-10T15:15:00
401,177,click,2025-01-10T15:19:00
401,117,search,2025-01-12T07:22:00
401,117,view,2025-01-12T07:23:00
401,130,view,2025-01-12T07:27:00
401,130,click,2025-01-12T07:28:00
402,15,view,2025-01-10T06:39:00
402,15,click,2025-01-10T06:43:00
402,118,search,2025-01-12T03:09:00
402,118,view,2025-01-12T03:11:00
402,118,click,2025-01-12T03:12:00
402,118,add_to_cart,2025-01-12T03:14:00
402,118,purchase,2025-01-12T03:16:00
402,113,search,2025-01-13T22:31:00
402,113,view,2025-01-13T22:34:00
402,113,click,2025-01-13T22:38:00
402,119,view,2025-01-13T22:41:00
402,119,click,2025-01-13T22:42:00
402,128,search,2025-01-14T18:43:00
402,128,view,2025-01-14T18:45:00
402,128,click,2025-01-14T18:46:00
402,1,search,2025-01-17T13:13:00
402,1,view,2025-01-17T13:14:00
402,1,click,2025-01-17T13:15:00
402,10,view,2025-01-17T13:18:00
402,10,click,2025-01-17T13:21:00
402,16,view,2025-01-17T13:24:00
402,16,click,2025-01-17T13:27:00
402,39,search,2025-01-18T20:37:00
402,39,view,2025-01-18T20:39:00
402,39,click,2025-01-18T20:43:00
402,39,add_to_cart,2025-01-18T20:45:00
402,39,purchase,2025-01-18T20:47:00
402,37,search,2025-01-20T06:48:00
402,37,view,2025-01-20T06:51:00
402,37,click,2025-01-20T06:55:00
402,37,add_to_cart,2025-01-20T06:57:00
402,37,purchase,2025-01-20T06:58:00
402,40,view,2025-01-20T07:01:00
402,40,click,2025-01-20T07:04:00
402,112,search,2025-01-21T02:33:00
402,112,view,2025-01-21T02:35:00
402,112,click,2025-01-21T02:39:00
402,112,add_to_cart,2025-01-21T02:41:00
402,112,purchase,2025-01-21T02:42:00
402,125,view,2025-01-21T02:47:00
402,125,click,2025-01-21T02:48:00
402,125,add_to_cart,2025-01-21T02:49:00
402,125,purchase,2025-01-21T02:50:00
402,112,search,2025-01-21T20:01:00
402,112,view,2025-01-21T20:02:00
402,112,click,2025-01-21T20:03:00
402,111,view,2025-01-21T20:05:00
402,112,review,2025-01-23T02:47:00
402,118,review,2025-01-23T03:25:00
402,26,search,2025-01-24T15:57:00
402,26,view,2025-01-24T15:58:00
402,26,click,2025-01-24T16:00:00
402,26,add_to_cart,2025-01-24T16:01:00
402,26,remove_cart,2025-01-24T16:02:00
402,41,view,2025-01-24T16:04:00
402,41,click,2025-01-24T16:06:00
402,39,review,2025-01-25T20:56:00
402,37,review,2025-01-27T07:01:00
403,124,view,2025-01-08T12:41:00
403,124,click,2025-01-08T12:45:00
403,124,add_to_cart,2025-01-08T12:46:00
403,124,remove_cart,2025-01-08T12:48:00
403,185,search,2025-01-09T04:01:00
403,185,view,2025-01-09T04:02:00
403,185,click,2025-01-09T04:05:00
403,185,add_to_cart,2025-01-09T04:08:00
403,185,purchase,2025-01-09T04:10:00
403,197,view,2025-01-09T04:22:00
403,197,click,2025-01-09T04:23:00
403,197,add_to_cart,2025-01-09T04:26:00
403,197,remove_cart,2025-01-09T04:28:00
403,190,view,2025-01-09T04:29:00
403,190,click,2025-01-09T04:30:00
403,189,view,2025-01-10T06:25:00
403,189,click,2025-01-10T06:28:00
403,189,add_to_cart,2025-01-10T06:31:00
403,189,purchase,2025-01-10T06:33:00
403,198,view,2025-01-10T06:35:00
403,198,click,2025-01-10T06:36:00
403,183,view,2025-01-10T06:39:00
403,183,click,2025-01-10T06:42:00
403,185,search,2025-01-13T06:44:00
403,185,view,2025-01-13T06:47:00
403,185,click,2025-01-13T06:49:00
403,184,view,2025-01-13T06:50:00
403,184,click,2025-01-13T06:53:00
403,184,add_to_cart,2025-01-13T06:55:00
403,184,purchase,2025-01-13T06:57:00
403,176,view,2025-01-13T07:06:00
403,176,click,2025-01-13T07:09:00
403,176,add_to_cart,2025-01-13T07:11:00
403,176,purchase,2025-01-13T07:12:00
403,1,view,2025-01-15T21:15:00
403,1,click,2025-01-15T21:17:00
403,1,add_to_cart,2025-01-15T21:18:00
403,1,remove_cart,2025-01-15T21:19:00
403,14,view,2025-01-15T21:20:00
403,14,click,2025-01-15T21:24:00
403,18,view,2025-01-15T21:26:00
403,18,click,2025-01-15T21:28:00
403,18,add_to_cart,2025-01-15T21:30:00
403,18,remove_cart,2025-01-15T21:32:00
403,181,search,2025-01-16T16:41:00
403,181,view,2025-01-16T16:42:00
403,181,click,2025-01-16T16:46:00
403,189,review,2025-01-20T06:35:00
403,185,review,2025-01-23T04:22:00
404,139,search,2025-01-11T21:31:00
404,139,view,2025-01-11T21:33:00
404,139,click,2025-01-11T21:36:00
404,82,search,2025-01-12T23:12:00
404,82,view,2025-01-12T23:15:00
404,82,click,2025-01-12T23:16:00
404,149,search,2025-01-13T22:01:00
404,149,view,2025-01-13T22:04:00
404,149,click,2025-01-13T22:06:00
404,153,view,2025-01-13T22:09:00
404,153,click,2025-01-13T22:12:00
404,153,add_to_cart,2025-01-13T22:14:00
404,153,remove_cart,2025-01-13T22:16:00
404,138,view,2025-01-16T22:15:00
404,138,click,2025-01-16T22:17:00
404,136,view,2025-01-16T22:19:00
404,136,click,2025-01-16T22:22:00
404,121,search,2025-01-18T09:17:00
404,121,view,2025-01-18T09:19:00
404,121,click,2025-01-18T09:21:00
404,131,view,2025-01-18T09:22:00
404,151,search,2025-01-20T22:41:00
404,151,view,2025-01-20T22:42:00
404,151,click,2025-01-20T22:45:00
404,151,add_to_cart,2025-01-20T22:47:00
404,151,purchase,2025-01-20T22:48:00
404,147,view,2025-01-20T22:58:00
404,147,click,2025-01-20T23:01:00
404,147,add_to_cart,2025-01-20T23:04:00
404,147,purchase,2025-01-20T23:06:00
404,140,view,2025-01-20T23:11:00
404,140,click,2025-01-20T23:12:00
404,147,review,2025-01-21T23:11:00
404,132,search,2025-01-23T03:42:00
404,132,view,2025-01-23T03:44:00
404,132,click,2025-01-23T03:48:00
405,161,view,2025-01-03T09:21:00
405,161,click,2025-01-03T09:23:00
405,127,view,2025-01-05T20:25:00
405,127,click,2025-01-05T20:28:00
405,127,add_to_cart,2025-01-05T20:29:00
405,127,purchase,2025-01-05T20:31:00
405,127,review,2025-01-07T20:40:00
405,80,view,2025-01-08T21:27:00
405,80,click,2025-01-08T21:28:00
405,174,search,2025-01-10T03:05:00
405,174,view,2025-01-10T03:08:00
405,174,click,2025-01-10T03:11:00
405,166,view,2025-01-10T03:13:00
405,166,click,2025-01-10T03:17:00
405,158,view,2025-01-10T03:18:00
405,158,add_to_cart,2025-01-10T03:20:00
405,158,remove_cart,2025-01-10T03:21:00
405,124,search,2025-01-11T12:02:00
405,124,view,2025-01-11T12:05:00
405,124,click,2025-01-11T12:09:00
405,155,search,2025-01-14T08:37:00
405,155,view,2025-01-14T08:39:00
405,155,click,2025-01-14T08:42:00
405,67,search,2025-01-16T17:10:00
405,67,view,2025-01-16T17:12:00
405,67,click,2025-01-16T17:13:00
405,81,view,2025-01-16T17:14:00
405,81,click,2025-01-16T17:16:00
405,69,view,2025-01-16T17:19:00
405,69,click,2025-01-16T17:20:00
405,69,add_to_cart,2025-01-16T17:21:00
405,69,purchase,2025-01-16T17:23:00
405,87,search,2025-01-19T08:38:00
405,87,view,2025-01-19T08:39:00
405,87,click,2025-01-19T08:40:00
405,66,view,2025-01-19T08:41:00
405,66,click,2025-01-19T08:42:00
405,66,add_to_cart,2025-01-19T08:44:00
405,66,purchase,2025-01-19T08:45:00
405,66,review,2025-01-23T08:50:00
406,118,search,2025-01-09T09:57:00
406,118,view,2025-01-09T10:00:00
406,118,click,2025-01-09T10:01:00
406,61,search,2025-01-10T06:48:00
406,61,view,2025-01-10T06:51:00
406,57,view,2025-01-10T06:53:00
406,57,click,2025-01-10T06:54:00
406,50,view,2025-01-10T06:55:00
406,122,search,2025-01-11T01:37:00
406,122,view,2025-01-11T01:38:00
406,122,click,2025-01-11T01:39:00
406,116,view,2025-01-11T01:41:00
406,128,view,2025-01-11T01:45:00
406,128,click,2025-01-11T01:47:00
406,127,search,2025-01-12T19:51:00
406,127,view,2025-01-12T19:53:00
406,127,click,2025-01-12T19:57:00
406,127,add_to_cart,2025-01-12T19:59:00
406,127,purchase,2025-01-12T20:01:00
406,122,view,2025-01-12T20:04:00
406,122,click,2025-01-12T20:05:00
406,53,search,2025-01-14T06:03:00
406,53,view,2025-01-14T06:04:00
406,127,review,2025-01-14T20:04:00
406,114,search,2025-01-16T02:24:00
406,114,view,2025-01-16T02:25:00
406,114,click,2025-01-16T02:26:00
406,120,view,2025-01-16T02:29:00
406,120,click,2025-01-16T02:31:00
406,120,add_to_cart,2025-01-16T02:33:00
406,120,purchase,2025-01-16T02:35:00
406,117,search,2025-01-16T19:34:00
406,117,view,2025-01-16T19:36:00
406,117,click,2025-01-16T19:38:00
406,117,add_to_cart,2025-01-16T19:41:00
406,117,purchase,2025-01-16T19:42:00
406,57,search,2025-01-19T01:26:00
406,57,view,2025-01-19T01:28:00
406,57,click,2025-01-19T01:32:00
406,47,view,2025-01-19T01:33:00
406,46,view,2025-01-19T01:36:00
406,46,click,2025-01-19T01:39:00
406,46,add_to_cart,2025-01-19T01:41:00
406,46,purchase,2025-01-19T01:42:00
406,120,review,2025-01-28T02:39:00
406,117,review,2025-01-29T19:50:00
406,46,review,2025-01-31T01:52:00
407,157,view,2025-01-10T08:18:00
407,157,click,2025-01-10T08:22:00
407,157,add_to_cart,2025-01-10T08:25:00
407,157,purchase,2025-01-10T08:26:00
407,167,view,2025-01-10T08:35:00
407,167,click,2025-01-10T08:39:00
407,167,add_to_cart,2025-01-10T08:41:00
407,167,purchase,2025-01-10T08:42:00
407,176,view,2025-01-10T23:22:00
407,176,click,2025-01-10T23:26:00
407,167,search,2025-01-12T00:57:00
407,167,view,2025-01-12T00:58:00
407,167,click,2025-01-12T01:02:00
407,167,add_to_cart,2025-01-12T01:03:00
407,167,remove_cart,2025-01-12T01:04:00
407,156,search,2025-01-13T03:44:00
407,156,view,2025-01-13T03:45:00
407,156,add_to_cart,2025-01-13T03:49:00
407,156,purchase,2025-01-13T03:51:00
407,173,view,2025-01-13T03:57:00
407,173,click,2025-01-13T04:00:00
407,160,view,2025-01-13T04:02:00
407,160,add_to_cart,2025-01-13T04:06:00
407,160,purchase,2025-01-13T04:08:00
407,153,search,2025-01-14T21:31:00
407,153,view,2025-01-14T21:33:00
407,153,click,2025-01-14T21:37:00
407,146,view,2025-01-14T21:40:00
407,134,view,2025-01-14T21:42:00
407,134,click,2025-01-14T21:46:00
407,134,add_to_cart,2025-01-14T21:48:00
407,134,remove_cart,2025-01-14T21:49:00
407,180,view,2025-01-17T00:45:00
407,186,view,2025-01-17T00:47:00
407,186,click,2025-01-17T00:51:00
407,186,add_to_cart,2025-01-17T00:54:00
407,186,remove_cart,2025-01-17T00:55:00
407,199,view,2025-01-17T00:56:00
407,199,add_to_cart,2025-01-17T00:58:00
407,199,purchase,2025-01-17T00:59:00
407,137,view,2025-01-19T10:28:00
407,137,click,2025-01-19T10:29:00
407,137,add_to_cart,2025-01-19T10:30:00
407,137,purchase,2025-01-19T10:31:00
407,199,review,2025-01-20T01:08:00
407,147,view,2025-01-21T17:52:00
407,179,search,2025-01-24T14:38:00
407,179,view,2025-01-24T14:39:00
407,179,click,2025-01-24T14:42:00
407,181,view,2025-01-24T14:43:00
407,181,click,2025-01-24T14:44:00
407,187,view,2025-01-24T14:47:00
407,187,click,2025-01-24T14:48:00
407,160,review,2025-01-26T04:12:00
407,145,search,2025-01-26T11:03:00
407,145,view,2025-01-26T11:04:00
407,145,click,2025-01-26T11:08:00
407,145,add_to_cart,2025-01-26T11:11:00
407,145,purchase,2025-01-26T11:12:00
407,153,view,2025-01-26T11:21:00
407,153,click,2025-01-26T11:25:00
407,146,view,2025-01-26T11:28:00
407,146,click,2025-01-26T11:31:00
407,145,review,2025-01-30T11:21:00
408,32,search,2025-01-09T11:09:00
408,32,view,2025-01-09T11:12:00
408,33,view,2025-01-09T11:15:00
408,33,click,2025-01-09T11:18:00
408,33,add_to_cart,2025-01-09T11:21:00
408,33,remove_cart,2025-01-09T11:23:00
408,25,view,2025-01-09T11:25:00
408,25,click,2025-01-09T11:28:00
408,74,view,2025-01-10T03:29:00
408,74,click,2025-01-10T03:30:00
408,85,view,2025-01-11T01:40:00
408,85,click,2025-01-11T01:43:00
408,81,view,2025-01-11T01:46:00
408,81,click,2025-01-11T01:49:00
408,81,add_to_cart,2025-01-11T01:50:00
408,81,purchase,2025-01-11T01:51:00
408,28,search,2025-01-12T07:50:00
408,28,view,2025-01-12T07:53:00
408,34,view,2025-01-12T07:56:00
408,34,click,2025-01-12T07:58:00
408,76,search,2025-01-13T12:50:00
408,76,view,2025-01-13T12:52:00
408,76,click,2025-01-13T12:54:00
408,76,add_to_cart,2025-01-13T12:56:00
408,76,purchase,2025-01-13T12:58:00
408,145,search,2025-01-14T13:43:00
408,145,view,2025-01-14T13:45:00
408,145,click,2025-01-14T13:47:00
408,151,view,2025-01-16T22:26:00
408,151,click,2025-01-16T22:27:00
408,26,search,2025-01-18T04:03:00
408,26,view,2025-01-18T04:05:00
408,26,click,2025-01-18T04:06:00
408,38,view,2025-01-18T04:09:00
408,38,click,2025-01-18T04:12:00
408,35,view,2025-01-18T04:15:00
408,132,search,2025-01-20T21:36:00
408,132,view,2025-01-20T21:38:00
408,132,click,2025-01-20T21:41:00
408,132,add_to_cart,2025-01-20T21:44:00
408,132,purchase,2025-01-20T21:45:00
408,153,view,2025-01-20T21:55:00
408,153,click,2025-01-20T21:59:00
408,153,add_to_cart,2025-01-20T22:00:00
408,153,purchase,2025-01-20T22:01:00
408,76,review,2025-01-21T13:09:00
408,152,search,2025-01-22T12:43:00
408,152,view,2025-01-22T12:46:00
408,152,click,2025-01-22T12:47:00
408,152,add_to_cart,2025-01-22T12:49:00
408,152,purchase,2025-01-22T12:50:00
408,144,view,2025-01-22T13:02:00
408,144,click,2025-01-22T13:05:00
408,138,view,2025-01-22T13:08:00
408,138,click,2025-01-22T13:12:00
408,138,add_to_cart,2025-01-22T13:13:00
408,138,purchase,2025-01-22T13:14:00
408,132,review,2025-01-26T21:55:00
408,153,review,2025-01-28T22:04:00
409,51,search,2025-01-07T05:43:00
409,51,view,2025-01-07T05:45:00
409,51,click,2025-01-07T05:46:00
409,51,add_to_cart,2025-01-07T05:48:00
409,51,purchase,2025-01-07T05:50:00
409,19,view,2025-01-09T12:27:00
409,19,click,2025-01-09T12:28:00
409,20,view,2025-01-09T12:30:00
409,20,click,2025-01-09T12:31:00
409,20,add_to_cart,2025-01-09T12:33:00
409,20,purchase,2025-01-09T12:35:00
409,3,search,2025-01-11T07:21:00
409,3,view,2025-01-11T07:24:00
409,3,click,2025-01-11T07:27:00
409,3,add_to_cart,2025-01-11T07:29:00
409,3,purchase,2025-01-11T07:31:00
409,3,review,2025-01-12T07:40:00
409,51,review,2025-01-13T05:57:00
409,53,search,2025-01-13T13:52:00
409,53,view,2025-01-13T13:54:00
409,53,click,2025-01-13T13:58:00
409,53,add_to_cart,2025-01-13T14:01:00
409,53,purchase,2025-01-13T14:02:00
409,60,view,2025-01-13T14:09:00
409,60,click,2025-01-13T14:12:00
409,59,view,2025-01-13T14:13:00
409,93,view,2025-01-15T04:10:00
409,93,click,2025-01-15T04:11:00
409,93,add_to_cart,2025-01-15T04:13:00
409,93,remove_cart,2025-01-15T04:14:00
409,100,view,2025-01-15T04:16:00
409,100,click,2025-01-15T04:19:00
409,100,add_to_cart,2025-01-15T04:20:00
409,100,purchase,2025-01-15T04:22:00
409,53,review,2025-01-15T14:09:00
409,97,search,2025-01-17T23:40:00
409,97,view,2025-01-17T23:42:00
409,97,click,2025-01-17T23:45:00
409,97,add_to_cart,2025-01-17T23:48:00
409,97,purchase,2025-01-17T23:49:00
409,106,view,2025-01-17T23:54:00
409,106,click,2025-01-17T23:57:00
409,106,add_to_cart,2025-01-18T00:00:00
409,106,purchase,2025-01-18T00:02:00
409,94,view,2025-01-18T00:13:00
409,94,click,2025-01-18T00:15:00
409,94,add_to_cart,2025-01-18T00:17:00
409,94,remove_cart,2025-01-18T00:19:00
409,65,search,2025-01-18T14:57:00
409,65,view,2025-01-18T14:58:00
409,65,click,2025-01-18T14:59:00
409,65,add_to_cart,2025-01-18T15:00:00
409,65,purchase,2025-01-18T15:01:00
409,45,view,2025-01-18T15:09:00
409,45,click,2025-01-18T15:13:00
409,97,review,2025-01-19T23:54:00
409,65,review,2025-01-20T15:09:00
409,100,review,2025-01-26T04:30:00
410,45,search,2025-01-10T12:44:00
410,45,view,2025-01-10T12:46:00
410,45,click,2025-01-10T12:49:00
410,55,view,2025-01-10T12:52:00
410,55,add_to_cart,2025-01-10T12:55:00
410,55,purchase,2025-01-10T12:56:00
410,47,view,2025-01-10T13:00:00
410,47,click,2025-01-10T13:01:00
410,47,add_to_cart,2025-01-10T13:02:00
410,47,purchase,2025-01-10T13:04:00
410,134,search,2025-01-12T07:10:00
410,134,view,2025-01-12T07:12:00
410,134,click,2025-01-12T07:13:00
410,134,add_to_cart,2025-01-12T07:15:00
410,134,remove_cart,2025-01-12T07:16:00
410,150,view,2025-01-12T07:17:00
410,150,click,2025-01-12T07:18:00
410,89,view,2025-01-14T01:07:00
410,89,click,2025-01-14T01:10:00
410,91,view,2025-01-14T01:11:00
410,102,view,2025-01-14T01:14:00
410,102,click,2025-01-14T01:17:00
410,149,search,2025-01-14T20:18:00
410,149,view,2025-01-14T20:19:00
410,149,click,2025-01-14T20:21:00
410,138,view,2025-01-14T20:23:00
410,138,click,2025-01-14T20:25:00
410,138,add_to_cart,2025-01-14T20:27:00
410,138,purchase,2025-01-14T20:28:00
410,138,review,2025-01-15T20:34:00
410,57,search,2025-01-16T06:40:00
410,57,view,2025-01-16T06:42:00
410,57,click,2025-01-16T06:45:00
410,57,add_to_cart,2025-01-16T06:48:00
410,57,purchase,2025-01-16T06:50:00
410,146,search,2025-01-18T12:09:00
410,146,view,2025-01-18T12:11:00
410,146,click,2025-01-18T12:12:00
410,146,add_to_cart,2025-01-18T12:15:00
410,146,remove_cart,2025-01-18T12:17:00
410,153,view,2025-01-18T12:19:00
410,138,view,2025-01-18T12:22:00
410,138,click,2025-01-18T12:23:00
410,55,review,2025-01-20T13:00:00
410,45,search,2025-01-20T14:09:00
410,45,view,2025-01-20T14:10:00
410,45,click,2025-01-20T14:13:00
410,51,view,2025-01-20T14:15:00
410,51,add_to_cart,2025-01-20T14:17:00
410,51,purchase,2025-01-20T14:19:00
410,64,view,2025-01-20T14:30:00
410,64,click,2025-01-20T14:31:00
410,109,search,2025-01-22T14:40:00
410,109,view,2025-01-22T14:41:00
410,109,click,2025-01-22T14:42:00
410,106,view,2025-01-22T14:43:00
410,106,click,2025-01-22T14:45:00
410,45,search,2025-01-25T08:35:00
410,45,view,2025-01-25T08:36:00
410,45,add_to_cart,2025-01-25T08:39:00
410,45,purchase,2025-01-25T08:40:00
410,50,view,2025-01-25T08:42:00
410,50,click,2025-01-25T08:46:00
410,50,add_to_cart,2025-01-25T08:48:00
410,50,purchase,2025-01-25T08:49:00
410,93,search,2025-01-27T16:20:00
410,93,view,2025-01-27T16:23:00
410,93,click,2025-01-27T16:27:00
410,93,add_to_cart,2025-01-27T16:28:00
410,93,purchase,2025-01-27T16:29:00
410,99,view,2025-01-27T16:41:00
410,99,click,2025-01-27T16:44:00
410,99,add_to_cart,2025-01-27T16:46:00
410,99,purchase,2025-01-27T16:48:00
410,45,review,2025-02-01T08:42:00
410,50,review,2025-02-01T08:59:00
410,93,review,2025-02-01T16:41:00
410,99,review,2025-02-06T16:56:00
411,124,search,2025-01-11T02:53:00
411,124,view,2025-01-11T02:56:00
411,124,click,2025-01-11T03:00:00
411,124,add_to_cart,2025-01-11T03:01:00
411,124,purchase,2025-01-11T03:02:00
411,120,search,2025-01-13T23:37:00
411,120,view,2025-01-13T23:38:00
411,120,click,2025-01-13T23:41:00
411,120,add_to_cart,2025-01-13T23:42:00
411,120,purchase,2025-01-13T23:43:00
411,112,view,2025-01-13T23:55:00
411,112,click,2025-01-13T23:59:00
411,124,view,2025-01-14T00:00:00
411,124,click,2025-01-14T00:03:00
411,124,add_to_cart,2025-01-14T00:06:00
411,124,remove_cart,2025-01-14T00:08:00
411,55,search,2025-01-15T09:12:00
411,55,view,2025-01-15T09:13:00
411,55,click,2025-01-15T09:16:00
411,55,add_to_cart,2025-01-15T09:18:00
411,55,purchase,2025-01-15T09:19:00
411,48,view,2025-01-15T09:24:00
411,48,click,2025-01-15T09:25:00
411,48,add_to_cart,2025-01-15T09:27:00
411,48,purchase,2025-01-15T09:29:00
411,47,view,2025-01-15T09:31:00
411,47,click,2025-01-15T09:34:00
411,48,review,2025-01-16T09:31:00
411,111,search,2025-01-16T11:12:00
411,111,view,2025-01-16T11:13:00
411,111,click,2025-01-16T11:14:00
411,111,add_to_cart,2025-01-16T11:15:00
411,111,remove_cart,2025-01-16T11:17:00
411,84,view,2025-01-18T09:21:00
411,84,click,2025-01-18T09:23:00
411,66,view,2025-01-21T08:54:00
411,66,click,2025-01-21T08:58:00
411,67,view,2025-01-21T09:01:00
411,67,click,2025-01-21T09:04:00
411,67,add_to_cart,2025-01-21T09:07:00
411,67,purchase,2025-01-21T09:08:00
411,82,view,2025-01-21T09:17:00
411,82,click,2025-01-21T09:20:00
411,70,search,2025-01-22T08:53:00
411,70,view,2025-01-22T08:54:00
411,70,click,2025-01-22T08:55:00
411,84,view,2025-01-22T08:56:00
411,84,click,2025-01-22T08:58:00
411,84,add_to_cart,2025-01-22T09:00:00
411,84,remove_cart,2025-01-22T09:02:00
411,56,search,2025-01-23T21:06:00
411,56,view,2025-01-23T21:08:00
411,56,click,2025-01-23T21:10:00
411,124,search,2025-01-24T20:58:00
411,124,view,2025-01-24T21:01:00
411,124,click,2025-01-24T21:03:00
411,112,view,2025-01-24T21:05:00
411,112,click,2025-01-24T21:09:00
411,112,add_to_cart,2025-01-24T21:10:00
411,112,purchase,2025-01-24T21:11:00
411,119,view,2025-01-24T21:16:00
411,119,click,2025-01-24T21:18:00
411,67,review,2025-01-30T09:17:00
411,112,review,2025-02-05T21:16:00
412,168,search,2025-01-06T08:58:00
412,168,view,2025-01-06T09:00:00
412,168,click,2025-01-06T09:04:00
412,160,view,2025-01-06T09:07:00
412,160,add_to_cart,2025-01-06T09:10:00
412,160,purchase,2025-01-06T09:11:00
412,174,view,2025-01-06T09:19:00
412,128,view,2025-01-08T17:02:00
412,128,click,2025-01-08T17:06:00
412,112,view,2025-01-08T17:07:00
412,112,click,2025-01-08T17:11:00
412,121,view,2025-01-08T17:13:00
412,196,search,2025-01-11T17:50:00
412,196,view,2025-01-11T17:53:00
412,196,click,2025-01-11T17:55:00
412,196,add_to_cart,2025-01-11T17:57:00
412,196,purchase,2025-01-11T17:58:00
412,185,view,2025-01-11T18:00:00
412,185,add_to_cart,2025-01-11T18:01:00
412,185,purchase,2025-01-11T18:03:00
412,180,view,2025-01-11T18:06:00
412,180,click,2025-01-11T18:07:00
412,179,search,2025-01-13T05:44:00
412,179,view,2025-01-13T05:45:00
412,179,click,2025-01-13T05:46:00
412,178,view,2025-01-13T05:49:00
412,178,click,2025-01-13T05:51:00
412,196,review,2025-01-13T18:00:00
412,189,search,2025-01-15T02:05:00
412,189,view,2025-01-15T02:07:00
412,189,click,2025-01-15T02:11:00
412,189,add_to_cart,2025-01-15T02:13:00
412,189,remove_cart,2025-01-15T02:15:00
412,173,search,2025-01-16T16:55:00
412,173,view,2025-01-16T16:57:00
412,173,click,2025-01-16T16:59:00
412,169,view,2025-01-16T17:00:00
412,169,click,2025-01-16T17:02:00
412,185,review,2025-01-16T18:06:00
412,124,search,2025-01-19T03:03:00
412,124,view,2025-01-19T03:06:00
412,124,click,2025-01-19T03:08:00
412,124,add_to_cart,2025-01-19T03:11:00
412,124,purchase,2025-01-19T03:13:00
412,112,view,2025-01-19T03:17:00
412,112,click,2025-01-19T03:20:00
412,112,add_to_cart,2025-01-19T03:21:00
412,112,remove_cart,2025-01-19T03:22:00
412,128,view,2025-01-19T03:23:00
412,124,review,2025-01-27T03:17:00
413,15,view,2025-01-09T18:49:00
413,15,click,2025-01-09T18:50:00
413,112,search,2025-01-12T08:56:00
413,112,view,2025-01-12T08:58:00
413,81,search,2025-01-13T19:03:00
413,81,view,2025-01-13T19:05:00
413,81,click,2025-01-13T19:08:00
413,81,add_to_cart,2025-01-13T19:09:00
413,81,remove_cart,2025-01-13T19:10:00
413,83,view,2025-01-13T19:11:00
413,83,click,2025-01-13T19:13:00
413,83,add_to_cart,2025-01-13T19:15:00
413,83,remove_cart,2025-01-13T19:17:00
413,72,view,2025-01-13T19:18:00
413,72,click,2025-01-13T19:20:00
413,110,view,2025-01-15T00:09:00
413,110,click,2025-01-15T00:10:00
413,110,add_to_cart,2025-01-15T00:13:00
413,110,purchase,2025-01-15T00:14:00
413,124,view,2025-01-15T00:20:00
413,124,click,2025-01-15T00:21:00
413,123,view,2025-01-15T00:23:00
413,123,click,2025-01-15T00:25:00
413,5,search,2025-01-17T17:19:00
413,5,view,2025-01-17T17:22:00
413,5,click,2025-01-17T17:25:00
413,1,view,2025-01-17T17:27:00
413,1,click,2025-01-17T17:30:00
413,1,add_to_cart,2025-01-17T17:32:00
413,1,remove_cart,2025-01-17T17:33:00
413,110,search,2025-01-19T16:38:00
413,110,view,2025-01-19T16:40:00
413,110,click,2025-01-19T16:44:00
413,110,add_to_cart,2025-01-19T16:45:00
413,110,purchase,2025-01-19T16:46:00
413,114,view,2025-01-19T16:52:00
413,114,add_to_cart,2025-01-19T16:55:00
413,114,purchase,2025-01-19T16:56:00
413,113,view,2025-01-19T17:05:00
413,113,click,2025-01-19T17:06:00
413,66,search,2025-01-21T07:20:00
413,66,view,2025-01-21T07:22:00
413,66,click,2025-01-21T07:24:00
413,66,add_to_cart,2025-01-21T07:26:00
413,66,remove_cart,2025-01-21T07:28:00
413,114,review,2025-01-22T17:05:00
413,74,search,2025-01-23T22:44:00
413,74,view,2025-01-23T22:45:00
413,74,click,2025-01-23T22:48:00
413,71,view,2025-01-23T22:50:00
413,71,click,2025-01-23T22:54:00
413,110,review,2025-01-24T00:20:00
413,110,review,2025-01-24T16:52:00
414,132,view,2025-01-04T00:28:00
414,132,click,2025-01-04T00:31:00
414,137,view,2025-01-04T00:34:00
414,137,click,2025-01-04T00:36:00
414,147,search,2025-01-06T20:38:00
414,147,view,2025-01-06T20:40:00
414,147,click,2025-01-06T20:44:00
414,147,add_to_cart,2025-01-06T20:45:00
414,147,purchase,2025-01-06T20:46:00
414,24,search,2025-01-09T07:17:00
414,24,view,2025-01-09T07:18:00
414,24,click,2025-01-09T07:20:00
414,24,add_to_cart,2025-01-09T07:22:00
414,24,remove_cart,2025-01-09T07:23:00
414,40,view,2025-01-10T14:48:00
414,40,click,2025-01-10T14:50:00
414,142,search,2025-01-12T21:37:00
414,142,view,2025-01-12T21:40:00
414,142,click,2025-01-12T21:42:00
414,36,search,2025-01-15T17:05:00
414,36,view,2025-01-15T17:08:00
414,36,click,2025-01-15T17:11:00
414,33,view,2025-01-18T02:55:00
414,33,click,2025-01-18T02:58:00
414,33,add_to_cart,2025-01-18T03:01:00
414,33,purchase,2025-01-18T03:02:00
414,26,view,2025-01-18T03:11:00
414,26,click,2025-01-18T03:14:00
414,30,view,2025-01-18T03:15:00
414,30,click,2025-01-18T03:16:00
414,78,search,2025-01-21T03:45:00
414,78,view,2025-01-21T03:46:00
414,78,click,2025-01-21T03:49:00
414,33,review,2025-01-26T03:11:00
415,181,search,2025-01-06T16:29:00
415,181,view,2025-01-06T16:31:00
415,181,click,2025-01-06T16:34:00
415,181,add_to_cart,2025-01-06T16:35:00
415,181,purchase,2025-01-06T16:37:00
415,185,view,2025-01-06T16:45:00
415,185,click,2025-01-06T16:49:00
415,195,view,2025-01-06T16:50:00
415,195,click,2025-01-06T16:54:00
415,62,view,2025-01-08T10:19:00
415,62,click,2025-01-08T10:22:00
415,62,add_to_cart,2025-01-08T10:25:00
415,62,purchase,2025-01-08T10:27:00
415,43,view,2025-01-08T10:38:00
415,43,click,2025-01-08T10:41:00
415,43,add_to_cart,2025-01-08T10:43:00
415,43,remove_cart,2025-01-08T10:44:00
415,32,search,2025-01-09T01:06:00
415,32,view,2025-01-09T01:08:00
415,38,view,2025-01-09T01:12:00
415,38,click,2025-01-09T01:16:00
415,35,view,2025-01-09T01:18:00
415,35,click,2025-01-09T01:20:00
415,35,add_to_cart,2025-01-09T01:22:00
415,35,purchase,2025-01-09T01:24:00
415,49,search,2025-01-09T22:58:00
415,49,view,2025-01-09T23:01:00
415,49,click,2025-01-09T23:02:00
415,59,view,2025-01-09T23:05:00
415,61,view,2025-01-09T23:09:00
415,61,click,2025-01-09T23:11:00
415,25,search,2025-01-11T13:42:00
415,25,view,2025-01-11T13:44:00
415,25,click,2025-01-11T13:48:00
415,35,view,2025-01-11T13:50:00
415,35,click,2025-01-11T13:54:00
415,39,view,2025-01-11T13:55:00
415,39,add_to_cart,2025-01-11T13:56:00
415,39,purchase,2025-01-11T13:58:00
415,181,review,2025-01-11T16:45:00
415,62,review,2025-01-13T10:38:00
415,42,search,2025-01-14T14:43:00
415,42,view,2025-01-14T14:46:00
415,42,click,2025-01-14T14:50:00
415,42,add_to_cart,2025-01-14T14:53:00
415,42,purchase,2025-01-14T14:54:00
415,38,view,2025-01-14T15:04:00
415,38,add_to_cart,2025-01-14T15:07:00
415,38,remove_cart,2025-01-14T15:09:00
416,97,search,2025-01-11T05:05:00
416,97,view,2025-01-11T05:06:00
416,97,click,2025-01-11T05:10:00
416,97,add_to_cart,2025-01-11T05:12:00
416,97,purchase,2025-01-11T05:13:00
416,93,view,2025-01-11T05:23:00
416,93,click,2025-01-11T05:25:00
416,95,search,2025-01-13T12:43:00
416,95,view,2025-01-13T12:44:00
416,95,click,2025-01-13T12:45:00
416,99,view,2025-01-13T12:47:00
416,99,click,2025-01-13T12:49:00
416,102,view,2025-01-13T12:50:00
416,165,search,2025-01-15T18:27:00
416,165,view,2025-01-15T18:30:00
416,165,add_to_cart,2025-01-15T18:34:00
416,165,remove_cart,2025-01-15T18:35:00
416,162,view,2025-01-15T18:37:00
416,162,click,2025-01-15T18:38:00
416,175,view,2025-01-15T18:39:00
416,175,click,2025-01-15T18:43:00
416,175,add_to_cart,2025-01-15T18:44:00
416,175,purchase,2025-01-15T18:45:00
416,110,search,2025-01-17T00:34:00
416,110,view,2025-01-17T00:36:00
416,110,click,2025-01-17T00:39:00
416,116,view,2025-01-17T00:42:00
416,120,view,2025-01-17T00:44:00
416,120,click,2025-01-17T00:47:00
416,131,search,2025-01-19T10:41:00
416,131,view,2025-01-19T10:44:00
416,131,click,2025-01-19T10:47:00
416,131,add_to_cart,2025-01-19T10:48:00
416,131,purchase,2025-01-19T10:49:00
416,112,view,2025-01-19T10:57:00
416,112,click,2025-01-19T10:59:00
416,127,view,2025-01-19T11:00:00
416,127,click,2025-01-19T11:02:00
416,127,add_to_cart,2025-01-19T11:03:00
416,127,purchase,2025-01-19T11:05:00
416,127,review,2025-01-21T11:10:00
416,105,search,2025-01-21T20:30:00
416,105,view,2025-01-21T20:32:00
416,105,click,2025-01-21T20:34:00
416,105,add_to_cart,2025-01-21T20:37:00
416,105,purchase,2025-01-21T20:39:00
416,103,view,2025-01-21T20:49:00
416,103,click,2025-01-21T20:50:00
416,103,add_to_cart,2025-01-21T20:52:00
416,103,purchase,2025-01-21T20:54:00
416,89,view,2025-01-21T21:05:00
416,89,click,2025-01-21T21:08:00
416,89,add_to_cart,2025-01-21T21:09:00
416,89,purchase,2025-01-21T21:11:00
416,105,review,2025-01-22T20:49:00
416,103,review,2025-01-25T21:05:00
416,131,review,2025-01-29T10:57:00
417,183,search,2025-01-06T20:19:00
417,183,view,2025-01-06T20:21:00
417,183,click,2025-01-06T20:23:00
417,183,add_to_cart,2025-01-06T20:24:00
417,183,purchase,2025-01-06T20:26:00
417,199,view,2025-01-06T20:37:00
417,199,click,2025-01-06T20:39:00
417,199,add_to_cart,2025-01-06T20:42:00
417,199,purchase,2025-01-06T20:44:00
417,180,search,2025-01-07T21:51:00
417,180,view,2025-01-07T21:52:00
417,180,click,2025-01-07T21:56:00
417,199,view,2025-01-07T21:57:00
417,199,click,2025-01-07T22:01:00
417,171,view,2025-01-09T04:27:00
417,171,click,2025-01-09T04:29:00
417,171,add_to_cart,2025-01-09T04:31:00
417,171,purchase,2025-01-09T04:33:00
417,154,view,2025-01-09T04:41:00
417,154,click,2025-01-09T04:45:00
417,154,add_to_cart,2025-01-09T04:46:00
417,154,remove_cart,2025-01-09T04:47:00
417,168,view,2025-01-09T04:48:00
417,168,add_to_cart,2025-01-09T04:50:00
417,168,purchase,2025-01-09T04:51:00
417,172,search,2025-01-12T01:56:00
417,172,view,2025-01-12T01:59:00
417,172,click,2025-01-12T02:03:00
417,171,view,2025-01-12T02:06:00
417,171,click,2025-01-12T02:10:00
417,171,add_to_cart,2025-01-12T02:11:00
417,171,purchase,2025-01-12T02:12:00
417,159,view,2025-01-12T02:21:00
417,159,click,2025-01-12T02:23:00
417,195,search,2025-01-12T19:37:00
417,195,view,2025-01-12T19:40:00
417,195,click,2025-01-12T19:42:00
417,195,add_to_cart,2025-01-12T19:43:00
417,195,purchase,2025-01-12T19:44:00
417,176,view,2025-01-12T19:50:00
417,176,click,2025-01-12T19:53:00
417,168,review,2025-01-13T04:55:00
417,199,review,2025-01-14T20:56:00
417,169,search,2025-01-15T05:14:00
417,169,view,2025-01-15T05:15:00
417,182,search,2025-01-18T00:42:00
417,182,view,2025-01-18T00:45:00
417,182,click,2025-01-18T00:48:00
417,161,search,2025-01-18T13:35:00
417,161,view,2025-01-18T13:38:00
417,156,view,2025-01-18T13:40:00
417,171,view,2025-01-18T13:42:00
417,171,add_to_cart,2025-01-18T13:44:00
417,171,purchase,2025-01-18T13:46:00
417,173,search,2025-01-19T20:44:00
417,173,view,2025-01-19T20:46:00
417,192,search,2025-01-20T16:28:00
417,192,view,2025-01-20T16:30:00
417,192,click,2025-01-20T16:33:00
417,195,review,2025-01-20T19:50:00
417,171,review,2025-01-21T04:41:00
417,171,review,2025-01-29T13:48:00
418,192,search,2025-01-04T22:55:00
418,192,view,2025-01-04T22:58:00
418,192,click,2025-01-04T23:00:00
418,192,add_to_cart,2025-01-04T23:01:00
418,192,purchase,2025-01-04T23:02:00
418,194,view,2025-01-04T23:12:00
418,198,view,2025-01-04T23:13:00
418,198,click,2025-01-04T23:15:00
418,32,view,2025-01-06T20:31:00
418,32,click,2025-01-06T20:32:00
418,32,add_to_cart,2025-01-06T20:34:00
418,32,purchase,2025-01-06T20:35:00
418,37,view,2025-01-06T20:45:00
418,37,click,2025-01-06T20:48:00
418,37,add_to_cart,2025-01-06T20:50:00
418,37,remove_cart,2025-01-06T20:52:00
418,59,search,2025-01-08T20:10:00
418,59,view,2025-01-08T20:12:00
418,59,click,2025-01-08T20:13:00
418,59,add_to_cart,2025-01-08T20:16:00
418,59,remove_cart,2025-01-08T20:17:00
418,53,view,2025-01-08T20:18:00
418,53,click,2025-01-08T20:21:00
418,52,search,2025-01-11T01:37:00
418,52,view,2025-01-11T01:39:00
418,52,add_to_cart,2025-01-11T01:41:00
418,52,purchase,2025-01-11T01:43:00
418,47,search,2025-01-11T16:05:00
418,47,view,2025-01-11T16:07:00
418,47,click,2025-01-11T16:09:00
418,54,view,2025-01-11T16:11:00
418,54,click,2025-01-11T16:15:00
418,54,add_to_cart,2025-01-11T16:17:00
418,54,purchase,2025-01-11T16:18:00
418,197,search,2025-01-13T19:53:00
418,197,view,2025-01-13T19:55:00
418,197,click,2025-01-13T19:59:00
418,193,view,2025-01-13T20:01:00
418,193,click,2025-01-13T20:05:00
418,193,add_to_cart,2025-01-13T20:06:00
418,193,purchase,2025-01-13T20:08:00
418,65,search,2025-01-16T17:37:00
418,65,view,2025-01-16T17:40:00
418,65,click,2025-01-16T17:41:00
418,65,add_to_cart,2025-01-16T17:42:00
418,65,remove_cart,2025-01-16T17:43:00
418,179,search,2025-01-18T12:11:00
418,179,view,2025-01-18T12:13:00
418,179,click,2025-01-18T12:14:00
418,32,review,2025-01-19T20:45:00
418,23,search,2025-01-20T15:13:00
418,23,view,2025-01-20T15:14:00
418,23,click,2025-01-20T15:17:00
418,23,add_to_cart,2025-01-20T15:20:00
418,23,purchase,2025-01-20T15:21:00
418,24,view,2025-01-20T15:33:00
418,24,click,2025-01-20T15:36:00
418,32,view,2025-01-20T15:37:00
418,32,add_to_cart,2025-01-20T15:38:00
418,32,purchase,2025-01-20T15:39:00
418,32,review,2025-01-21T15:48:00
418,40,search,2025-01-23T08:16:00
418,40,view,2025-01-23T08:17:00
418,40,click,2025-01-23T08:21:00
418,42,view,2025-01-23T08:22:00
418,42,click,2025-01-23T08:25:00
418,42,add_to_cart,2025-01-23T08:26:00
418,42,purchase,2025-01-23T08:27:00
418,42,review,2025-01-26T08:39:00
419,27,search,2025-01-07T13:52:00
419,27,view,2025-01-07T13:55:00
419,27,click,2025-01-07T13:57:00
419,27,add_to_cart,2025-01-07T13:58:00
419,27,purchase,2025-01-07T14:00:00
419,2,view,2025-01-10T14:57:00
419,2,click,2025-01-10T14:59:00
419,17,view,2025-01-10T15:01:00
419,17,click,2025-01-10T15:04:00
419,17,add_to_cart,2025-01-10T15:05:00
419,17,purchase,2025-01-10T15:07:00
419,4,view,2025-01-12T15:21:00
419,4,click,2025-01-12T15:24:00
419,21,view,2025-01-12T15:26:00
419,21,click,2025-01-12T15:30:00
419,21,add_to_cart,2025-01-12T15:33:00
419,21,remove_cart,2025-01-12T15:34:00
419,17,view,2025-01-12T15:35:00
419,17,add_to_cart,2025-01-12T15:37:00
419,17,purchase,2025-01-12T15:39:00
419,187,view,2025-01-13T04:36:00
419,187,click,2025-01-13T04:38:00
419,183,view,2025-01-13T04:40:00
419,183,click,2025-01-13T04:41:00
419,186,view,2025-01-13T04:44:00
419,186,click,2025-01-13T04:47:00
419,15,search,2025-01-16T04:02:00
419,15,view,2025-01-16T04:03:00
419,15,click,2025-01-16T04:05:00
419,188,view,2025-01-17T13:33:00
419,188,add_to_cart,2025-01-17T13:36:00
419,188,purchase,2025-01-17T13:37:00
419,199,view,2025-01-17T13:39:00
419,199,click,2025-01-17T13:40:00
419,187,view,2025-01-17T13:43:00
419,17,review,2025-01-18T15:42:00
419,180,search,2025-01-19T00:51:00
419,180,view,2025-01-19T00:52:00
419,180,click,2025-01-19T00:55:00
419,190,view,2025-01-19T00:56:00
419,195,view,2025-01-19T00:59:00
419,195,click,2025-01-19T01:02:00
419,195,add_to_cart,2025-01-19T01:05:00
419,195,purchase,2025-01-19T01:06:00
419,183,view,2025-01-19T13:36:00
419,183,click,2025-01-19T13:37:00
419,183,add_to_cart,2025-01-19T13:40:00
419,183,remove_cart,2025-01-19T13:41:00
419,184,view,2025-01-19T13:42:00
419,184,click,2025-01-19T13:44:00
419,176,view,2025-01-19T13:46:00
419,176,click,2025-01-19T13:49:00
419,26,search,2025-01-21T01:15:00
419,26,view,2025-01-21T01:16:00
419,26,add_to_cart,2025-01-21T01:20:00
419,26,purchase,2025-01-21T01:21:00
419,26,review,2025-02-04T01:28:00
420,9,view,2025-01-10T08:57:00
420,9,click,2025-01-10T08:58:00
420,142,search,2025-01-12T07:14:00
420,142,view,2025-01-12T07:17:00
420,142,click,2025-01-12T07:18:00
420,149,view,2025-01-12T07:21:00
420,149,click,2025-01-12T07:24:00
420,134,view,2025-01-12T07:27:00
420,134,click,2025-01-12T07:31:00
420,9,search,2025-01-13T17:39:00
420,9,view,2025-01-13T17:42:00
420,9,click,2025-01-13T17:43:00
420,5,view,2025-01-13T17:44:00
420,5,click,2025-01-13T17:47:00
420,5,add_to_cart,2025-01-13T17:50:00
420,5,purchase,2025-01-13T17:51:00
420,8,view,2025-01-13T18:01:00
420,146,search,2025-01-15T20:02:00
420,146,view,2025-01-15T20:05:00
420,146,click,2025-01-15T20:09:00
420,152,view,2025-01-15T20:12:00
420,152,click,2025-01-15T20:14:00
420,152,view,2025-01-18T10:32:00
420,152,click,2025-01-18T10:34:00
420,152,add_to_cart,2025-01-18T10:35:00
420,152,purchase,2025-01-18T10:36:00
420,146,view,2025-01-18T10:42:00
420,132,view,2025-01-18T10:45:00
420,132,click,2025-01-18T10:47:00
420,5,review,2025-01-20T18:01:00
420,139,view,2025-01-20T18:21:00
420,139,click,2025-01-20T18:23:00
420,195,view,2025-01-21T07:39:00
420,195,click,2025-01-21T07:40:00
421,77,view,2025-01-04T06:34:00
421,77,click,2025-01-04T06:36:00
421,84,view,2025-01-04T06:38:00
421,84,click,2025-01-04T06:41:00
421,24,search,2025-01-05T15:57:00
421,24,view,2025-01-05T15:59:00
421,70,search,2025-01-06T13:36:00
421,70,view,2025-01-06T13:39:00
421,70,add_to_cart,2025-01-06T13:40:00
421,70,purchase,2025-01-06T13:42:00
421,73,view,2025-01-06T13:53:00
421,73,click,2025-01-06T13:54:00
421,83,view,2025-01-06T13:55:00
421,83,click,2025-01-06T13:56:00
421,83,add_to_cart,2025-01-06T13:57:00
421,83,remove_cart,2025-01-06T13:59:00
421,36,search,2025-01-08T06:12:00
421,36,view,2025-01-08T06:13:00
421,36,click,2025-01-08T06:15:00
421,29,view,2025-01-08T06:16:00
421,29,click,2025-01-08T06:20:00
421,29,add_to_cart,2025-01-08T06:23:00
421,29,purchase,2025-01-08T06:24:00
421,40,view,2025-01-08T06:30:00
421,40,click,2025-01-08T06:33:00
421,40,search,2025-01-09T04:50:00
421,40,view,2025-01-09T04:51:00
421,40,click,2025-01-09T04:52:00
421,24,view,2025-01-09T04:53:00
421,24,click,2025-01-09T04:56:00
421,24,add_to_cart,2025-01-09T04:59:00
421,24,purchase,2025-01-09T05:01:00
421,6,view,2025-01-11T00:44:00
421,6,add_to_cart,2025-01-11T00:47:00
421,6,purchase,2025-01-11T00:49:00
421,16,view,2025-01-11T00:58:00
421,16,click,2025-01-11T00:59:00
421,16,add_to_cart,2025-01-11T01:00:00
421,16,purchase,2025-01-11T01:01:00
421,8,view,2025-01-11T01:04:00
421,8,click,2025-01-11T01:08:00
421,8,add_to_cart,2025-01-11T01:09:00
421,8,remove_cart,2025-01-11T01:11:00
421,28,search,2025-01-13T21:01:00
421,28,view,2025-01-13T21:03:00
421,28,click,2025-01-13T21:07:00
421,29,review,2025-01-15T06:30:00
421,34,search,2025-01-15T14:39:00
421,34,view,2025-01-15T14:42:00
421,34,click,2025-01-15T14:43:00
421,24,review,2025-01-20T05:04:00
422,70,search,2025-01-12T11:23:00
422,70,view,2025-01-12T11:26:00
422,70,click,2025-01-12T11:29:00
422,83,view,2025-01-12T11:30:00
422,83,click,2025-01-12T11:32:00
422,83,add_to_cart,2025-01-12T11:34:00
422,83,purchase,2025-01-12T11:36:00
422,92,view,2025-01-14T07:11:00
422,92,click,2025-01-14T07:13:00
422,99,view,2025-01-14T07:16:00
422,99,click,2025-01-14T07:20:00
422,99,add_to_cart,2025-01-14T07:21:00
422,99,purchase,2025-01-14T07:22:00
422,88,view,2025-01-14T07:26:00
422,88,click,2025-01-14T07:28:00
422,53,search,2025-01-16T22:30:00
422,53,view,2025-01-16T22:33:00
422,53,click,2025-01-16T22:37:00
422,53,add_to_cart,2025-01-16T22:38:00
422,53,purchase,2025-01-16T22:39:00
422,59,view,2025-01-16T22:46:00
422,59,click,2025-01-16T22:50:00
422,49,view,2025-01-16T22:52:00
422,49,click,2025-01-16T22:54:00
422,49,add_to_cart,2025-01-16T22:56:00
422,49,remove_cart,2025-01-16T22:57:00
422,97,view,2025-01-17T13:08:00
422,97,click,2025-01-17T13:12:00
422,94,search,2025-01-19T22:09:00
422,94,view,2025-01-19T22:11:00
422,94,click,2025-01-19T22:15:00
422,96,view,2025-01-19T22:18:00
422,96,click,2025-01-19T22:21:00
422,107,view,2025-01-19T22:24:00
422,107,add_to_cart,2025-01-19T22:27:00
422,107,purchase,2025-01-19T22:28:00
422,99,review,2025-01-21T07:26:00
422,79,search,2025-01-21T16:28:00
422,79,view,2025-01-21T16:31:00
422,83,review,2025-01-22T11:44:00
422,49,search,2025-01-23T07:37:00
422,49,view,2025-01-23T07:39:00
422,49,click,2025-01-23T07:43:00
422,63,view,2025-01-25T09:01:00
422,63,click,2025-01-25T09:04:00
422,57,view,2025-01-25T09:06:00
422,57,click,2025-01-25T09:07:00
422,57,add_to_cart,2025-01-25T09:09:00
422,57,purchase,2025-01-25T09:10:00
422,54,view,2025-01-25T09:19:00
422,54,click,2025-01-25T09:23:00
422,92,view,2025-01-26T22:34:00
422,92,click,2025-01-26T22:37:00
422,102,view,2025-01-26T22:39:00
422,102,click,2025-01-26T22:40:00
422,102,add_to_cart,2025-01-26T22:41:00
422,102,purchase,2025-01-26T22:43:00
422,102,review,2025-01-30T22:47:00
422,107,review,2025-02-01T22:34:00
423,196,search,2025-01-07T18:39:00
423,196,view,2025-01-07T18:40:00
423,196,click,2025-01-07T18:44:00
423,187,view,2025-01-07T18:45:00
423,187,click,2025-01-07T18:47:00
423,189,view,2025-01-07T18:50:00
423,189,click,2025-01-07T18:54:00
423,197,search,2025-01-09T22:26:00
423,197,view,2025-01-09T22:28:00
423,197,click,2025-01-09T22:32:00
423,197,add_to_cart,2025-01-09T22:33:00
423,197,purchase,2025-01-09T22:35:00
423,196,view,2025-01-09T22:47:00
423,196,click,2025-01-09T22:49:00
423,196,add_to_cart,2025-01-09T22:52:00
423,196,purchase,2025-01-09T22:53:00
423,85,view,2025-01-11T15:37:00
423,85,click,2025-01-11T15:39:00
423,67,view,2025-01-11T15:42:00
423,67,click,2025-01-11T15:46:00
423,83,view,2025-01-11T15:48:00
423,83,click,2025-01-11T15:52:00
423,83,add_to_cart,2025-01-11T15:54:00
423,83,purchase,2025-01-11T15:56:00
423,23,search,2025-01-14T06:54:00
423,23,view,2025-01-14T06:56:00
423,23,click,2025-01-14T06:57:00
423,83,review,2025-01-15T16:03:00
423,182,search,2025-01-16T20:32:00
423,182,view,2025-01-16T20:33:00
423,182,click,2025-01-16T20:34:00
423,192,view,2025-01-16T20:35:00
423,192,click,2025-01-16T20:37:00
423,183,view,2025-01-16T20:40:00
423,87,search,2025-01-19T04:06:00
423,87,view,2025-01-19T04:09:00
423,87,click,2025-01-19T04:11:00
423,87,add_to_cart,2025-01-19T04:14:00
423,87,purchase,2025-01-19T04:16:00
423,82,view,2025-01-19T04:20:00
423,82,click,2025-01-19T04:21:00
423,82,add_to_cart,2025-01-19T04:24:00
423,82,purchase,2025-01-19T04:25:00
423,83,view,2025-01-19T04:29:00
423,83,click,2025-01-19T04:32:00
423,83,add_to_cart,2025-01-19T04:34:00
423,83,purchase,2025-01-19T04:36:00
423,36,search,2025-01-20T04:39:00
423,36,view,2025-01-20T04:41:00
423,36,click,2025-01-20T04:42:00
423,35,view,2025-01-20T04:43:00
423,35,click,2025-01-20T04:45:00
423,35,add_to_cart,2025-01-20T04:48:00
423,35,remove_cart,2025-01-20T04:50:00
423,42,view,2025-01-20T04:51:00
423,42,click,2025-01-20T04:53:00
423,42,add_to_cart,2025-01-20T04:56:00
423,42,purchase,2025-01-20T04:58:00
423,32,view,2025-01-21T21:22:00
423,28,view,2025-01-21T21:25:00
423,28,click,2025-01-21T21:29:00
423,28,add_to_cart,2025-01-21T21:31:00
423,28,remove_cart,2025-01-21T21:32:00
423,197,review,2025-01-22T22:47:00
423,35,search,2025-01-24T12:42:00
423,35,view,2025-01-24T12:44:00
423,35,click,2025-01-24T12:48:00
423,33,view,2025-01-24T12:50:00
423,33,click,2025-01-24T12:51:00
424,66,view,2025-01-06T18:05:00
424,66,click,2025-01-06T18:09:00
424,137,search,2025-01-07T16:11:00
424,137,view,2025-01-07T16:12:00
424,137,click,2025-01-07T16:16:00
424,137,add_to_cart,2025-01-07T16:17:00
424,137,remove_cart,2025-01-07T16:18:00
424,5,search,2025-01-08T05:58:00
424,5,view,2025-01-08T05:59:00
424,21,search,2025-01-10T10:08:00
424,21,view,2025-01-10T10:09:00
424,21,click,2025-01-10T10:11:00
424,69,search,2025-01-13T06:26:00
424,69,view,2025-01-13T06:28:00
424,69,click,2025-01-13T06:31:00
424,69,add_to_cart,2025-01-13T06:32:00
424,69,remove_cart,2025-01-13T06:34:00
424,68,view,2025-01-13T06:36:00
424,68,click,2025-01-13T06:39:00
424,20,search,2025-01-13T20:35:00
424,20,view,2025-01-13T20:36:00
424,20,click,2025-01-13T20:40:00
424,11,view,2025-01-13T20:43:00
424,11,click,2025-01-13T20:46:00
424,11,add_to_cart,2025-01-13T20:48:00
424,11,purchase,2025-01-13T20:49:00
424,11,review,2025-01-17T20:52:00
425,17,search,2025-01-06T15:18:00
425,17,view,2025-01-06T15:21:00
425,17,click,2025-01-06T15:22:00
425,12,view,2025-01-06T15:25:00
425,12,click,2025-01-06T15:26:00
425,12,add_to_cart,2025-01-06T15:27:00
425,12,remove_cart,2025-01-06T15:29:00
425,19,view,2025-01-06T15:31:00
425,19,click,2025-01-06T15:34:00
425,19,add_to_cart,2025-01-06T15:36:00
425,19,remove_cart,2025-01-06T15:37:00
425,149,view,2025-01-07T07:35:00
425,149,click,2025-01-07T07:39:00
425,151,view,2025-01-07T07:42:00
425,151,click,2025-01-07T07:44:00
425,151,view,2025-01-08T16:57:00
425,151,click,2025-01-08T17:01:00
425,133,view,2025-01-08T17:04:00
425,133,click,2025-01-08T17:07:00
425,196,search,2025-01-09T19:45:00
425,196,view,2025-01-09T19:47:00
425,196,click,2025-01-09T19:51:00
425,196,add_to_cart,2025-01-09T19:54:00
425,196,purchase,2025-01-09T19:55:00
425,177,view,2025-01-09T19:58:00
425,177,click,2025-01-09T20:00:00
425,177,add_to_cart,2025-01-09T20:03:00
425,177,purchase,2025-01-09T20:05:00
425,138,view,2025-01-12T12:17:00
425,188,search,2025-01-14T00:29:00
425,188,view,2025-01-14T00:32:00
425,188,add_to_cart,2025-01-14T00:34:00
425,188,purchase,2025-01-14T00:36:00
425,187,view,2025-01-14T00:47:00
425,187,add_to_cart,2025-01-14T00:49:00
425,187,purchase,2025-01-14T00:51:00
425,193,view,2025-01-14T00:57:00
425,193,click,2025-01-14T01:01:00
425,193,add_to_cart,2025-01-14T01:04:00
425,193,remove_cart,2025-01-14T01:06:00
425,7,search,2025-01-15T00:25:00
425,7,view,2025-01-15T00:26:00
425,7,click,2025-01-15T00:30:00
425,7,add_to_cart,2025-01-15T00:31:00
425,7,purchase,2025-01-15T00:33:00
425,3,view,2025-01-15T00:41:00
425,3,click,2025-01-15T00:45:00
425,3,add_to_cart,2025-01-15T00:46:00
425,3,purchase,2025-01-15T00:47:00
425,187,review,2025-01-20T00:57:00
425,196,review,2025-01-23T19:58:00
425,188,review,2025-01-28T00:47:00
426,138,search,2025-01-11T02:25:00
426,138,view,2025-01-11T02:27:00
426,138,click,2025-01-11T02:30:00
426,140,view,2025-01-11T02:31:00
426,140,click,2025-01-11T02:33:00
426,11,view,2025-01-14T01:39:00
426,11,click,2025-01-14T01:41:00
426,11,add_to_cart,2025-01-14T01:44:00
426,11,remove_cart,2025-01-14T01:45:00
426,132,view,2025-01-16T08:06:00
426,132,click,2025-01-16T08:07:00
426,132,add_to_cart,2025-01-16T08:10:00
426,132,purchase,2025-01-16T08:11:00
426,140,view,2025-01-16T08:22:00
426,140,click,2025-01-16T08:26:00
426,140,add_to_cart,2025-01-16T08:28:00
426,140,purchase,2025-01-16T08:30:00
426,132,review,2025-01-17T08:22:00
426,146,search,2025-01-18T07:20:00
426,146,view,2025-01-18T07:23:00
426,146,click,2025-01-18T07:27:00
426,146,add_to_cart,2025-01-18T07:30:00
426,146,purchase,2025-01-18T07:32:00
426,153,view,2025-01-18T07:34:00
426,153,click,2025-01-18T07:36:00
426,153,add_to_cart,2025-01-18T07:38:00
426,153,purchase,2025-01-18T07:40:00
426,136,view,2025-01-18T07:49:00
426,136,click,2025-01-18T07:52:00
426,136,add_to_cart,2025-01-18T07:55:00
426,136,purchase,2025-01-18T07:56:00
426,93,search,2025-01-19T02:06:00
426,93,view,2025-01-19T02:09:00
426,93,click,2025-01-19T02:12:00
426,91,view,2025-01-19T02:14:00
426,91,click,2025-01-19T02:17:00
426,11,search,2025-01-21T14:25:00
426,11,view,2025-01-21T14:26:00
426,20,view,2025-01-21T14:27:00
426,20,click,2025-01-21T14:29:00
426,15,view,2025-01-21T14:32:00
426,15,click,2025-01-21T14:33:00
426,22,search,2025-01-22T13:50:00
426,22,view,2025-01-22T13:52:00
426,22,click,2025-01-22T13:55:00
426,22,add_to_cart,2025-01-22T13:57:00
426,22,remove_cart,2025-01-22T13:59:00
426,11,view,2025-01-22T14:01:00
426,11,click,2025-01-22T14:04:00
426,21,view,2025-01-22T14:07:00
426,21,click,2025-01-22T14:08:00
426,21,add_to_cart,2025-01-22T14:09:00
426,21,purchase,2025-01-22T14:11:00
426,10,view,2025-01-25T07:55:00
426,10,click,2025-01-25T07:58:00
426,10,add_to_cart,2025-01-25T07:59:00
426,10,purchase,2025-01-25T08:00:00
426,20,view,2025-01-25T08:11:00
426,20,click,2025-01-25T08:12:00
426,21,view,2025-01-25T08:14:00
426,21,click,2025-01-25T08:15:00
426,21,add_to_cart,2025-01-25T08:18:00
426,21,remove_cart,2025-01-25T08:19:00
426,103,view,2025-01-25T23:54:00
426,103,click,2025-01-25T23:55:00
426,103,add_to_cart,2025-01-25T23:56:00
426,103,remove_cart,2025-01-25T23:57:00
426,94,view,2025-01-25T23:59:00
426,94,click,2025-01-26T00:03:00
426,94,add_to_cart,2025-01-26T00:05:00
426,94,purchase,2025-01-26T00:07:00
426,94,review,2025-01-31T00:14:00
427,135,view,2025-01-10T05:14:00
427,135,click,2025-01-10T05:16:00
427,139,view,2025-01-10T05:19:00
427,139,click,2025-01-10T05:22:00
427,139,add_to_cart,2025-01-10T05:25:00
427,139,purchase,2025-01-10T05:26:00
427,136,view,2025-01-10T05:35:00
427,136,click,2025-01-10T05:36:00
427,136,add_to_cart,2025-01-10T05:37:00
427,136,purchase,2025-01-10T05:39:00
427,47,view,2025-01-12T13:04:00
427,47,click,2025-01-12T13:05:00
427,47,add_to_cart,2025-01-12T13:08:00
427,47,purchase,2025-01-12T13:09:00
427,61,search,2025-01-13T01:57:00
427,61,view,2025-01-13T01:59:00
427,61,click,2025-01-13T02:00:00
427,58,view,2025-01-13T02:03:00
427,58,click,2025-01-13T02:07:00
427,50,view,2025-01-13T02:08:00
427,50,click,2025-01-13T02:10:00
427,50,add_to_cart,2025-01-13T02:11:00
427,50,purchase,2025-01-13T02:12:00
427,139,review,2025-01-13T05:35:00
427,28,search,2025-01-13T18:46:00
427,28,view,2025-01-13T18:48:00
427,25,view,2025-01-15T04:13:00
427,25,click,2025-01-15T04:14:00
427,25,add_to_cart,2025-01-15T04:15:00
427,25,purchase,2025-01-15T04:16:00
427,31,view,2025-01-15T04:26:00
427,31,click,2025-01-15T04:30:00
427,31,add_to_cart,2025-01-15T04:32:00
427,31,purchase,2025-01-15T04:34:00
427,138,view,2025-01-16T06:33:00
427,138,click,2025-01-16T06:34:00
427,144,view,2025-01-16T06:37:00
427,144,click,2025-01-16T06:41:00
427,144,add_to_cart,2025-01-16T06:43:00
427,144,purchase,2025-01-16T06:44:00
427,139,view,2025-01-16T06:53:00
427,139,click,2025-01-16T06:54:00
427,139,add_to_cart,2025-01-16T06:56:00
427,139,purchase,2025-01-16T06:58:00
427,50,review,2025-01-18T02:18:00
427,147,search,2025-01-18T15:52:00
427,147,view,2025-01-18T15:55:00
427,147,click,2025-01-18T15:57:00
427,136,review,2025-01-19T05:45:00
427,47,review,2025-01-20T13:18:00
427,32,search,2025-01-21T00:49:00
427,32,view,2025-01-21T00:50:00
427,32,click,2025-01-21T00:53:00
427,139,search,2025-01-21T22:45:00
427,139,view,2025-01-21T22:46:00
427,139,click,2025-01-21T22:50:00
428,95,search,2025-01-11T21:10:00
428,95,view,2025-01-11T21:13:00
428,95,click,2025-01-11T21:15:00
428,95,add_to_cart,2025-01-11T21:18:00
428,95,remove_cart,2025-01-11T21:19:00
428,170,search,2025-01-13T11:03:00
428,170,view,2025-01-13T11:05:00
428,170,click,2025-01-13T11:09:00
428,96,search,2025-01-14T01:10:00
428,96,view,2025-01-14T01:13:00
428,96,click,2025-01-14T01:17:00
428,99,view,2025-01-14T01:20:00
428,99,click,2025-01-14T01:24:00
428,96,view,2025-01-15T04:06:00
428,96,click,2025-01-15T04:07:00
428,98,search,2025-01-17T23:34:00
428,98,view,2025-01-17T23:37:00
428,98,click,2025-01-17T23:41:00
428,98,add_to_cart,2025-01-17T23:43:00
428,98,remove_cart,2025-01-17T23:45:00
428,163,search,2025-01-18T21:30:00
428,163,view,2025-01-18T21:32:00
428,163,click,2025-01-18T21:36:00
428,100,view,2025-01-20T00:38:00
428,100,click,2025-01-20T00:39:00
428,97,view,2025-01-20T00:41:00
428,94,search,2025-01-22T17:58:00
428,94,view,2025-01-22T18:00:00
428,94,click,2025-01-22T18:02:00
428,94,add_to_cart,2025-01-22T18:04:00
428,94,purchase,2025-01-22T18:05:00
428,90,view,2025-01-22T18:14:00
428,90,click,2025-01-22T18:16:00
428,90,add_to_cart,2025-01-22T18:19:00
428,90,remove_cart,2025-01-22T18:21:00
428,115,search,2025-01-25T12:57:00
428,115,view,2025-01-25T13:00:00
428,115,click,2025-01-25T13:04:00
428,115,add_to_cart,2025-01-25T13:05:00
428,115,purchase,2025-01-25T13:06:00
428,115,review,2025-02-08T13:09:00
429,87,search,2025-01-08T11:37:00
429,87,view,2025-01-08T11:38:00
429,87,click,2025-01-08T11:42:00
429,87,add_to_cart,2025-01-08T11:43:00
429,87,purchase,2025-01-08T11:45:00
429,82,view,2025-01-08T11:48:00
429,158,search,2025-01-09T20:41:00
429,158,view,2025-01-09T20:43:00
429,158,click,2025-01-09T20:46:00
429,158,add_to_cart,2025-01-09T20:47:00
429,158,purchase,2025-01-09T20:48:00
429,166,view,2025-01-10T21:31:00
429,166,add_to_cart,2025-01-10T21:35:00
429,166,remove_cart,2025-01-10T21:36:00
429,173,view,2025-01-10T21:38:00
429,173,click,2025-01-10T21:39:00
429,82,search,2025-01-13T18:28:00
429,82,view,2025-01-13T18:30:00
429,82,click,2025-01-13T18:31:00
429,82,add_to_cart,2025-01-13T18:34:00
429,82,purchase,2025-01-13T18:35:00
429,79,view,2025-01-13T18:39:00
429,79,click,2025-01-13T18:41:00
429,161,search,2025-01-15T17:47:00
429,161,view,2025-01-15T17:49:00
429,175,view,2025-01-15T17:52:00
429,175,click,2025-01-15T17:54:00
429,175,add_to_cart,2025-01-15T17:55:00
429,175,remove_cart,2025-01-15T17:56:00
429,171,search,2025-01-18T09:23:00
429,171,view,2025-01-18T09:26:00
429,171,click,2025-01-18T09:29:00
429,171,add_to_cart,2025-01-18T09:31:00
429,171,purchase,2025-01-18T09:32:00
429,172,view,2025-01-18T09:34:00
429,172,click,2025-01-18T09:37:00
429,188,search,2025-01-19T23:40:00
429,188,view,2025-01-19T23:43:00
429,188,click,2025-01-19T23:44:00
429,188,add_to_cart,2025-01-19T23:47:00
429,188,remove_cart,2025-01-19T23:49:00
429,196,view,2025-01-19T23:50:00
429,200,view,2025-01-19T23:53:00
429,200,click,2025-01-19T23:55:00
429,179,search,2025-01-20T18:23:00
429,179,view,2025-01-20T18:25:00
429,195,view,2025-01-21T18:02:00
429,195,click,2025-01-21T18:03:00
429,197,view,2025-01-21T18:06:00
429,198,view,2025-01-21T18:09:00
429,198,click,2025-01-21T18:10:00
429,175,view,2025-01-24T02:24:00
429,175,click,2025-01-24T02:25:00
429,175,add_to_cart,2025-01-24T02:26:00
429,175,remove_cart,2025-01-24T02:27:00
429,171,view,2025-01-24T02:29:00
429,171,click,2025-01-24T02:33:00
429,171,add_to_cart,2025-01-24T02:35:00
429,171,purchase,2025-01-24T02:36:00
429,171,review,2025-01-28T02:42:00
429,171,review,2025-02-01T09:34:00
430,76,view,2025-01-07T22:46:00
430,76,click,2025-01-07T22:47:00
430,78,view,2025-01-07T22:49:00
430,78,click,2025-01-07T22:53:00
430,100,search,2025-01-08T14:17:00
430,100,view,2025-01-08T14:19:00
430,100,click,2025-01-08T14:23:00
430,97,view,2025-01-08T14:26:00
430,97,add_to_cart,2025-01-08T14:30:00
430,97,purchase,2025-01-08T14:32:00
430,109,view,2025-01-08T14:38:00
430,109,click,2025-01-08T14:42:00
430,109,add_to_cart,2025-01-08T14:44:00
430,109,remove_cart,2025-01-08T14:45:00
430,70,view,2025-01-09T02:54:00
430,70,click,2025-01-09T02:58:00
430,70,add_to_cart,2025-01-09T03:01:00
430,70,purchase,2025-01-09T03:03:00
430,81,view,2025-01-09T03:07:00
430,81,click,2025-01-09T03:10:00
430,72,view,2025-01-09T03:12:00
430,72,click,2025-01-09T03:15:00
430,72,add_to_cart,2025-01-09T03:18:00
430,72,purchase,2025-01-09T03:20:00
430,100,search,2025-01-09T22:17:00
430,100,view,2025-01-09T22:19:00
430,104,view,2025-01-09T22:22:00
430,104,click,2025-01-09T22:26:00
430,104,add_to_cart,2025-01-09T22:27:00
430,104,purchase,2025-01-09T22:29:00
430,96,view,2025-01-09T22:40:00
430,96,click,2025-01-09T22:44:00
430,96,add_to_cart,2025-01-09T22:47:00
430,96,remove_cart,2025-01-09T22:49:00
430,95,search,2025-01-12T18:15:00
430,95,view,2025-01-12T18:16:00
430,95,click,2025-01-12T18:20:00
430,95,add_to_cart,2025-01-12T18:23:00
430,95,remove_cart,2025-01-12T18:25:00
430,93,view,2025-01-12T18:27:00
430,93,click,2025-01-12T18:31:00
430,103,view,2025-01-12T18:34:00
430,103,click,2025-01-12T18:37:00
430,103,add_to_cart,2025-01-12T18:39:00
430,103,remove_cart,2025-01-12T18:41:00
430,77,search,2025-01-13T23:44:00
430,77,view,2025-01-13T23:45:00
430,77,click,2025-01-13T23:49:00
430,77,add_to_cart,2025-01-13T23:51:00
430,77,purchase,2025-01-13T23:53:00
430,73,view,2025-01-13T23:58:00
430,73,click,2025-01-14T00:01:00
430,73,add_to_cart,2025-01-14T00:02:00
430,73,remove_cart,2025-01-14T00:03:00
430,70,review,2025-01-14T03:07:00
430,56,search,2025-01-16T03:30:00
430,56,view,2025-01-16T03:32:00
430,56,click,2025-01-16T03:36:00
430,73,search,2025-01-18T19:29:00
430,73,view,2025-01-18T19:30:00
430,73,click,2025-01-18T19:34:00
430,73,add_to_cart,2025-01-18T19:37:00
430,73,purchase,2025-01-18T19:38:00
430,72,view,2025-01-18T19:46:00
430,72,click,2025-01-18T19:47:00
430,72,add_to_cart,2025-01-18T19:48:00
430,72,purchase,2025-01-18T19:50:00
430,71,view,2025-01-18T20:01:00
430,71,click,2025-01-18T20:05:00
430,86,search,2025-01-20T03:53:00
430,86,view,2025-01-20T03:54:00
430,86,click,2025-01-20T03:55:00
430,86,add_to_cart,2025-01-20T03:58:00
430,86,purchase,2025-01-20T04:00:00
430,55,search,2025-01-21T23:49:00
430,55,view,2025-01-21T23:50:00
430,55,click,2025-01-21T23:51:00
430,43,view,2025-01-21T23:54:00
430,72,review,2025-01-25T20:01:00
430,86,review,2025-02-02T04:06:00
431,21,search,2025-01-06T22:25:00
431,21,view,2025-01-06T22:27:00
431,21,click,2025-01-06T22:29:00
431,17,view,2025-01-06T22:30:00
431,17,click,2025-01-06T22:31:00
431,22,search,2025-01-09T04:01:00
431,22,view,2025-01-09T04:02:00
431,22,click,2025-01-09T04:05:00
431,22,add_to_cart,2025-01-09T04:08:00
431,22,remove_cart,2025-01-09T04:09:00
431,20,view,2025-01-09T04:11:00
431,20,click,2025-01-09T04:13:00
431,16,view,2025-01-09T04:15:00
431,16,click,2025-01-09T04:19:00
431,16,add_to_cart,2025-01-09T04:20:00
431,16,remove_cart,2025-01-09T04:22:00
431,16,search,2025-01-11T11:15:00
431,16,view,2025-01-11T11:18:00
431,16,click,2025-01-11T11:19:00
431,16,add_to_cart,2025-01-11T11:22:00
431,16,remove_cart,2025-01-11T11:23:00
431,21,view,2025-01-11T11:25:00
431,21,click,2025-01-11T11:29:00
431,21,add_to_cart,2025-01-11T11:30:00
431,21,purchase,2025-01-11T11:32:00
431,1,view,2025-01-11T11:42:00
431,1,click,2025-01-11T11:45:00
431,1,add_to_cart,2025-01-11T11:48:00
431,1,purchase,2025-01-11T11:49:00
431,161,search,2025-01-13T03:48:00
431,161,view,2025-01-13T03:49:00
431,161,click,2025-01-13T03:51:00
431,78,search,2025-01-13T17:00:00
431,78,view,2025-01-13T17:01:00
431,78,click,2025-01-13T17:04:00
431,68,view,2025-01-13T17:07:00
431,68,click,2025-01-13T17:09:00
431,87,view,2025-01-13T17:11:00
431,74,view,2025-01-16T05:56:00
431,74,click,2025-01-16T05:58:00
431,74,add_to_cart,2025-01-16T06:00:00
431,74,purchase,2025-01-16T06:02:00
431,78,view,2025-01-16T06:08:00
431,78,click,2025-01-16T06:11:00
431,66,view,2025-01-16T06:12:00
431,66,click,2025-01-16T06:16:00
431,66,add_to_cart,2025-01-16T06:18:00
431,66,remove_cart,2025-01-16T06:20:00
431,73,search,2025-01-17T04:37:00
431,73,view,2025-01-17T04:38:00
431,73,click,2025-01-17T04:41:00
431,166,search,2025-01-17T19:32:00
431,166,view,2025-01-17T19:33:00
431,166,click,2025-01-17T19:37:00
431,156,view,2025-01-17T19:40:00
431,156,click,2025-01-17T19:44:00
431,21,review,2025-01-18T11:42:00
431,1,review,2025-01-25T11:57:00
432,170,view,2025-01-04T01:13:00
432,170,click,2025-01-04T01:14:00
432,170,add_to_cart,2025-01-04T01:16:00
432,170,purchase,2025-01-04T01:17:00
432,173,search,2025-01-07T01:41:00
432,173,view,2025-01-07T01:42:00
432,173,click,2025-01-07T01:43:00
432,173,add_to_cart,2025-01-07T01:46:00
432,173,purchase,2025-01-07T01:47:00
432,173,review,2025-01-09T01:51:00
432,15,search,2025-01-09T21:17:00
432,15,view,2025-01-09T21:18:00
432,15,click,2025-01-09T21:20:00
432,13,view,2025-01-09T21:21:00
432,13,click,2025-01-09T21:24:00
432,13,add_to_cart,2025-01-09T21:27:00
432,13,remove_cart,2025-01-09T21:29:00
432,12,view,2025-01-09T21:30:00
432,12,click,2025-01-09T21:33:00
432,159,view,2025-01-10T21:20:00
432,159,click,2025-01-10T21:23:00
432,159,add_to_cart,2025-01-10T21:25:00
432,159,purchase,2025-01-10T21:27:00
432,162,view,2025-01-10T21:30:00
432,162,click,2025-01-10T21:32:00
432,162,add_to_cart,2025-01-10T21:33:00
432,162,purchase,2025-01-10T21:35:00
432,172,view,2025-01-10T21:47:00
432,172,click,2025-01-10T21:51:00
432,165,search,2025-01-13T13:48:00
432,165,view,2025-01-13T13:51:00
432,165,click,2025-01-13T13:52:00
432,16,search,2025-01-15T00:17:00
432,16,view,2025-01-15T00:19:00
432,16,click,2025-01-15T00:20:00
432,6,view,2025-01-15T00:21:00
432,6,click,2025-01-15T00:22:00
432,9,view,2025-01-15T00:23:00
432,9,add_to_cart,2025-01-15T00:27:00
432,9,purchase,2025-01-15T00:29:00
432,162,review,2025-01-19T21:47:00
432,9,review,2025-01-24T00:34:00
433,155,search,2025-01-06T06:57:00
433,155,view,2025-01-06T06:59:00
433,155,click,2025-01-06T07:03:00
433,155,add_to_cart,2025-01-06T07:04:00
433,155,purchase,2025-01-06T07:06:00
433,147,search,2025-01-09T00:54:00
433,147,view,2025-01-09T00:55:00
433,147,click,2025-01-09T00:56:00
433,147,add_to_cart,2025-01-09T00:59:00
433,147,purchase,2025-01-09T01:00:00
433,108,search,2025-01-10T03:33:00
433,108,view,2025-01-10T03:36:00
433,108,click,2025-01-10T03:40:00
433,169,search,2025-01-11T00:51:00
433,169,view,2025-01-11T00:52:00
433,169,click,2025-01-11T00:53:00
433,169,add_to_cart,2025-01-11T00:55:00
433,169,purchase,2025-01-11T00:56:00
433,159,view,2025-01-11T00:58:00
433,159,click,2025-01-11T01:00:00
433,159,add_to_cart,2025-01-11T01:03:00
433,159,purchase,2025-01-11T01:04:00
433,155,view,2025-01-11T01:15:00
433,155,click,2025-01-11T01:18:00
433,109,view,2025-01-11T18:05:00
433,109,click,2025-01-11T18:07:00
433,106,search,2025-01-13T11:18:00
433,106,view,2025-01-13T11:21:00
433,106,click,2025-01-13T11:25:00
433,155,review,2025-01-14T07:13:00
433,160,search,2025-01-16T10:15:00
433,160,view,2025-01-16T10:16:00
433,160,click,2025-01-16T10:18:00
433,160,add_to_cart,2025-01-16T10:21:00
433,160,purchase,2025-01-16T10:22:00
433,159,review,2025-01-24T01:15:00
433,160,review,2025-01-24T10:24:00
433,169,review,2025-01-25T00:58:00
434,133,search,2025-01-04T21:50:00
434,133,view,2025-01-04T21:52:00
434,133,click,2025-01-04T21:54:00
434,151,view,2025-01-04T21:57:00
434,151,click,2025-01-04T21:58:00
434,151,add_to_cart,2025-01-04T22:01:00
434,151,purchase,2025-01-04T22:03:00
434,146,view,2025-01-04T22:08:00
434,146,click,2025-01-04T22:12:00
434,146,add_to_cart,2025-01-04T22:14:00
434,146,purchase,2025-01-04T22:16:00
434,140,search,2025-01-07T04:33:00
434,140,view,2025-01-07T04:35:00
434,140,click,2025-01-07T04:36:00
434,137,view,2025-01-07T04:39:00
434,137,click,2025-01-07T04:42:00
434,137,add_to_cart,2025-01-07T04:43:00
434,137,purchase,2025-01-07T04:44:00
434,137,review,2025-01-08T04:47:00
434,57,search,2025-01-08T13:02:00
434,57,view,2025-01-08T13:05:00
434,57,click,2025-01-08T13:09:00
434,51,view,2025-01-08T13:11:00
434,51,click,2025-01-08T13:15:00
434,51,add_to_cart,2025-01-08T13:17:00
434,51,purchase,2025-01-08T13:19:00
434,60,view,2025-01-08T13:26:00
434,60,click,2025-01-08T13:27:00
434,136,search,2025-01-09T18:59:00
434,136,view,2025-01-09T19:02:00
434,136,click,2025-01-09T19:03:00
434,135,search,2025-01-11T21:39:00
434,135,view,2025-01-11T21:41:00
434,135,click,2025-01-11T21:44:00
434,135,add_to_cart,2025-01-11T21:46:00
434,135,remove_cart,2025-01-11T21:47:00
434,64,search,2025-01-13T10:06:00
434,64,view,2025-01-13T10:09:00
434,64,click,2025-01-13T10:10:00
434,64,add_to_cart,2025-01-13T10:13:00
434,64,purchase,2025-01-13T10:15:00
434,45,view,2025-01-13T10:26:00
434,45,click,2025-01-13T10:29:00
434,45,add_to_cart,2025-01-13T10:30:00
434,45,purchase,2025-01-13T10:31:00
434,46,search,2025-01-15T05:20:00
434,46,view,2025-01-15T05:23:00
434,46,click,2025-01-15T05:26:00
434,46,add_to_cart,2025-01-15T05:28:00
434,46,purchase,2025-01-15T05:30:00
434,151,review,2025-01-16T22:08:00
434,51,review,2025-01-17T13:26:00
434,174,view,2025-01-17T22:10:00
434,174,click,2025-01-17T22:11:00
434,174,add_to_cart,2025-01-17T22:13:00
434,174,purchase,2025-01-17T22:15:00
434,163,view,2025-01-17T22:26:00
434,163,click,2025-01-17T22:28:00
434,163,add_to_cart,2025-01-17T22:29:00
434,163,purchase,2025-01-17T22:31:00
434,46,review,2025-01-19T05:39:00
434,167,search,2025-01-20T20:51:00
434,167,view,2025-01-20T20:52:00
434,167,click,2025-01-20T20:54:00
434,167,add_to_cart,2025-01-20T20:57:00
434,167,remove_cart,2025-01-20T20:59:00
434,173,view,2025-01-20T21:01:00
434,173,click,2025-01-20T21:03:00
434,165,view,2025-01-20T21:05:00
434,165,click,2025-01-20T21:09:00
434,163,review,2025-01-21T22:34:00
434,45,review,2025-01-26T10:39:00
435,193,view,2025-01-07T12:29:00
435,193,click,2025-01-07T12:33:00
435,193,add_to_cart,2025-01-07T12:35:00
435,193,purchase,2025-01-07T12:37:00
435,197,view,2025-01-07T12:44:00
435,197,click,2025-01-07T12:46:00
435,184,view,2025-01-07T12:47:00
435,184,click,2025-01-07T12:50:00
435,184,add_to_cart,2025-01-07T12:53:00
435,184,purchase,2025-01-07T12:55:00
435,194,search,2025-01-08T10:22:00
435,194,view,2025-01-08T10:25:00
435,194,click,2025-01-08T10:27:00
435,194,add_to_cart,2025-01-08T10:28:00
435,194,remove_cart,2025-01-08T10:29:00
435,199,view,2025-01-08T10:31:00
435,199,click,2025-01-08T10:33:00
435,185,view,2025-01-08T10:34:00
435,185,click,2025-01-08T10:36:00
435,185,add_to_cart,2025-01-08T10:37:00
435,185,purchase,2025-01-08T10:38:00
435,71,search,2025-01-09T11:20:00
435,71,view,2025-01-09T11:21:00
435,71,click,2025-01-09T11:25:00
435,87,view,2025-01-09T11:26:00
435,87,click,2025-01-09T11:30:00
435,101,search,2025-01-10T03:15:00
435,101,view,2025-01-10T03:17:00
435,101,click,2025-01-10T03:18:00
435,109,view,2025-01-10T03:20:00
435,109,click,2025-01-10T03:21:00
435,109,add_to_cart,2025-01-10T03:23:00
435,109,purchase,2025-01-10T03:25:00
435,96,view,2025-01-10T03:30:00
435,96,click,2025-01-10T03:31:00
435,96,add_to_cart,2025-01-10T03:34:00
435,96,purchase,2025-01-10T03:36:00
435,98,view,2025-01-12T22:38:00
435,98,click,2025-01-12T22:40:00
435,98,add_to_cart,2025-01-12T22:43:00
435,98,remove_cart,2025-01-12T22:44:00
435,99,view,2025-01-12T22:45:00
435,99,click,2025-01-12T22:46:00
435,101,view,2025-01-12T22:49:00
435,101,click,2025-01-12T22:50:00
435,101,add_to_cart,2025-01-12T22:53:00
435,101,remove_cart,2025-01-12T22:54:00
435,96,review,2025-01-13T03:39:00
435,109,review,2025-01-14T03:30:00
435,184,review,2025-01-14T13:01:00
435,92,search,2025-01-14T16:01:00
435,92,view,2025-01-14T16:03:00
435,92,click,2025-01-14T16:04:00
436,19,search,2025-01-03T23:29:00
436,19,view,2025-01-03T23:32:00
436,19,click,2025-01-03T23:36:00
436,72,search,2025-01-06T14:20:00
436,72,view,2025-01-06T14:22:00
436,72,click,2025-01-06T14:25:00
436,72,add_to_cart,2025-01-06T14:28:00
436,72,purchase,2025-01-06T14:30:00
436,74,view,2025-01-06T14:39:00
436,74,click,2025-01-06T14:40:00
436,74,add_to_cart,2025-01-06T14:43:00
436,74,remove_cart,2025-01-06T14:45:00
436,10,search,2025-01-08T19:58:00
436,10,view,2025-01-08T20:01:00
436,86,view,2025-01-10T02:02:00
436,86,click,2025-01-10T02:03:00
436,86,add_to_cart,2025-01-10T02:06:00
436,86,purchase,2025-01-10T02:07:00
436,68,view,2025-01-10T02:17:00
436,68,click,2025-01-10T02:20:00
436,68,add_to_cart,2025-01-10T02:22:00
436,68,purchase,2025-01-10T02:24:00
436,84,view,2025-01-10T02:33:00
436,84,click,2025-01-10T02:36:00
436,72,review,2025-01-10T14:39:00
436,68,review,2025-01-11T02:33:00
436,124,search,2025-01-12T12:00:00
436,124,view,2025-01-12T12:01:00
436,118,search,2025-01-13T08:13:00
436,118,view,2025-01-13T08:16:00
436,118,click,2025-01-13T08:19:00
436,118,add_to_cart,2025-01-13T08:21:00
436,118,purchase,2025-01-13T08:22:00
436,123,view,2025-01-13T08:28:00
436,123,click,2025-01-13T08:29:00
436,115,view,2025-01-13T08:30:00
436,115,click,2025-01-13T08:34:00
436,115,add_to_cart,2025-01-13T08:35:00
436,115,purchase,2025-01-13T08:36:00
436,119,search,2025-01-15T11:33:00
436,119,view,2025-01-15T11:35:00
436,119,click,2025-01-15T11:36:00
436,111,view,2025-01-15T11:38:00
436,111,click,2025-01-15T11:41:00
436,126,view,2025-01-15T11:44:00
436,126,click,2025-01-15T11:48:00
436,86,review,2025-01-18T02:17:00
436,115,review,2025-01-26T08:42:00
437,163,view,2025-01-06T10:02:00
437,163,click,2025-01-06T10:05:00
437,163,add_to_cart,2025-01-06T10:08:00
437,163,remove_cart,2025-01-06T10:10:00
437,125,search,2025-01-08T01:21:00
437,125,view,2025-01-08T01:23:00
437,125,click,2025-01-08T01:25:00
437,115,search,2025-01-08T16:03:00
437,115,view,2025-01-08T16:05:00
437,115,click,2025-01-08T16:07:00
437,131,search,2025-01-10T18:45:00
437,131,view,2025-01-10T18:47:00
437,131,click,2025-01-10T18:51:00
437,131,add_to_cart,2025-01-10T18:53:00
437,131,purchase,2025-01-10T18:54:00
437,155,search,2025-01-13T04:43:00
437,155,view,2025-01-13T04:45:00
437,155,click,2025-01-13T04:49:00
437,155,add_to_cart,2025-01-13T04:50:00
437,155,purchase,2025-01-13T04:51:00
437,54,view,2025-01-14T16:58:00
437,54,click,2025-01-14T17:01:00
437,49,view,2025-01-14T17:02:00
437,49,click,2025-01-14T17:05:00
437,64,view,2025-01-14T17:08:00
437,64,click,2025-01-14T17:09:00
437,155,review,2025-01-21T05:00:00
438,5,view,2025-01-05T12:00:00
438,5,click,2025-01-05T12:03:00
438,10,view,2025-01-05T12:05:00
438,136,view,2025-01-08T00:00:00
438,136,click,2025-01-08T00:01:00
438,136,add_to_cart,2025-01-08T00:04:00
438,136,remove_cart,2025-01-08T00:05:00
438,143,view,2025-01-08T00:07:00
438,143,click,2025-01-08T00:10:00
438,77,search,2025-01-09T21:47:00
438,77,view,2025-01-09T21:49:00
438,77,click,2025-01-09T21:51:00
438,77,add_to_cart,2025-01-09T21:54:00
438,77,purchase,2025-01-09T21:56:00
438,66,view,2025-01-09T22:08:00
438,147,view,2025-01-10T13:04:00
438,147,click,2025-01-10T13:07:00
438,83,view,2025-01-12T12:25:00
438,83,click,2025-01-12T12:26:00
438,83,add_to_cart,2025-01-12T12:29:00
438,83,purchase,2025-01-12T12:31:00
438,77,view,2025-01-12T12:35:00
438,77,click,2025-01-12T12:38:00
438,77,add_to_cart,2025-01-12T12:41:00
438,77,remove_cart,2025-01-12T12:43:00
438,78,view,2025-01-12T12:45:00
438,78,click,2025-01-12T12:46:00
438,78,add_to_cart,2025-01-12T12:47:00
438,78,purchase,2025-01-12T12:48:00
438,66,search,2025-01-13T18:15:00
438,66,view,2025-01-13T18:18:00
438,66,click,2025-01-13T18:19:00
438,66,add_to_cart,2025-01-13T18:22:00
438,66,purchase,2025-01-13T18:23:00
438,7,view,2025-01-15T09:54:00
438,7,click,2025-01-15T09:56:00
438,7,add_to_cart,2025-01-15T09:57:00
438,7,purchase,2025-01-15T09:58:00
438,1,view,2025-01-15T10:05:00
438,1,click,2025-01-15T10:06:00
438,20,view,2025-01-15T10:08:00
438,20,click,2025-01-15T10:10:00
438,78,review,2025-01-15T12:53:00
438,83,review,2025-01-18T12:35:00
438,7,review,2025-01-19T10:05:00
438,77,review,2025-01-21T22:08:00
439,70,search,2025-01-10T09:02:00
439,70,view,2025-01-10T09:03:00
439,70,click,2025-01-10T09:04:00
439,87,view,2025-01-10T09:06:00
439,68,view,2025-01-10T09:07:00
439,68,click,2025-01-10T09:11:00
439,106,search,2025-01-12T17:39:00
439,106,view,2025-01-12T17:41:00
439,106,click,2025-01-12T17:42:00
439,39,view,2025-01-15T09:56:00
439,39,click,2025-01-15T10:00:00
439,32,view,2025-01-15T10:03:00
439,32,add_to_cart,2025-01-15T10:05:00
439,32,purchase,2025-01-15T10:06:00
439,29,view,2025-01-15T10:12:00
439,29,click,2025-01-15T10:13:00
439,29,add_to_cart,2025-01-15T10:15:00
439,29,remove_cart,2025-01-15T10:17:00
439,42,search,2025-01-17T12:51:00
439,42,view,2025-01-17T12:54:00
439,42,click,2025-01-17T12:56:00
439,42,add_to_cart,2025-01-17T12:58:00
439,42,purchase,2025-01-17T13:00:00
439,39,view,2025-01-17T13:09:00
439,39,click,2025-01-17T13:10:00
439,104,search,2025-01-19T13:38:00
439,104,view,2025-01-19T13:39:00
439,104,click,2025-01-19T13:40:00
439,104,add_to_cart,2025-01-19T13:41:00
439,104,remove_cart,2025-01-19T13:42:00
439,97,view,2025-01-19T13:43:00
439,97,click,2025-01-19T13:47:00
439,97,add_to_cart,2025-01-19T13:49:00
439,97,purchase,2025-01-19T13:50:00
439,34,search,2025-01-21T00:06:00
439,34,view,2025-01-21T00:07:00
439,34,click,2025-01-21T00:11:00
439,24,view,2025-01-21T00:13:00
439,24,click,2025-01-21T00:14:00
439,75,search,2025-01-22T14:47:00
439,75,view,2025-01-22T14:50:00
439,75,click,2025-01-22T14:51:00
439,73,view,2025-01-22T14:54:00
439,73,click,2025-01-22T14:55:00
439,73,add_to_cart,2025-01-22T14:58:00
439,73,purchase,2025-01-22T14:59:00
439,42,review,2025-01-23T13:09:00
439,97,review,2025-01-31T14:00:00
440,82,search,2025-01-09T18:25:00
440,82,view,2025-01-09T18:27:00
440,82,click,2025-01-09T18:29:00
440,82,add_to_cart,2025-01-09T18:32:00
440,82,purchase,2025-01-09T18:34:00
440,84,view,2025-01-09T18:45:00
440,84,click,2025-01-09T18:46:00
440,84,add_to_cart,2025-01-09T18:47:00
440,84,purchase,2025-01-09T18:49:00
440,74,search,2025-01-10T19:51:00
440,74,view,2025-01-10T19:54:00
440,74,click,2025-01-10T19:55:00
440,28,search,2025-01-12T00:07:00
440,28,view,2025-01-12T00:08:00
440,28,click,2025-01-12T00:10:00
440,84,review,2025-01-13T18:57:00
440,70,search,2025-01-14T06:49:00
440,70,view,2025-01-14T06:51:00
440,70,click,2025-01-14T06:55:00
440,70,add_to_cart,2025-01-14T06:56:00
440,70,purchase,2025-01-14T06:58:00
440,77,view,2025-01-14T07:02:00
440,45,search,2025-01-16T16:43:00
440,45,view,2025-01-16T16:46:00
440,64,search,2025-01-18T08:19:00
440,64,view,2025-01-18T08:20:00
440,64,click,2025-01-18T08:24:00
440,45,view,2025-01-18T08:26:00
440,45,click,2025-01-18T08:27:00
440,49,view,2025-01-18T08:29:00
440,49,click,2025-01-18T08:31:00
440,49,add_to_cart,2025-01-18T08:34:00
440,49,purchase,2025-01-18T08:36:00
440,29,search,2025-01-21T05:45:00
440,29,view,2025-01-21T05:48:00
440,29,click,2025-01-21T05:52:00
440,29,add_to_cart,2025-01-21T05:55:00
440,29,purchase,2025-01-21T05:57:00
440,24,search,2025-01-23T09:36:00
440,24,view,2025-01-23T09:37:00
440,24,click,2025-01-23T09:40:00
440,32,view,2025-01-23T09:42:00
440,74,search,2025-01-24T14:22:00
440,74,view,2025-01-24T14:24:00
440,74,click,2025-01-24T14:25:00
440,74,add_to_cart,2025-01-24T14:26:00
440,74,remove_cart,2025-01-24T14:28:00
440,81,view,2025-01-24T14:29:00
440,70,review,2025-01-26T07:02:00
440,49,review,2025-01-26T08:43:00
440,41,search,2025-01-27T15:04:00
440,41,view,2025-01-27T15:05:00
440,41,click,2025-01-27T15:07:00
440,34,view,2025-01-27T15:10:00
440,34,click,2025-01-27T15:14:00
440,29,review,2025-02-02T06:08:00
441,50,search,2025-01-06T02:37:00
441,50,view,2025-01-06T02:38:00
441,50,click,2025-01-06T02:40:00
441,80,search,2025-01-07T03:47:00
441,80,view,2025-01-07T03:50:00
441,80,click,2025-01-07T03:51:00
441,66,view,2025-01-07T03:52:00
441,66,click,2025-01-07T03:54:00
441,67,search,2025-01-09T00:02:00
441,67,view,2025-01-09T00:04:00
441,67,add_to_cart,2025-01-09T00:06:00
441,67,purchase,2025-01-09T00:08:00
441,69,search,2025-01-11T12:56:00
441,69,view,2025-01-11T12:57:00
441,69,click,2025-01-11T13:01:00
441,80,view,2025-01-11T13:03:00
441,80,click,2025-01-11T13:07:00
441,73,view,2025-01-11T13:09:00
441,73,click,2025-01-11T13:12:00
441,73,add_to_cart,2025-01-11T13:13:00
441,73,purchase,2025-01-11T13:15:00
441,83,search,2025-01-13T01:43:00
441,83,view,2025-01-13T01:44:00
441,83,click,2025-01-13T01:48:00
441,58,view,2025-01-15T22:00:00
441,58,click,2025-01-15T22:02:00
441,48,view,2025-01-15T22:05:00
441,48,click,2025-01-15T22:08:00
441,25,search,2025-01-17T04:59:00
441,25,view,2025-01-17T05:00:00
441,25,click,2025-01-17T05:01:00
441,35,view,2025-01-17T05:03:00
441,35,click,2025-01-17T05:04:00
441,35,add_to_cart,2025-01-17T05:07:00
441,35,purchase,2025-01-17T05:08:00
441,62,search,2025-01-19T13:25:00
441,62,view,2025-01-19T13:28:00
441,55,view,2025-01-19T13:29:00
441,55,click,2025-01-19T13:33:00
441,35,review,2025-01-20T05:19:00
442,82,view,2025-01-08T15:28:00
442,82,click,2025-01-08T15:29:00
442,82,add_to_cart,2025-01-08T15:31:00
442,82,purchase,2025-01-08T15:33:00
442,80,view,2025-01-08T15:35:00
442,80,click,2025-01-08T15:39:00
442,68,view,2025-01-08T15:42:00
442,68,click,2025-01-08T15:43:00
442,68,add_to_cart,2025-01-08T15:46:00
442,68,purchase,2025-01-08T15:47:00
442,42,search,2025-01-11T06:57:00
442,42,view,2025-01-11T06:59:00
442,42,add_to_cart,2025-01-11T07:02:00
442,42,purchase,2025-01-11T07:04:00
442,32,view,2025-01-11T07:12:00
442,32,click,2025-01-11T07:15:00
442,78,view,2025-01-13T15:08:00
442,82,search,2025-01-15T15:01:00
442,82,view,2025-01-15T15:04:00
442,82,click,2025-01-15T15:07:00
442,67,view,2025-01-15T15:09:00
442,67,click,2025-01-15T15:13:00
442,67,add_to_cart,2025-01-15T15:16:00
442,67,purchase,2025-01-15T15:18:00
442,75,search,2025-01-16T15:07:00
442,75,view,2025-01-16T15:08:00
442,75,click,2025-01-16T15:12:00
442,68,review,2025-01-17T15:54:00
442,86,search,2025-01-18T08:15:00
442,86,view,2025-01-18T08:17:00
442,86,click,2025-01-18T08:20:00
442,86,add_to_cart,2025-01-18T08:23:00
442,86,purchase,2025-01-18T08:25:00
442,85,view,2025-01-18T08:27:00
442,85,click,2025-01-18T08:31:00
442,77,view,2025-01-18T08:34:00
442,77,click,2025-01-18T08:36:00
442,77,add_to_cart,2025-01-18T08:39:00
442,77,purchase,2025-01-18T08:41:00
442,67,review,2025-01-19T15:24:00
442,66,search,2025-01-19T22:44:00
442,66,view,2025-01-19T22:45:00
442,66,click,2025-01-19T22:49:00
442,84,view,2025-01-19T22:52:00
442,84,click,2025-01-19T22:54:00
442,42,review,2025-01-21T07:12:00
442,7,search,2025-01-21T14:07:00
442,7,view,2025-01-21T14:08:00
442,7,click,2025-01-21T14:11:00
442,7,add_to_cart,2025-01-21T14:14:00
442,7,purchase,2025-01-21T14:16:00
442,15,view,2025-01-21T14:18:00
442,12,search,2025-01-24T14:57:00
442,12,view,2025-01-24T14:58:00
442,12,click,2025-01-24T15:00:00
442,12,add_to_cart,2025-01-24T15:03:00
442,12,purchase,2025-01-24T15:05:00
442,86,review,2025-01-27T08:27:00
442,7,review,2025-01-29T14:18:00
443,19,search,2025-01-10T03:33:00
443,19,view,2025-01-10T03:35:00
443,19,click,2025-01-10T03:36:00
443,84,search,2025-01-11T10:47:00
443,84,view,2025-01-11T10:50:00
443,80,search,2025-01-13T19:30:00
443,80,view,2025-01-13T19:31:00
443,80,click,2025-01-13T19:32:00
443,80,add_to_cart,2025-01-13T19:34:00
443,80,purchase,2025-01-13T19:35:00
443,6,view,2025-01-15T12:21:00
443,6,click,2025-01-15T12:25:00
443,7,view,2025-01-15T12:28:00
443,7,click,2025-01-15T12:32:00
443,7,add_to_cart,2025-01-15T12:33:00
443,7,purchase,2025-01-15T12:34:00
443,19,view,2025-01-15T12:40:00
443,19,click,2025-01-15T12:43:00
443,19,add_to_cart,2025-01-15T12:44:00
443,19,purchase,2025-01-15T12:45:00
443,182,search,2025-01-17T02:20:00
443,182,view,2025-01-17T02:22:00
443,182,click,2025-01-17T02:23:00
443,74,search,2025-01-17T16:14:00
443,74,view,2025-01-17T16:15:00
443,74,click,2025-01-17T16:16:00
443,70,view,2025-01-17T16:19:00
443,70,click,2025-01-17T16:20:00
443,70,add_to_cart,2025-01-17T16:22:00
443,70,remove_cart,2025-01-17T16:24:00
443,81,view,2025-01-17T16:25:00
443,66,search,2025-01-18T13:25:00
443,66,view,2025-01-18T13:27:00
443,66,click,2025-01-18T13:31:00
443,66,add_to_cart,2025-01-18T13:34:00
443,66,purchase,2025-01-18T13:36:00
443,83,view,2025-01-18T13:46:00
443,83,click,2025-01-18T13:49:00
443,83,add_to_cart,2025-01-18T13:51:00
443,83,remove_cart,2025-01-18T13:52:00
443,9,search,2025-01-21T06:14:00
443,9,view,2025-01-21T06:16:00
443,9,add_to_cart,2025-01-21T06:19:00
443,9,purchase,2025-01-21T06:21:00
443,6,view,2025-01-21T06:29:00
443,68,search,2025-01-22T11:54:00
443,68,view,2025-01-22T11:55:00
443,68,click,2025-01-22T11:59:00
443,68,add_to_cart,2025-01-22T12:00:00
443,68,purchase,2025-01-22T12:02:00
443,70,view,2025-01-22T12:05:00
443,70,click,2025-01-22T12:06:00
443,70,add_to_cart,2025-01-22T12:08:00
443,70,remove_cart,2025-01-22T12:10:00
443,9,review,2025-02-04T06:29:00
444,137,search,2025-01-10T05:17:00
444,137,view,2025-01-10T05:20:00
444,137,click,2025-01-10T05:21:00
444,137,add_to_cart,2025-01-10T05:23:00
444,137,remove_cart,2025-01-10T05:25:00
444,134,view,2025-01-10T05:26:00
444,134,click,2025-01-10T05:28:00
444,134,add_to_cart,2025-01-10T05:29:00
444,134,purchase,2025-01-10T05:31:00
444,144,view,2025-01-10T05:37:00
444,150,search,2025-01-12T21:06:00
444,150,view,2025-01-12T21:09:00
444,150,click,2025-01-12T21:13:00
444,147,search,2025-01-15T04:28:00
444,147,view,2025-01-15T04:31:00
444,147,click,2025-01-15T04:35:00
444,147,add_to_cart,2025-01-15T04:36:00
444,147,remove_cart,2025-01-15T04:38:00
444,134,review,2025-01-16T05:37:00
444,141,search,2025-01-16T22:43:00
444,141,view,2025-01-16T22:44:00
444,141,click,2025-01-16T22:48:00
444,141,add_to_cart,2025-01-16T22:49:00
444,141,purchase,2025-01-16T22:50:00
444,143,view,2025-01-16T22:53:00
444,143,click,2025-01-16T22:54:00
444,141,review,2025-01-18T22:53:00
444,14,view,2025-01-19T05:20:00
444,14,click,2025-01-19T05:22:00
444,8,search,2025-01-20T04:52:00
444,8,view,2025-01-20T04:55:00
444,8,click,2025-01-20T04:57:00
444,8,add_to_cart,2025-01-20T04:58:00
444,8,purchase,2025-01-20T04:59:00
444,19,view,2025-01-20T05:05:00
444,19,click,2025-01-20T05:07:00
444,19,add_to_cart,2025-01-20T05:08:00
444,19,purchase,2025-01-20T05:10:00
444,10,view,2025-01-20T05:13:00
444,10,click,2025-01-20T05:14:00
444,99,search,2025-01-21T00:33:00
444,99,view,2025-01-21T00:35:00
444,99,click,2025-01-21T00:38:00
444,93,view,2025-01-21T00:40:00
444,93,click,2025-01-21T00:42:00
444,96,view,2025-01-21T00:43:00
444,96,click,2025-01-21T00:44:00
444,19,review,2025-01-25T05:13:00
445,152,search,2025-01-06T00:45:00
445,152,view,2025-01-06T00:47:00
445,152,click,2025-01-06T00:51:00
445,150,view,2025-01-06T00:53:00
445,150,click,2025-01-06T00:57:00
445,150,add_to_cart,2025-01-06T01:00:00
445,150,purchase,2025-01-06T01:02:00
445,25,search,2025-01-08T09:43:00
445,25,view,2025-01-08T09:46:00
445,25,add_to_cart,2025-01-08T09:49:00
445,25,purchase,2025-01-08T09:51:00
445,30,view,2025-01-08T09:55:00
445,30,click,2025-01-08T09:58:00
445,32,view,2025-01-08T09:59:00
445,32,click,2025-01-08T10:02:00
445,10,search,2025-01-09T23:10:00
445,10,view,2025-01-09T23:12:00
445,10,click,2025-01-09T23:14:00
445,10,add_to_cart,2025-01-09T23:17:00
445,10,purchase,2025-01-09T23:18:00
445,36,view,2025-01-11T10:32:00
445,36,click,2025-01-11T10:36:00
445,8,search,2025-01-12T20:51:00
445,8,view,2025-01-12T20:54:00
445,8,click,2025-01-12T20:55:00
445,16,view,2025-01-12T20:57:00
445,16,click,2025-01-12T20:59:00
445,16,add_to_cart,2025-01-12T21:00:00
445,16,purchase,2025-01-12T21:01:00
445,14,view,2025-01-12T21:03:00
445,14,click,2025-01-12T21:06:00
445,135,view,2025-01-15T19:34:00
445,135,click,2025-01-15T19:35:00
445,138,view,2025-01-15T19:38:00
445,138,click,2025-01-15T19:41:00
445,138,add_to_cart,2025-01-15T19:44:00
445,138,purchase,2025-01-15T19:45:00
445,4,view,2025-01-16T17:45:00
445,4,click,2025-01-16T17:46:00
445,4,add_to_cart,2025-01-16T17:49:00
445,4,purchase,2025-01-16T17:51:00
445,15,search,2025-01-18T07:16:00
445,15,view,2025-01-18T07:17:00
445,15,click,2025-01-18T07:21:00
445,4,view,2025-01-18T07:22:00
445,4,click,2025-01-18T07:23:00
445,4,add_to_cart,2025-01-18T07:24:00
445,4,purchase,2025-01-18T07:25:00
445,14,view,2025-01-18T07:29:00
445,14,click,2025-01-18T07:31:00
445,14,add_to_cart,2025-01-18T07:33:00
445,14,purchase,2025-01-18T07:35:00
445,10,review,2025-01-19T23:28:00
445,25,review,2025-01-20T09:55:00
445,138,review,2025-01-21T19:55:00
445,14,review,2025-01-28T07:46:00
446,60,search,2025-01-08T14:04:00
446,60,view,2025-01-08T14:06:00
446,60,click,2025-01-08T14:10:00
446,60,add_to_cart,2025-01-08T14:11:00
446,60,purchase,2025-01-08T14:12:00
446,46,view,2025-01-08T14:21:00
446,46,click,2025-01-08T14:24:00
446,46,add_to_cart,2025-01-08T14:26:00
446,46,purchase,2025-01-08T14:27:00
446,30,search,2025-01-09T15:21:00
446,30,view,2025-01-09T15:22:00
446,30,click,2025-01-09T15:24:00
446,25,view,2025-01-09T15:25:00
446,25,click,2025-01-09T15:27:00
446,60,review,2025-01-10T14:21:00
446,35,search,2025-01-12T09:07:00
446,35,view,2025-01-12T09:08:00
446,35,add_to_cart,2025-01-12T09:12:00
446,35,purchase,2025-01-12T09:13:00
446,27,view,2025-01-12T09:19:00
446,27,click,2025-01-12T09:20:00
446,27,add_to_cart,2025-01-12T09:22:00
446,27,purchase,2025-01-12T09:23:00
446,40,search,2025-01-15T08:53:00
446,40,view,2025-01-15T08:56:00
446,40,click,2025-01-15T08:58:00
446,40,add_to_cart,2025-01-15T08:59:00
446,40,purchase,2025-01-15T09:01:00
446,32,view,2025-01-15T09:06:00
446,32,click,2025-01-15T09:08:00
446,31,view,2025-01-15T09:09:00
446,37,search,2025-01-16T19:18:00
446,37,view,2025-01-16T19:21:00
446,37,click,2025-01-16T19:22:00
446,37,add_to_cart,2025-01-16T19:24:00
446,37,purchase,2025-01-16T19:25:00
446,56,search,2025-01-17T12:41:00
446,56,view,2025-01-17T12:44:00
446,56,click,2025-01-17T12:47:00
446,60,view,2025-01-17T12:49:00
446,60,click,2025-01-17T12:52:00
446,60,add_to_cart,2025-01-17T12:53:00
446,60,purchase,2025-01-17T12:54:00
446,55,view,2025-01-17T12:58:00
446,55,click,2025-01-17T13:01:00
446,55,add_to_cart,2025-01-17T13:02:00
446,55,purchase,2025-01-17T13:04:00
446,35,review,2025-01-19T09:19:00
446,55,search,2025-01-19T10:32:00
446,55,view,2025-01-19T10:35:00
446,55,click,2025-01-19T10:39:00
446,55,add_to_cart,2025-01-19T10:41:00
446,55,remove_cart,2025-01-19T10:42:00
446,48,view,2025-01-19T10:44:00
446,48,click,2025-01-19T10:46:00
446,65,view,2025-01-19T10:48:00
446,65,add_to_cart,2025-01-19T10:50:00
446,65,remove_cart,2025-01-19T10:52:00
446,47,search,2025-01-20T06:43:00
446,47,view,2025-01-20T06:45:00
446,47,click,2025-01-20T06:48:00
446,47,add_to_cart,2025-01-20T06:50:00
446,47,remove_cart,2025-01-20T06:51:00
446,60,view,2025-01-20T06:53:00
446,60,click,2025-01-20T06:56:00
446,59,view,2025-01-20T06:58:00
446,59,click,2025-01-20T07:02:00
446,59,add_to_cart,2025-01-20T07:03:00
446,59,purchase,2025-01-20T07:05:00
446,27,review,2025-01-21T09:25:00
446,37,review,2025-01-28T19:32:00
447,53,search,2025-01-11T19:02:00
447,53,view,2025-01-11T19:05:00
447,53,click,2025-01-11T19:08:00
447,53,add_to_cart,2025-01-11T19:11:00
447,53,purchase,2025-01-11T19:12:00
447,145,search,2025-01-12T19:57:00
447,145,view,2025-01-12T19:58:00
447,145,click,2025-01-12T19:59:00
447,145,add_to_cart,2025-01-12T20:02:00
447,145,purchase,2025-01-12T20:04:00
447,109,search,2025-01-15T02:17:00
447,109,view,2025-01-15T02:20:00
447,109,click,2025-01-15T02:24:00
447,109,add_to_cart,2025-01-15T02:26:00
447,109,purchase,2025-01-15T02:27:00
447,88,view,2025-01-15T02:38:00
447,88,click,2025-01-15T02:39:00
447,94,view,2025-01-15T02:40:00
447,94,click,2025-01-15T02:44:00
447,58,search,2025-01-17T03:32:00
447,58,view,2025-01-17T03:35:00
447,58,add_to_cart,2025-01-17T03:36:00
447,58,remove_cart,2025-01-17T03:38:00
447,46,view,2025-01-17T03:39:00
447,46,click,2025-01-17T03:43:00
447,46,add_to_cart,2025-01-17T03:46:00
447,46,purchase,2025-01-17T03:47:00
447,53,review,2025-01-18T19:23:00
447,91,search,2025-01-19T19:06:00
447,91,view,2025-01-19T19:09:00
447,91,click,2025-01-19T19:10:00
447,91,add_to_cart,2025-01-19T19:11:00
447,91,remove_cart,2025-01-19T19:13:00
447,105,search,2025-01-22T01:47:00
447,105,view,2025-01-22T01:49:00
447,92,view,2025-01-22T01:51:00
447,92,click,2025-01-22T01:52:00
447,109,view,2025-01-22T01:54:00
447,46,review,2025-01-22T03:50:00
447,143,view,2025-01-22T20:35:00
447,135,view,2025-01-22T20:39:00
447,135,click,2025-01-22T20:42:00
447,137,view,2025-01-22T20:44:00
447,137,click,2025-01-22T20:46:00
447,43,search,2025-01-24T13:49:00
447,43,view,2025-01-24T13:50:00
447,43,click,2025-01-24T13:54:00
447,52,view,2025-01-24T13:57:00
447,52,click,2025-01-24T14:00:00
447,52,add_to_cart,2025-01-24T14:03:00
447,52,remove_cart,2025-01-24T14:04:00
448,146,search,2025-01-05T06:05:00
448,146,view,2025-01-05T06:08:00
448,146,click,2025-01-05T06:12:00
448,146,add_to_cart,2025-01-05T06:15:00
448,146,purchase,2025-01-05T06:16:00
448,151,view,2025-01-05T06:23:00
448,151,click,2025-01-05T06:27:00
448,153,view,2025-01-05T06:29:00
448,153,click,2025-01-05T06:32:00
448,153,add_to_cart,2025-01-05T06:34:00
448,153,purchase,2025-01-05T06:35:00
448,121,view,2025-01-07T11:23:00
448,121,click,2025-01-07T11:26:00
448,28,search,2025-01-10T04:30:00
448,28,view,2025-01-10T04:33:00
448,137,search,2025-01-12T07:09:00
448,137,view,2025-01-12T07:12:00
448,137,click,2025-01-12T07:16:00
448,139,search,2025-01-15T01:57:00
448,139,view,2025-01-15T01:58:00
448,139,click,2025-01-15T02:00:00
448,146,view,2025-01-15T02:01:00
448,146,click,2025-01-15T02:05:00
448,146,add_to_cart,2025-01-15T02:08:00
448,146,purchase,2025-01-15T02:10:00
448,132,view,2025-01-15T02:19:00
448,132,click,2025-01-15T02:21:00
448,146,review,2025-01-15T06:23:00
448,123,search,2025-01-15T19:19:00
448,123,view,2025-01-15T19:21:00
448,123,click,2025-01-15T19:25:00
448,114,view,2025-01-15T19:28:00
448,114,click,2025-01-15T19:30:00
448,114,add_to_cart,2025-01-15T19:32:00
448,114,remove_cart,2025-01-15T19:33:00
448,123,search,2025-01-16T15:59:00
448,123,view,2025-01-16T16:01:00
448,123,click,2025-01-16T16:02:00
448,131,view,2025-01-16T16:04:00
448,131,add_to_cart,2025-01-16T16:07:00
448,131,purchase,2025-01-16T16:08:00
448,111,view,2025-01-16T16:11:00
448,111,click,2025-01-16T16:15:00
448,111,add_to_cart,2025-01-16T16:17:00
448,111,purchase,2025-01-16T16:19:00
448,24,search,2025-01-17T20:18:00
448,24,view,2025-01-17T20:19:00
448,23,view,2025-01-17T20:22:00
448,23,click,2025-01-17T20:24:00
448,23,add_to_cart,2025-01-17T20:26:00
448,23,purchase,2025-01-17T20:27:00
448,153,review,2025-01-18T06:46:00
448,41,view,2025-01-19T05:36:00
448,41,click,2025-01-19T05:37:00
448,41,add_to_cart,2025-01-19T05:38:00
448,41,remove_cart,2025-01-19T05:40:00
448,37,view,2025-01-19T05:42:00
448,37,click,2025-01-19T05:43:00
448,37,add_to_cart,2025-01-19T05:46:00
448,37,purchase,2025-01-19T05:48:00
448,31,view,2025-01-19T05:51:00
448,31,click,2025-01-19T05:54:00
448,23,search,2025-01-21T05:46:00
448,23,view,2025-01-21T05:47:00
448,23,click,2025-01-21T05:48:00
448,23,add_to_cart,2025-01-21T05:51:00
448,23,purchase,2025-01-21T05:52:00
448,27,view,2025-01-21T06:02:00
448,27,click,2025-01-21T06:04:00
448,27,add_to_cart,2025-01-21T06:05:00
448,27,purchase,2025-01-21T06:07:00
448,37,view,2025-01-21T06:14:00
448,37,click,2025-01-21T06:15:00
448,37,add_to_cart,2025-01-21T06:16:00
448,37,purchase,2025-01-21T06:17:00
448,111,review,2025-01-24T16:22:00
448,131,review,2025-01-25T16:11:00
448,23,review,2025-01-27T20:36:00
448,37,review,2025-02-02T05:51:00
449,182,view,2025-01-10T03:24:00
449,182,click,2025-01-10T03:25:00
449,191,view,2025-01-10T03:28:00
449,191,click,2025-01-10T03:32:00
449,191,add_to_cart,2025-01-10T03:34:00
449,191,purchase,2025-01-10T03:36:00
449,200,view,2025-01-10T03:38:00
449,200,click,2025-01-10T03:41:00
449,200,add_to_cart,2025-01-10T03:42:00
449,200,remove_cart,2025-01-10T03:43:00
449,199,search,2025-01-11T10:31:00
449,199,view,2025-01-11T10:33:00
449,199,click,2025-01-11T10:34:00
449,179,view,2025-01-11T10:37:00
449,179,click,2025-01-11T10:39:00
449,197,view,2025-01-11T10:40:00
449,197,add_to_cart,2025-01-11T10:42:00
449,197,purchase,2025-01-11T10:44:00
449,3,view,2025-01-12T04:09:00
449,3,click,2025-01-12T04:10:00
449,8,view,2025-01-12T04:13:00
449,8,add_to_cart,2025-01-12T04:15:00
449,8,purchase,2025-01-12T04:16:00
449,9,view,2025-01-12T04:28:00
449,9,click,2025-01-12T04:30:00
449,17,search,2025-01-13T12:59:00
449,17,view,2025-01-13T13:01:00
449,17,click,2025-01-13T13:04:00
449,18,view,2025-01-13T13:06:00
449,18,click,2025-01-13T13:09:00
449,187,search,2025-01-15T19:49:00
449,187,view,2025-01-15T19:52:00
449,187,click,2025-01-15T19:53:00
449,187,add_to_cart,2025-01-15T19:56:00
449,187,purchase,2025-01-15T19:58:00
449,191,view,2025-01-15T20:10:00
449,191,click,2025-01-15T20:13:00
449,194,view,2025-01-15T20:14:00
449,194,click,2025-01-15T20:17:00
449,194,add_to_cart,2025-01-15T20:20:00
449,194,purchase,2025-01-15T20:21:00
449,8,review,2025-01-16T04:28:00
449,197,review,2025-01-16T10:51:00
449,191,search,2025-01-18T13:21:00
449,191,view,2025-01-18T13:23:00
449,191,click,2025-01-18T13:27:00
449,191,add_to_cart,2025-01-18T13:30:00
449,191,purchase,2025-01-18T13:31:00
449,183,view,2025-01-21T07:12:00
449,183,click,2025-01-21T07:13:00
449,190,view,2025-01-21T07:16:00
449,190,click,2025-01-21T07:17:00
449,189,view,2025-01-21T07:18:00
449,189,click,2025-01-21T07:19:00
449,189,add_to_cart,2025-01-21T07:20:00
449,189,purchase,2025-01-21T07:21:00
449,142,search,2025-01-23T21:26:00
449,142,view,2025-01-23T21:28:00
449,142,click,2025-01-23T21:32:00
449,139,view,2025-01-23T21:33:00
449,139,click,2025-01-23T21:34:00
449,139,add_to_cart,2025-01-23T21:36:00
449,139,remove_cart,2025-01-23T21:37:00
449,153,view,2025-01-25T08:36:00
449,153,click,2025-01-25T08:38:00
449,153,add_to_cart,2025-01-25T08:40:00
449,153,purchase,2025-01-25T08:42:00
449,136,view,2025-01-25T08:46:00
449,136,add_to_cart,2025-01-25T08:47:00
449,136,purchase,2025-01-25T08:49:00
449,144,view,2025-01-25T08:55:00
449,144,click,2025-01-25T08:56:00
449,189,review,2025-02-02T07:33:00
450,194,search,2025-01-09T00:12:00
450,194,view,2025-01-09T00:14:00
450,194,click,2025-01-09T00:16:00
450,199,view,2025-01-09T00:19:00
450,199,click,2025-01-09T00:20:00
450,199,add_to_cart,2025-01-09T00:22:00
450,199,purchase,2025-01-09T00:24:00
450,24,search,2025-01-10T18:55:00
450,24,view,2025-01-10T18:56:00
450,24,click,2025-01-10T18:57:00
450,30,view,2025-01-10T18:59:00
450,30,click,2025-01-10T19:01:00
450,30,add_to_cart,2025-01-10T19:04:00
450,30,remove_cart,2025-01-10T19:05:00
450,37,view,2025-01-10T19:07:00
450,37,click,2025-01-10T19:08:00
450,41,search,2025-01-11T09:52:00
450,41,view,2025-01-11T09:54:00
450,31,view,2025-01-11T09:58:00
450,31,click,2025-01-11T10:00:00
450,25,search,2025-01-13T06:12:00
450,25,view,2025-01-13T06:15:00
450,25,click,2025-01-13T06:16:00
450,25,add_to_cart,2025-01-13T06:19:00
450,25,purchase,2025-01-13T06:21:00
450,26,view,2025-01-13T06:31:00
450,26,add_to_cart,2025-01-13T06:35:00
450,26,purchase,2025-01-13T06:36:00
450,39,view,2025-01-13T06:45:00
450,39,click,2025-01-13T06:49:00
450,54,search,2025-01-16T03:08:00
450,54,view,2025-01-16T03:10:00
450,60,search,2025-01-18T07:41:00
450,60,view,2025-01-18T07:43:00
450,60,click,2025-01-18T07:45:00
450,60,add_to_cart,2025-01-18T07:46:00
450,60,purchase,2025-01-18T07:47:00
450,28,search,2025-01-20T15:47:00
450,28,view,2025-01-20T15:50:00
450,28,click,2025-01-20T15:52:00
450,28,add_to_cart,2025-01-20T15:54:00
450,28,purchase,2025-01-20T15:55:00
450,35,view,2025-01-20T16:01:00
450,35,click,2025-01-20T16:04:00
450,35,add_to_cart,2025-01-20T16:06:00
450,35,purchase,2025-01-20T16:07:00
450,39,view,2025-01-22T16:40:00
450,39,add_to_cart,2025-01-22T16:42:00
450,39,purchase,2025-01-22T16:43:00
450,42,view,2025-01-22T16:48:00
450,42,click,2025-01-22T16:51:00
450,39,review,2025-01-23T16:48:00
450,28,review,2025-01-29T16:01:00
450,60,review,2025-02-01T07:50:00
451,74,search,2025-01-11T03:00:00
451,74,view,2025-01-11T03:02:00
451,74,click,2025-01-11T03:04:00
451,77,view,2025-01-11T03:06:00
451,77,add_to_cart,2025-01-11T03:09:00
451,77,remove_cart,2025-01-11T03:10:00
451,81,search,2025-01-11T18:15:00
451,81,view,2025-01-11T18:16:00
451,81,click,2025-01-11T18:20:00
451,70,view,2025-01-12T15:09:00
451,70,click,2025-01-12T15:13:00
451,70,add_to_cart,2025-01-12T15:16:00
451,70,purchase,2025-01-12T15:18:00
451,69,view,2025-01-12T15:28:00
451,69,click,2025-01-12T15:31:00
451,64,search,2025-01-14T20:03:00
451,64,view,2025-01-14T20:06:00
451,64,click,2025-01-14T20:07:00
451,64,add_to_cart,2025-01-14T20:08:00
451,64,purchase,2025-01-14T20:09:00
451,61,view,2025-01-14T20:14:00
451,61,add_to_cart,2025-01-14T20:18:00
451,61,purchase,2025-01-14T20:20:00
451,46,view,2025-01-14T20:28:00
451,46,add_to_cart,2025-01-14T20:32:00
451,46,purchase,2025-01-14T20:34:00
451,68,search,2025-01-17T08:04:00
451,68,view,2025-01-17T08:05:00
451,68,click,2025-01-17T08:08:00
451,65,search,2025-01-18T14:54:00
451,65,view,2025-01-18T14:55:00
451,46,search,2025-01-19T12:27:00
451,46,view,2025-01-19T12:30:00
451,46,click,2025-01-19T12:33:00
451,58,search,2025-01-21T19:11:00
451,58,view,2025-01-21T19:12:00
451,58,click,2025-01-21T19:16:00
451,44,view,2025-01-21T19:17:00
451,44,click,2025-01-21T19:21:00
451,68,search,2025-01-22T21:32:00
451,68,view,2025-01-22T21:35:00
451,68,click,2025-01-22T21:36:00
451,68,add_to_cart,2025-01-22T21:39:00
451,68,purchase,2025-01-22T21:41:00
451,73,view,2025-01-22T21:44:00
451,73,click,2025-01-22T21:45:00
451,130,search,2025-01-24T21:53:00
451,130,view,2025-01-24T21:54:00
451,130,click,2025-01-24T21:56:00
451,122,view,2025-01-24T21:59:00
451,70,review,2025-01-26T15:28:00
451,64,review,2025-01-27T20:14:00
451,68,review,2025-02-05T21:44:00
452,45,search,2025-01-04T01:04:00
452,45,view,2025-01-04T01:07:00
452,45,click,2025-01-04T01:08:00
452,43,view,2025-01-04T01:11:00
452,43,click,2025-01-04T01:12:00
452,136,search,2025-01-05T16:33:00
452,136,view,2025-01-05T16:35:00
452,136,click,2025-01-05T16:39:00
452,136,add_to_cart,2025-01-05T16:41:00
452,136,purchase,2025-01-05T16:42:00
452,150,view,2025-01-05T16:52:00
452,149,view,2025-01-05T16:53:00
452,149,click,2025-01-05T16:56:00
452,149,add_to_cart,2025-01-05T16:57:00
452,149,remove_cart,2025-01-05T16:58:00
452,64,search,2025-01-07T23:51:00
452,64,view,2025-01-07T23:52:00
452,64,click,2025-01-07T23:53:00
452,64,add_to_cart,2025-01-07T23:54:00
452,64,remove_cart,2025-01-07T23:55:00
452,173,search,2025-01-09T22:25:00
452,173,view,2025-01-09T22:26:00
452,173,click,2025-01-09T22:30:00
452,161,view,2025-01-09T22:31:00
452,161,click,2025-01-09T22:35:00
452,161,add_to_cart,2025-01-09T22:38:00
452,161,remove_cart,2025-01-09T22:40:00
452,160,view,2025-01-09T22:42:00
452,160,click,2025-01-09T22:45:00
452,174,search,2025-01-10T12:23:00
452,174,view,2025-01-10T12:25:00
452,174,click,2025-01-10T12:28:00
452,174,add_to_cart,2025-01-10T12:30:00
452,174,purchase,2025-01-10T12:32:00
452,157,view,2025-01-10T12:38:00
452,157,click,2025-01-10T12:40:00
452,160,view,2025-01-11T15:43:00
452,160,click,2025-01-11T15:46:00
452,160,add_to_cart,2025-01-11T15:48:00
452,160,purchase,2025-01-11T15:49:00
452,136,review,2025-01-11T16:52:00
452,162,view,2025-01-13T12:17:00
452,162,click,2025-01-13T12:18:00
452,158,view,2025-01-13T12:19:00
452,158,click,2025-01-13T12:21:00
452,159,view,2025-01-13T12:23:00
452,159,add_to_cart,2025-01-13T12:27:00
452,159,purchase,2025-01-13T12:28:00
452,139,search,2025-01-14T08:15:00
452,139,view,2025-01-14T08:16:00
452,139,click,2025-01-14T08:20:00
452,135,view,2025-01-14T08:21:00
452,135,click,2025-01-14T08:25:00
452,134,view,2025-01-14T08:28:00
452,134,click,2025-01-14T08:30:00
452,159,review,2025-01-20T12:33:00
452,160,review,2025-01-25T15:56:00
453,112,search,2025-01-11T22:33:00
453,112,view,2025-01-11T22:36:00
453,112,click,2025-01-11T22:38:00
453,182,view,2025-01-14T01:20:00
453,182,click,2025-01-14T01:22:00
453,183,view,2025-01-14T01:25:00
453,183,click,2025-01-14T01:29:00
453,183,add_to_cart,2025-01-14T01:30:00
453,183,purchase,2025-01-14T01:31:00
453,177,view,2025-01-14T01:39:00
453,177,click,2025-01-14T01:40:00
453,177,add_to_cart,2025-01-14T01:42:00
453,177,purchase,2025-01-14T01:44:00
453,181,view,2025-01-15T05:52:00
453,181,click,2025-01-15T05:53:00
453,193,view,2025-01-15T05:56:00
453,193,click,2025-01-15T06:00:00
453,193,add_to_cart,2025-01-15T06:03:00
453,193,purchase,2025-01-15T06:04:00
453,193,review,2025-01-16T06:14:00
453,119,search,2025-01-16T10:31:00
453,119,view,2025-01-16T10:32:00
453,123,view,2025-01-16T10:35:00
453,123,click,2025-01-16T10:39:00
453,123,add_to_cart,2025-01-16T10:41:00
453,123,purchase,2025-01-16T10:42:00
453,191,search,2025-01-19T09:14:00
453,191,view,2025-01-19T09:15:00
453,123,review,2025-01-19T10:51:00
453,193,search,2025-01-20T16:46:00
453,193,view,2025-01-20T16:49:00
453,193,click,2025-01-20T16:51:00
453,177,view,2025-01-20T16:52:00
453,177,click,2025-01-20T16:53:00
453,177,add_to_cart,2025-01-20T16:56:00
453,177,purchase,2025-01-20T16:58:00
453,178,view,2025-01-20T17:08:00
453,178,click,2025-01-20T17:09:00
453,186,search,2025-01-22T01:25:00
453,186,view,2025-01-22T01:28:00
453,186,click,2025-01-22T01:30:00
453,184,view,2025-01-22T01:31:00
453,184,click,2025-01-22T01:33:00
454,35,search,2025-01-14T03:45:00
454,35,view,2025-01-14T03:48:00
454,35,click,2025-01-14T03:52:00
454,36,view,2025-01-14T03:55:00
454,36,click,2025-01-14T03:56:00
454,25,view,2025-01-14T03:59:00
454,25,click,2025-01-14T04:02:00
454,26,search,2025-01-15T08:58:00
454,26,view,2025-01-15T08:59:00
454,26,click,2025-01-15T09:01:00
454,26,add_to_cart,2025-01-15T09:04:00
454,26,remove_cart,2025-01-15T09:06:00
454,187,view,2025-01-16T09:04:00
454,187,click,2025-01-16T09:07:00
454,187,add_to_cart,2025-01-16T09:10:00
454,187,purchase,2025-01-16T09:11:00
454,181,view,2025-01-16T09:17:00
454,181,click,2025-01-16T09:20:00
454,25,search,2025-01-18T04:41:00
454,25,view,2025-01-18T04:44:00
454,25,click,2025-01-18T04:47:00
454,40,view,2025-01-18T04:50:00
454,40,click,2025-01-18T04:54:00
454,26,view,2025-01-18T04:56:00
454,26,click,2025-01-18T04:57:00
454,24,search,2025-01-19T07:27:00
454,24,view,2025-01-19T07:30:00
454,24,click,2025-01-19T07:31:00
454,24,add_to_cart,2025-01-19T07:33:00
454,24,remove_cart,2025-01-19T07:35:00
454,22,search,2025-01-20T15:58:00
454,22,view,2025-01-20T15:59:00
454,22,click,2025-01-20T16:00:00
454,15,view,2025-01-20T16:03:00
454,15,click,2025-01-20T16:05:00
454,2,view,2025-01-20T16:07:00
454,2,click,2025-01-20T16:09:00
454,198,search,2025-01-22T19:38:00
454,198,view,2025-01-22T19:39:00
454,198,click,2025-01-22T19:42:00
454,198,add_to_cart,2025-01-22T19:44:00
454,198,purchase,2025-01-22T19:45:00
454,185,view,2025-01-22T19:48:00
454,185,click,2025-01-22T19:49:00
454,35,search,2025-01-23T21:49:00
454,35,view,2025-01-23T21:50:00
454,35,click,2025-01-23T21:51:00
454,191,search,2025-01-26T06:29:00
454,191,view,2025-01-26T06:30:00
454,191,click,2025-01-26T06:31:00
454,191,add_to_cart,2025-01-26T06:33:00
454,191,remove_cart,2025-01-26T06:34:00
454,192,view,2025-01-26T06:36:00
454,192,add_to_cart,2025-01-26T06:40:00
454,192,purchase,2025-01-26T06:41:00
454,187,review,2025-01-29T09:17:00
454,192,review,2025-02-08T06:47:00
455,51,search,2025-01-09T07:58:00
455,51,view,2025-01-09T08:01:00
455,51,click,2025-01-09T08:03:00
455,51,add_to_cart,2025-01-09T08:06:00
455,51,purchase,2025-01-09T08:07:00
455,46,view,2025-01-09T08:10:00
455,46,click,2025-01-09T08:12:00
455,30,search,2025-01-10T10:05:00
455,30,view,2025-01-10T10:07:00
455,30,click,2025-01-10T10:09:00
455,30,add_to_cart,2025-01-10T10:12:00
455,30,purchase,2025-01-10T10:14:00
455,31,view,2025-01-10T10:19:00
455,37,search,2025-01-11T18:16:00
455,37,view,2025-01-11T18:18:00
455,37,click,2025-01-11T18:20:00
455,26,view,2025-01-11T18:23:00
455,26,click,2025-01-11T18:25:00
455,43,search,2025-01-12T14:43:00
455,43,view,2025-01-12T14:45:00
455,43,click,2025-01-12T14:46:00
455,43,add_to_cart,2025-01-12T14:49:00
455,43,purchase,2025-01-12T14:51:00
455,57,view,2025-01-12T14:55:00
455,57,click,2025-01-12T14:59:00
455,45,view,2025-01-12T15:02:00
455,45,click,2025-01-12T15:06:00
455,45,add_to_cart,2025-01-12T15:07:00
455,45,purchase,2025-01-12T15:08:00
455,56,search,2025-01-14T04:32:00
455,56,view,2025-01-14T04:33:00
455,56,click,2025-01-14T04:36:00
455,56,add_to_cart,2025-01-14T04:37:00
455,56,purchase,2025-01-14T04:38:00
455,45,view,2025-01-14T04:47:00
455,49,view,2025-01-14T04:50:00
455,49,click,2025-01-14T04:53:00
455,49,add_to_cart,2025-01-14T04:54:00
455,49,purchase,2025-01-14T04:55:00
455,30,review,2025-01-15T10:19:00
455,39,search,2025-01-15T22:33:00
455,39,view,2025-01-15T22:34:00
455,39,click,2025-01-15T22:38:00
455,42,view,2025-01-15T22:41:00
455,42,click,2025-01-15T22:45:00
455,33,view,2025-01-15T22:48:00
455,33,click,2025-01-15T22:50:00
455,196,view,2025-01-16T13:48:00
455,196,click,2025-01-16T13:52:00
455,196,add_to_cart,2025-01-16T13:55:00
455,196,purchase,2025-01-16T13:57:00
455,198,view,2025-01-16T14:07:00
455,198,click,2025-01-16T14:09:00
455,59,search,2025-01-17T17:44:00
455,59,view,2025-01-17T17:45:00
455,59,add_to_cart,2025-01-17T17:46:00
455,59,purchase,2025-01-17T17:47:00
455,50,view,2025-01-17T17:57:00
455,50,click,2025-01-17T17:58:00
455,50,add_to_cart,2025-01-17T18:01:00
455,50,purchase,2025-01-17T18:03:00
455,65,view,2025-01-17T18:11:00
455,65,add_to_cart,2025-01-17T18:14:00
455,65,purchase,2025-01-17T18:15:00
455,43,search,2025-01-19T02:00:00
455,43,view,2025-01-19T02:03:00
455,43,click,2025-01-19T02:06:00
455,54,view,2025-01-19T02:09:00
455,54,click,2025-01-19T02:10:00
455,56,review,2025-01-27T04:47:00
455,65,review,2025-01-28T18:19:00
455,50,review,2025-01-31T18:11:00
456,105,search,2025-01-05T06:47:00
456,105,view,2025-01-05T06:49:00
456,105,click,2025-01-05T06:51:00
456,97,search,2025-01-07T03:34:00
456,97,view,2025-01-07T03:35:00
456,94,view,2025-01-07T03:37:00
456,94,click,2025-01-07T03:39:00
456,94,add_to_cart,2025-01-07T03:42:00
456,94,purchase,2025-01-07T03:44:00
456,109,view,2025-01-07T03:55:00
456,109,click,2025-01-07T03:59:00
456,174,view,2025-01-08T21:20:00
456,174,click,2025-01-08T21:21:00
456,174,add_to_cart,2025-01-08T21:22:00
456,174,remove_cart,2025-01-08T21:23:00
456,60,search,2025-01-10T06:49:00
456,60,view,2025-01-10T06:50:00
456,60,click,2025-01-10T06:52:00
456,60,add_to_cart,2025-01-10T06:55:00
456,60,purchase,2025-01-10T06:56:00
456,63,view,2025-01-10T06:59:00
456,63,click,2025-01-10T07:01:00
456,63,add_to_cart,2025-01-10T07:02:00
456,63,remove_cart,2025-01-10T07:04:00
456,44,view,2025-01-10T07:06:00
456,44,add_to_cart,2025-01-10T07:09:00
456,44,purchase,2025-01-10T07:10:00
456,44,review,2025-01-11T07:17:00
456,172,view,2025-01-12T21:12:00
456,172,click,2025-01-12T21:13:00
456,160,view,2025-01-12T21:16:00
456,160,click,2025-01-12T21:18:00
456,160,add_to_cart,2025-01-12T21:20:00
456,160,remove_cart,2025-01-12T21:21:00
456,159,view,2025-01-12T21:23:00
456,159,click,2025-01-12T21:24:00
456,159,add_to_cart,2025-01-12T21:26:00
456,159,remove_cart,2025-01-12T21:28:00
456,56,view,2025-01-14T01:29:00
456,56,click,2025-01-14T01:33:00
456,56,add_to_cart,2025-01-14T01:34:00
456,56,purchase,2025-01-14T01:35:00
456,56,review,2025-01-17T01:38:00
456,94,review,2025-01-20T03:55:00
456,60,review,2025-01-24T06:59:00
457,19,search,2025-01-04T09:01:00
457,19,view,2025-01-04T09:02:00
457,19,add_to_cart,2025-01-04T09:04:00
457,19,remove_cart,2025-01-04T09:05:00
457,12,view,2025-01-04T09:06:00
457,2,view,2025-01-04T09:09:00
457,2,click,2025-01-04T09:10:00
457,93,search,2025-01-05T05:17:00
457,93,view,2025-01-05T05:20:00
457,93,click,2025-01-05T05:21:00
457,93,add_to_cart,2025-01-05T05:22:00
457,93,purchase,2025-01-05T05:23:00
457,43,search,2025-01-06T15:13:00
457,43,view,2025-01-06T15:16:00
457,3,search,2025-01-09T10:34:00
457,3,view,2025-01-09T10:35:00
457,3,click,2025-01-09T10:38:00
457,10,view,2025-01-09T10:39:00
457,21,view,2025-01-09T10:43:00
457,21,click,2025-01-09T10:44:00
457,21,add_to_cart,2025-01-09T10:45:00
457,21,purchase,2025-01-09T10:46:00
457,54,view,2025-01-10T16:49:00
457,54,click,2025-01-10T16:50:00
457,54,add_to_cart,2025-01-10T16:53:00
457,54,remove_cart,2025-01-10T16:54:00
457,52,view,2025-01-13T00:53:00
457,52,click,2025-01-13T00:55:00
457,52,add_to_cart,2025-01-13T00:57:00
457,52,purchase,2025-01-13T00:59:00
457,43,search,2025-01-14T01:43:00
457,43,view,2025-01-14T01:45:00
457,43,click,2025-01-14T01:47:00
457,43,add_to_cart,2025-01-14T01:49:00
457,43,purchase,2025-01-14T01:50:00
457,62,view,2025-01-14T01:54:00
457,62,click,2025-01-14T01:56:00
457,62,add_to_cart,2025-01-14T01:59:00
457,62,purchase,2025-01-14T02:01:00
457,60,view,2025-01-14T02:10:00
457,60,add_to_cart,2025-01-14T02:11:00
457,60,purchase,2025-01-14T02:12:00
457,93,review,2025-01-16T05:34:00
457,43,review,2025-01-25T01:54:00
457,60,review,2025-01-27T02:16:00
458,99,search,2025-01-03T12:28:00
458,99,view,2025-01-03T12:29:00
458,99,click,2025-01-03T12:31:00
458,99,add_to_cart,2025-01-03T12:32:00
458,99,purchase,2025-01-03T12:34:00
458,105,search,2025-01-06T08:18:00
458,105,view,2025-01-06T08:21:00
458,105,click,2025-01-06T08:25:00
458,105,add_to_cart,2025-01-06T08:28:00
458,105,purchase,2025-01-06T08:29:00
458,101,view,2025-01-06T08:33:00
458,101,click,2025-01-06T08:35:00
458,101,add_to_cart,2025-01-06T08:37:00
458,101,remove_cart,2025-01-06T08:39:00
458,100,search,2025-01-08T14:57:00
458,100,view,2025-01-08T14:58:00
458,100,click,2025-01-08T14:59:00
458,104,view,2025-01-08T15:01:00
458,104,click,2025-01-08T15:03:00
458,104,add_to_cart,2025-01-08T15:06:00
458,104,purchase,2025-01-08T15:07:00
458,199,search,2025-01-09T14:54:00
458,199,view,2025-01-09T14:55:00
458,195,view,2025-01-09T14:58:00
458,195,click,2025-01-09T15:01:00
458,195,add_to_cart,2025-01-09T15:03:00
458,195,purchase,2025-01-09T15:05:00
458,193,view,2025-01-09T15:14:00
458,193,click,2025-01-09T15:16:00
458,193,add_to_cart,2025-01-09T15:19:00
458,193,remove_cart,2025-01-09T15:20:00
458,105,search,2025-01-10T23:14:00
458,105,view,2025-01-10T23:17:00
458,105,click,2025-01-10T23:19:00
458,195,review,2025-01-11T15:14:00
458,116,view,2025-01-11T18:24:00
458,104,review,2025-01-13T15:09:00
459,166,search,2025-01-04T08:39:00
459,166,view,2025-01-04T08:40:00
459,166,click,2025-01-04T08:43:00
459,162,view,2025-01-04T08:45:00
459,162,click,2025-01-04T08:48:00
459,128,search,2025-01-07T01:21:00
459,128,view,2025-01-07T01:24:00
459,128,click,2025-01-07T01:26:00
459,131,view,2025-01-09T07:47:00
459,131,click,2025-01-09T07:49:00
459,130,view,2025-01-09T07:50:00
459,130,click,2025-01-09T07:53:00
459,200,search,2025-01-11T05:08:00
459,200,view,2025-01-11T05:09:00
459,119,search,2025-01-12T05:06:00
459,119,view,2025-01-12T05:07:00
459,119,click,2025-01-12T05:10:00
459,118,view,2025-01-12T05:12:00
459,118,click,2025-01-12T05:15:00
459,114,view,2025-01-12T05:18:00
459,114,click,2025-01-12T05:22:00
459,174,view,2025-01-12T18:59:00
459,164,view,2025-01-12T19:02:00
459,164,click,2025-01-12T19:06:00
460,76,search,2025-01-09T21:06:00
460,76,view,2025-01-09T21:07:00
460,76,click,2025-01-09T21:10:00
460,84,view,2025-01-09T21:11:00
460,84,click,2025-01-09T21:12:00
460,84,add_to_cart,2025-01-09T21:14:00
460,84,purchase,2025-01-09T21:16:00
460,71,view,2025-01-09T21:28:00
460,71,click,2025-01-09T21:29:00
460,71,add_to_cart,2025-01-09T21:32:00
460,71,remove_cart,2025-01-09T21:33:00
460,78,search,2025-01-10T10:03:00
460,78,view,2025-01-10T10:06:00
460,78,click,2025-01-10T10:09:00
460,75,view,2025-01-10T10:11:00
460,75,click,2025-01-10T10:14:00
460,94,search,2025-01-12T13:25:00
460,94,view,2025-01-12T13:26:00
460,94,click,2025-01-12T13:30:00
460,98,view,2025-01-12T13:32:00
460,98,click,2025-01-12T13:36:00
460,84,review,2025-01-13T21:28:00
460,77,view,2025-01-14T21:02:00
460,77,click,2025-01-14T21:06:00
460,77,add_to_cart,2025-01-14T21:07:00
460,77,purchase,2025-01-14T21:08:00
460,79,view,2025-01-14T21:15:00
460,79,click,2025-01-14T21:19:00
460,79,add_to_cart,2025-01-14T21:20:00
460,79,purchase,2025-01-14T21:22:00
460,77,review,2025-01-16T21:15:00
460,96,search,2025-01-17T19:07:00
460,96,view,2025-01-17T19:08:00
460,96,click,2025-01-17T19:10:00
460,96,add_to_cart,2025-01-17T19:11:00
460,96,purchase,2025-01-17T19:12:00
460,82,search,2025-01-19T22:08:00
460,82,view,2025-01-19T22:10:00
460,82,click,2025-01-19T22:13:00
460,82,add_to_cart,2025-01-19T22:16:00
460,82,purchase,2025-01-19T22:17:00
460,72,view,2025-01-19T22:19:00
460,72,click,2025-01-19T22:23:00
460,72,add_to_cart,2025-01-19T22:26:00
460,72,purchase,2025-01-19T22:27:00
460,81,view,2025-01-19T22:34:00
460,81,click,2025-01-19T22:35:00
460,96,review,2025-01-24T19:19:00
460,72,review,2025-01-25T22:34:00
460,82,review,2025-01-27T22:19:00
461,155,search,2025-01-10T13:06:00
461,155,view,2025-01-10T13:08:00
461,155,click,2025-01-10T13:12:00
461,155,add_to_cart,2025-01-10T13:14:00
461,155,purchase,2025-01-10T13:16:00
461,174,view,2025-01-10T13:24:00
461,174,click,2025-01-10T13:25:00
461,175,view,2025-01-10T13:27:00
461,175,click,2025-01-10T13:29:00
461,175,add_to_cart,2025-01-10T13:31:00
461,175,purchase,2025-01-10T13:33:00
461,156,search,2025-01-12T06:51:00
461,156,view,2025-01-12T06:54:00
461,156,add_to_cart,2025-01-12T06:57:00
461,156,purchase,2025-01-12T06:58:00
461,115,view,2025-01-14T14:31:00
461,115,click,2025-01-14T14:33:00
461,115,add_to_cart,2025-01-14T14:36:00
461,115,purchase,2025-01-14T14:37:00
461,125,view,2025-01-14T14:46:00
461,125,click,2025-01-14T14:50:00
461,91,search,2025-01-15T04:50:00
461,91,view,2025-01-15T04:52:00
461,101,view,2025-01-15T04:53:00
461,101,click,2025-01-15T04:55:00
461,96,view,2025-01-15T04:57:00
461,96,click,2025-01-15T05:00:00
461,118,search,2025-01-15T22:31:00
461,118,view,2025-01-15T22:34:00
461,118,click,2025-01-15T22:36:00
461,129,view,2025-01-15T22:38:00
461,129,click,2025-01-15T22:39:00
461,103,search,2025-01-17T21:57:00
461,103,view,2025-01-17T22:00:00
461,103,click,2025-01-17T22:01:00
461,103,add_to_cart,2025-01-17T22:02:00
461,103,purchase,2025-01-17T22:03:00
461,104,view,2025-01-17T22:10:00
461,104,click,2025-01-17T22:14:00
461,90,view,2025-01-17T22:15:00
461,90,click,2025-01-17T22:16:00
461,90,add_to_cart,2025-01-17T22:18:00
461,90,purchase,2025-01-17T22:19:00
461,93,search,2025-01-19T22:05:00
461,93,view,2025-01-19T22:08:00
461,93,click,2025-01-19T22:09:00
461,93,add_to_cart,2025-01-19T22:10:00
461,93,purchase,2025-01-19T22:12:00
461,97,view,2025-01-19T22:22:00
461,97,add_to_cart,2025-01-19T22:23:00
461,97,purchase,2025-01-19T22:25:00
461,107,view,2025-01-19T22:28:00
461,107,click,2025-01-19T22:29:00
461,175,review,2025-01-20T13:37:00
461,160,search,2025-01-22T13:32:00
461,160,view,2025-01-22T13:34:00
461,160,click,2025-01-22T13:37:00
461,156,review,2025-01-23T07:00:00
461,155,review,2025-01-23T13:24:00
461,103,review,2025-01-24T22:10:00
461,108,view,2025-01-25T05:26:00
461,108,click,2025-01-25T05:27:00
461,154,search,2025-01-27T00:27:00
461,154,view,2025-01-27T00:30:00
461,154,click,2025-01-27T00:34:00
461,164,view,2025-01-27T00:37:00
461,164,click,2025-01-27T00:38:00
461,164,add_to_cart,2025-01-27T00:41:00
461,164,remove_cart,2025-01-27T00:43:00
461,174,view,2025-01-27T00:44:00
461,174,click,2025-01-27T00:46:00
461,174,add_to_cart,2025-01-27T00:49:00
461,174,purchase,2025-01-27T00:51:00
461,90,review,2025-01-27T22:27:00
461,93,review,2025-01-28T22:22:00
462,111,search,2025-01-12T23:38:00
462,111,view,2025-01-12T23:40:00
462,111,click,2025-01-12T23:41:00
462,111,add_to_cart,2025-01-12T23:44:00
462,111,purchase,2025-01-12T23:46:00
462,113,view,2025-01-12T23:50:00
462,113,click,2025-01-12T23:53:00
462,113,add_to_cart,2025-01-12T23:55:00
462,113,remove_cart,2025-01-12T23:57:00
462,128,view,2025-01-12T23:59:00
462,128,click,2025-01-13T00:00:00
462,128,add_to_cart,2025-01-13T00:01:00
462,128,purchase,2025-01-13T00:03:00
462,128,review,2025-01-15T00:11:00
462,7,search,2025-01-15T13:10:00
462,7,view,2025-01-15T13:13:00
462,7,click,2025-01-15T13:16:00
462,7,add_to_cart,2025-01-15T13:19:00
462,7,purchase,2025-01-15T13:21:00
462,131,search,2025-01-18T07:18:00
462,131,view,2025-01-18T07:19:00
462,131,add_to_cart,2025-01-18T07:20:00
462,131,remove_cart,2025-01-18T07:21:00
462,111,view,2025-01-18T07:23:00
462,111,click,2025-01-18T07:27:00
462,111,add_to_cart,2025-01-18T07:28:00
462,111,remove_cart,2025-01-18T07:29:00
462,110,search,2025-01-21T03:51:00
462,110,view,2025-01-21T03:54:00
462,110,click,2025-01-21T03:56:00
462,13,search,2025-01-23T00:08:00
462,13,view,2025-01-23T00:10:00
462,13,click,2025-01-23T00:12:00
462,118,search,2025-01-24T11:40:00
462,118,view,2025-01-24T11:43:00
462,118,add_to_cart,2025-01-24T11:46:00
462,118,purchase,2025-01-24T11:47:00
462,44,view,2025-01-25T00:38:00
462,44,click,2025-01-25T00:42:00
462,44,add_to_cart,2025-01-25T00:45:00
462,44,purchase,2025-01-25T00:47:00
462,58,view,2025-01-25T00:59:00
462,58,click,2025-01-25T01:01:00
462,43,view,2025-01-25T01:04:00
462,43,click,2025-01-25T01:05:00
462,43,add_to_cart,2025-01-25T01:08:00
462,43,purchase,2025-01-25T01:10:00
462,122,search,2025-01-25T14:48:00
462,122,view,2025-01-25T14:49:00
462,122,click,2025-01-25T14:50:00
462,122,add_to_cart,2025-01-25T14:53:00
462,122,purchase,2025-01-25T14:54:00
462,122,search,2025-01-27T10:09:00
462,122,view,2025-01-27T10:11:00
462,122,click,2025-01-27T10:15:00
462,122,review,2025-01-29T14:59:00
462,118,review,2025-02-04T11:49:00
463,140,search,2025-01-06T12:09:00
463,140,view,2025-01-06T12:12:00
463,140,click,2025-01-06T12:15:00
463,140,add_to_cart,2025-01-06T12:18:00
463,140,purchase,2025-01-06T12:19:00
463,136,view,2025-01-06T12:29:00
463,136,click,2025-01-06T12:30:00
463,133,view,2025-01-06T12:33:00
463,133,click,2025-01-06T12:35:00
463,21,search,2025-01-08T01:07:00
463,21,view,2025-01-08T01:10:00
463,21,click,2025-01-08T01:14:00
463,140,review,2025-01-08T12:29:00
463,13,search,2025-01-09T17:16:00
463,13,view,2025-01-09T17:19:00
463,13,click,2025-01-09T17:21:00
463,16,view,2025-01-09T17:22:00
463,16,click,2025-01-09T17:26:00
463,16,add_to_cart,2025-01-09T17:27:00
463,16,purchase,2025-01-09T17:29:00
463,17,search,2025-01-11T23:56:00
463,17,view,2025-01-11T23:59:00
463,17,click,2025-01-12T00:01:00
463,17,add_to_cart,2025-01-12T00:03:00
463,17,purchase,2025-01-12T00:05:00
463,18,search,2025-01-13T03:35:00
463,18,view,2025-01-13T03:38:00
463,18,click,2025-01-13T03:42:00
463,18,add_to_cart,2025-01-13T03:43:00
463,18,remove_cart,2025-01-13T03:45:00
463,22,search,2025-01-15T21:37:00
463,22,view,2025-01-15T21:40:00
463,22,click,2025-01-15T21:43:00
463,15,view,2025-01-15T21:46:00
464,8,search,2025-01-04T00:46:00
464,8,view,2025-01-04T00:48:00
464,8,click,2025-01-04T00:52:00
464,19,view,2025-01-04T00:54:00
464,22,view,2025-01-04T00:55:00
464,22,click,2025-01-04T00:57:00
464,98,view,2025-01-06T12:52:00
464,98,click,2025-01-06T12:55:00
464,97,view,2025-01-06T12:58:00
464,97,add_to_cart,2025-01-06T12:59:00
464,97,remove_cart,2025-01-06T13:01:00
464,100,search,2025-01-08T08:35:00
464,100,view,2025-01-08T08:37:00
464,100,click,2025-01-08T08:38:00
464,12,search,2025-01-10T09:51:00
464,12,view,2025-01-10T09:52:00
464,12,click,2025-01-10T09:55:00
464,5,view,2025-01-10T09:57:00
464,5,click,2025-01-10T10:01:00
464,5,add_to_cart,2025-01-10T10:04:00
464,5,remove_cart,2025-01-10T10:05:00
464,16,search,2025-01-11T23:57:00
464,16,view,2025-01-11T23:59:00
464,16,click,2025-01-12T00:03:00
464,13,view,2025-01-12T00:05:00
464,13,click,2025-01-12T00:09:00
464,13,add_to_cart,2025-01-12T00:11:00
464,13,purchase,2025-01-12T00:12:00
464,17,view,2025-01-12T00:22:00
464,88,search,2025-01-13T08:50:00
464,88,view,2025-01-13T08:51:00
464,2,search,2025-01-14T08:44:00
464,2,view,2025-01-14T08:47:00
464,2,click,2025-01-14T08:51:00
464,2,add_to_cart,2025-01-14T08:53:00
464,2,purchase,2025-01-14T08:54:00
464,14,search,2025-01-17T02:53:00
464,14,view,2025-01-17T02:54:00
464,14,click,2025-01-17T02:55:00
464,18,view,2025-01-17T20:20:00
464,18,click,2025-01-17T20:24:00
464,14,view,2025-01-17T20:27:00
464,2,review,2025-01-21T09:04:00
465,116,view,2025-01-10T04:26:00
465,116,click,2025-01-10T04:27:00
465,115,view,2025-01-10T04:28:00
465,115,click,2025-01-10T04:29:00
465,115,add_to_cart,2025-01-10T04:31:00
465,115,remove_cart,2025-01-10T04:32:00
465,125,view,2025-01-10T04:33:00
465,125,click,2025-01-10T04:36:00
465,125,add_to_cart,2025-01-10T04:37:00
465,125,purchase,2025-01-10T04:39:00
465,11,search,2025-01-12T16:28:00
465,11,view,2025-01-12T16:29:00
465,11,click,2025-01-12T16:33:00
465,11,add_to_cart,2025-01-12T16:36:00
465,11,purchase,2025-01-12T16:38:00
465,18,view,2025-01-12T16:48:00
465,18,click,2025-01-12T16:51:00
465,18,add_to_cart,2025-01-12T16:53:00
465,18,purchase,2025-01-12T16:54:00
465,17,view,2025-01-13T08:35:00
465,17,click,2025-01-13T08:37:00
465,125,review,2025-01-14T04:43:00
465,11,review,2025-01-14T16:48:00
465,112,search,2025-01-15T06:26:00
465,112,view,2025-01-15T06:29:00
465,112,click,2025-01-15T06:31:00
465,9,search,2025-01-16T22:15:00
465,9,view,2025-01-16T22:16:00
465,9,click,2025-01-16T22:18:00
465,2,view,2025-01-16T22:21:00
465,2,click,2025-01-16T22:25:00
465,2,add_to_cart,2025-01-16T22:28:00
465,2,remove_cart,2025-01-16T22:30:00
465,5,view,2025-01-16T22:32:00
465,5,click,2025-01-16T22:35:00
465,5,add_to_cart,2025-01-16T22:36:00
465,5,purchase,2025-01-16T22:38:00
465,131,search,2025-01-18T14:17:00
465,131,view,2025-01-18T14:20:00
465,131,click,2025-01-18T14:24:00
465,131,add_to_cart,2025-01-18T14:27:00
465,131,purchase,2025-01-18T14:29:00
465,120,view,2025-01-18T14:34:00
465,120,click,2025-01-18T14:36:00
465,29,search,2025-01-19T15:28:00
465,29,view,2025-01-19T15:30:00
465,29,click,2025-01-19T15:33:00
465,29,add_to_cart,2025-01-19T15:36:00
465,29,purchase,2025-01-19T15:38:00
465,38,view,2025-01-19T15:48:00
465,38,click,2025-01-19T15:49:00
465,38,add_to_cart,2025-01-19T15:50:00
465,38,remove_cart,2025-01-19T15:52:00
465,42,view,2025-01-19T15:54:00
465,42,click,2025-01-19T15:56:00
465,42,add_to_cart,2025-01-19T15:59:00
465,42,remove_cart,2025-01-19T16:00:00
465,14,search,2025-01-22T08:50:00
465,14,view,2025-01-22T08:52:00
465,14,click,2025-01-22T08:53:00
465,9,view,2025-01-22T08:54:00
465,9,click,2025-01-22T08:57:00
465,9,add_to_cart,2025-01-22T09:00:00
465,9,remove_cart,2025-01-22T09:01:00
465,17,view,2025-01-22T09:02:00
465,17,click,2025-01-22T09:06:00
465,17,add_to_cart,2025-01-22T09:08:00
465,17,remove_cart,2025-01-22T09:10:00
465,5,search,2025-01-23T06:27:00
465,5,view,2025-01-23T06:29:00
465,5,click,2025-01-23T06:33:00
465,12,view,2025-01-23T06:36:00
465,12,click,2025-01-23T06:37:00
465,12,add_to_cart,2025-01-23T06:39:00
465,12,purchase,2025-01-23T06:41:00
465,13,view,2025-01-23T06:53:00
465,13,add_to_cart,2025-01-23T06:54:00
465,13,purchase,2025-01-23T06:55:00
465,5,review,2025-01-24T22:49:00
465,12,search,2025-01-25T20:20:00
465,12,view,2025-01-25T20:23:00
465,16,view,2025-01-25T20:25:00
465,16,click,2025-01-25T20:29:00
465,16,add_to_cart,2025-01-25T20:32:00
465,16,purchase,2025-01-25T20:33:00
465,12,review,2025-01-31T06:53:00
466,134,search,2025-01-13T15:46:00
466,134,view,2025-01-13T15:49:00
466,134,click,2025-01-13T15:50:00
466,143,view,2025-01-15T15:29:00
466,143,click,2025-01-15T15:33:00
466,143,add_to_cart,2025-01-15T15:36:00
466,143,remove_cart,2025-01-15T15:38:00
466,34,search,2025-01-17T02:34:00
466,34,view,2025-01-17T02:35:00
466,34,click,2025-01-17T02:36:00
466,38,view,2025-01-17T02:37:00
466,25,view,2025-01-17T02:40:00
466,25,click,2025-01-17T02:41:00
466,25,add_to_cart,2025-01-17T02:43:00
466,25,purchase,2025-01-17T02:45:00
466,29,view,2025-01-20T00:23:00
466,116,search,2025-01-20T17:30:00
466,116,view,2025-01-20T17:32:00
466,116,click,2025-01-20T17:35:00
466,128,view,2025-01-20T17:37:00
466,128,click,2025-01-20T17:39:00
466,128,add_to_cart,2025-01-20T17:42:00
466,128,remove_cart,2025-01-20T17:43:00
466,112,search,2025-01-21T15:10:00
466,112,view,2025-01-21T15:13:00
466,151,search,2025-01-22T11:41:00
466,151,view,2025-01-22T11:42:00
466,151,click,2025-01-22T11:44:00
466,27,search,2025-01-23T16:30:00
466,27,view,2025-01-23T16:32:00
466,27,click,2025-01-23T16:36:00
466,26,view,2025-01-23T16:37:00
466,40,search,2025-01-24T05:53:00
466,40,view,2025-01-24T05:55:00
466,40,click,2025-01-24T05:58:00
466,40,add_to_cart,2025-01-24T06:01:00
466,40,purchase,2025-01-24T06:03:00
466,25,review,2025-01-27T02:55:00
467,126,search,2025-01-05T17:43:00
467,126,view,2025-01-05T17:44:00
467,126,click,2025-01-05T17:48:00
467,126,add_to_cart,2025-01-05T17:51:00
467,126,purchase,2025-01-05T17:52:00
467,114,view,2025-01-05T17:56:00
467,114,click,2025-01-05T17:58:00
467,119,view,2025-01-05T17:59:00
467,119,click,2025-01-05T18:03:00
467,111,search,2025-01-08T17:24:00
467,111,view,2025-01-08T17:26:00
467,111,click,2025-01-08T17:27:00
467,121,view,2025-01-08T17:29:00
467,121,click,2025-01-08T17:33:00
467,121,add_to_cart,2025-01-08T17:34:00
467,121,purchase,2025-01-08T17:35:00
467,126,review,2025-01-08T17:56:00
467,125,view,2025-01-09T08:33:00
467,125,click,2025-01-09T08:36:00
467,125,add_to_cart,2025-01-09T08:37:00
467,125,remove_cart,2025-01-09T08:38:00
467,83,search,2025-01-11T05:16:00
467,83,view,2025-01-11T05:18:00
467,83,click,2025-01-11T05:20:00
467,83,add_to_cart,2025-01-11T05:21:00
467,83,purchase,2025-01-11T05:23:00
467,80,view,2025-01-11T05:29:00
467,80,click,2025-01-11T05:32:00
467,80,add_to_cart,2025-01-11T05:34:00
467,80,purchase,2025-01-11T05:35:00
467,121,search,2025-01-12T02:55:00
467,121,view,2025-01-12T02:58:00
467,121,click,2025-01-12T03:02:00
467,121,add_to_cart,2025-01-12T03:03:00
467,121,purchase,2025-01-12T03:04:00
467,116,view,2025-01-12T03:15:00
467,116,click,2025-01-12T03:18:00
467,124,view,2025-01-12T03:21:00
467,124,click,2025-01-12T03:25:00
467,124,add_to_cart,2025-01-12T03:26:00
467,124,purchase,2025-01-12T03:27:00
467,121,review,2025-01-14T03:15:00
467,117,search,2025-01-14T15:33:00
467,117,view,2025-01-14T15:36:00
467,119,view,2025-01-14T15:40:00
467,119,click,2025-01-14T15:43:00
467,87,search,2025-01-15T05:50:00
467,87,view,2025-01-15T05:52:00
467,87,click,2025-01-15T05:55:00
467,74,view,2025-01-15T05:57:00
467,74,click,2025-01-15T05:59:00
467,158,search,2025-01-15T22:00:00
467,158,view,2025-01-15T22:03:00
467,158,click,2025-01-15T22:05:00
467,158,add_to_cart,2025-01-15T22:06:00
467,158,purchase,2025-01-15T22:08:00
467,162,view,2025-01-15T22:19:00
467,162,click,2025-01-15T22:22:00
467,166,view,2025-01-15T22:25:00
467,166,click,2025-01-15T22:28:00
467,158,review,2025-01-16T22:19:00
467,123,search,2025-01-18T10:33:00
467,123,view,2025-01-18T10:35:00
467,123,click,2025-01-18T10:39:00
467,83,review,2025-01-21T05:29:00
468,20,view,2025-01-02T06:31:00
468,20,click,2025-01-02T06:34:00
468,16,search,2025-01-02T19:10:00
468,16,view,2025-01-02T19:13:00
468,16,click,2025-01-02T19:16:00
468,16,add_to_cart,2025-01-02T19:18:00
468,16,remove_cart,2025-01-02T19:19:00
468,9,view,2025-01-02T19:20:00
468,9,click,2025-01-02T19:23:00
468,9,add_to_cart,2025-01-02T19:25:00
468,9,purchase,2025-01-02T19:26:00
468,194,search,2025-01-04T17:05:00
468,194,view,2025-01-04T17:07:00
468,194,click,2025-01-04T17:08:00
468,194,add_to_cart,2025-01-04T17:10:00
468,194,purchase,2025-01-04T17:11:00
468,192,view,2025-01-04T17:21:00
468,192,click,2025-01-04T17:23:00
468,180,view,2025-01-04T17:26:00
468,180,click,2025-01-04T17:30:00
468,193,search,2025-01-06T22:21:00
468,193,view,2025-01-06T22:22:00
468,193,click,2025-01-06T22:26:00
468,190,view,2025-01-06T22:28:00
468,190,click,2025-01-06T22:32:00
468,190,add_to_cart,2025-01-06T22:33:00
468,190,remove_cart,2025-01-06T22:35:00
468,181,view,2025-01-06T22:36:00
468,181,click,2025-01-06T22:37:00
468,181,add_to_cart,2025-01-06T22:40:00
468,181,remove_cart,2025-01-06T22:41:00
468,137,search,2025-01-08T13:24:00
468,137,view,2025-01-08T13:25:00
468,137,click,2025-01-08T13:27:00
468,132,view,2025-01-08T13:28:00
468,132,click,2025-01-08T13:31:00
468,22,search,2025-01-10T02:46:00
468,22,view,2025-01-10T02:49:00
468,22,click,2025-01-10T02:50:00
468,6,view,2025-01-10T02:52:00
468,6,click,2025-01-10T02:54:00
468,6,add_to_cart,2025-01-10T02:57:00
468,6,purchase,2025-01-10T02:58:00
468,20,view,2025-01-10T03:10:00
468,20,click,2025-01-10T03:12:00
468,198,search,2025-01-12T17:42:00
468,198,view,2025-01-12T17:45:00
468,198,click,2025-01-12T17:47:00
468,198,add_to_cart,2025-01-12T17:50:00
468,198,purchase,2025-01-12T17:51:00
468,194,review,2025-01-13T17:21:00
468,8,search,2025-01-15T11:21:00
468,8,view,2025-01-15T11:22:00
468,8,click,2025-01-15T11:23:00
468,5,view,2025-01-15T11:24:00
468,198,review,2025-01-16T18:01:00
469,197,search,2025-01-05T18:09:00
469,197,view,2025-01-05T18:10:00
469,197,click,2025-01-05T18:13:00
469,177,view,2025-01-05T18:16:00
469,177,click,2025-01-05T18:20:00
469,178,view,2025-01-05T18:21:00
469,178,click,2025-01-05T18:22:00
469,178,add_to_cart,2025-01-05T18:23:00
469,178,purchase,2025-01-05T18:25:00
469,177,search,2025-01-07T20:25:00
469,177,view,2025-01-07T20:26:00
469,177,click,2025-01-07T20:30:00
469,177,add_to_cart,2025-01-07T20:33:00
469,177,purchase,2025-01-07T20:35:00
469,66,search,2025-01-10T04:57:00
469,66,view,2025-01-10T04:58:00
469,66,click,2025-01-10T05:01:00
469,66,add_to_cart,2025-01-10T05:02:00
469,66,purchase,2025-01-10T05:03:00
469,87,view,2025-01-10T05:12:00
469,87,click,2025-01-10T05:15:00
469,87,add_to_cart,2025-01-10T05:18:00
469,87,purchase,2025-01-10T05:20:00
469,183,search,2025-01-10T17:53:00
469,183,view,2025-01-10T17:54:00
469,183,click,2025-01-10T17:57:00
469,193,view,2025-01-10T17:58:00
469,193,click,2025-01-10T17:59:00
469,193,add_to_cart,2025-01-10T18:00:00
469,193,purchase,2025-01-10T18:01:00
469,191,search,2025-01-12T02:55:00
469,191,view,2025-01-12T02:56:00
469,191,click,2025-01-12T02:59:00
469,85,search,2025-01-14T19:11:00
469,85,view,2025-01-14T19:12:00
469,85,click,2025-01-14T19:16:00
469,68,view,2025-01-14T19:18:00
469,68,click,2025-01-14T19:22:00
469,8,view,2025-01-17T02:37:00
469,8,click,2025-01-17T02:40:00
469,191,search,2025-01-19T01:53:00
469,191,view,2025-01-19T01:55:00
469,191,add_to_cart,2025-01-19T01:57:00
469,191,purchase,2025-01-19T01:59:00
469,193,review,2025-01-19T18:07:00
469,192,search,2025-01-20T22:46:00
469,192,view,2025-01-20T22:49:00
469,192,click,2025-01-20T22:52:00
469,192,add_to_cart,2025-01-20T22:54:00
469,192,purchase,2025-01-20T22:55:00
469,186,view,2025-01-20T23:04:00
469,2,search,2025-01-23T17:59:00
469,2,view,2025-01-23T18:00:00
469,2,click,2025-01-23T18:01:00
469,2,add_to_cart,2025-01-23T18:02:00
469,2,remove_cart,2025-01-23T18:04:00
469,192,review,2025-01-27T23:04:00
470,85,search,2025-01-04T18:01:00
470,85,view,2025-01-04T18:03:00
470,80,view,2025-01-04T18:07:00
470,80,click,2025-01-04T18:11:00
470,140,search,2025-01-07T03:41:00
470,140,view,2025-01-07T03:42:00
470,140,click,2025-01-07T03:46:00
470,140,add_to_cart,2025-01-07T03:49:00
470,140,purchase,2025-01-07T03:51:00
470,145,search,2025-01-08T02:21:00
470,145,view,2025-01-08T02:23:00
470,145,click,2025-01-08T02:25:00
470,145,add_to_cart,2025-01-08T02:27:00
470,145,purchase,2025-01-08T02:28:00
470,151,view,2025-01-08T02:33:00
470,151,click,2025-01-08T02:35:00
470,90,view,2025-01-11T00:59:00
470,90,click,2025-01-11T01:01:00
470,98,view,2025-01-11T01:03:00
470,98,click,2025-01-11T01:07:00
470,101,search,2025-01-11T14:12:00
470,101,view,2025-01-11T14:13:00
470,101,click,2025-01-11T14:14:00
470,91,view,2025-01-11T14:17:00
470,91,click,2025-01-11T14:21:00
470,100,view,2025-01-11T14:24:00
470,100,click,2025-01-11T14:28:00
470,145,review,2025-01-12T02:33:00
470,106,search,2025-01-14T08:46:00
470,106,view,2025-01-14T08:47:00
470,106,add_to_cart,2025-01-14T08:51:00
470,106,purchase,2025-01-14T08:53:00
470,86,search,2025-01-17T09:06:00
470,86,view,2025-01-17T09:07:00
470,86,click,2025-01-17T09:10:00
470,66,view,2025-01-17T09:12:00
470,66,click,2025-01-17T09:13:00
470,66,add_to_cart,2025-01-17T09:14:00
470,66,purchase,2025-01-17T09:15:00
470,79,view,2025-01-17T09:19:00
470,79,click,2025-01-17T09:22:00
470,94,search,2025-01-19T14:00:00
470,94,view,2025-01-19T14:02:00
470,94,click,2025-01-19T14:03:00
470,102,view,2025-01-19T14:04:00
470,135,view,2025-01-20T10:18:00
470,135,click,2025-01-20T10:22:00
470,147,view,2025-01-20T10:23:00
470,147,click,2025-01-20T10:24:00
470,146,view,2025-01-20T10:25:00
470,146,click,2025-01-20T10:27:00
470,69,search,2025-01-22T01:46:00
470,69,view,2025-01-22T01:48:00
470,69,click,2025-01-22T01:51:00
470,69,add_to_cart,2025-01-22T01:53:00
470,69,remove_cart,2025-01-22T01:54:00
470,82,view,2025-01-22T01:56:00
470,82,click,2025-01-22T01:59:00
470,82,add_to_cart,2025-01-22T02:01:00
470,82,purchase,2025-01-22T02:03:00
470,82,review,2025-02-05T02:10:00
471,162,view,2025-01-11T00:14:00
471,162,click,2025-01-11T00:16:00
471,171,view,2025-01-11T00:17:00
471,171,click,2025-01-11T00:18:00
471,158,search,2025-01-14T00:13:00
471,158,view,2025-01-14T00:15:00
471,158,click,2025-01-14T00:19:00
471,158,add_to_cart,2025-01-14T00:22:00
471,158,purchase,2025-01-14T00:24:00
471,166,view,2025-01-14T00:33:00
471,34,search,2025-01-14T14:28:00
471,34,view,2025-01-14T14:31:00
471,34,click,2025-01-14T14:35:00
471,65,search,2025-01-17T00:14:00
471,65,view,2025-01-17T00:17:00
471,63,view,2025-01-17T00:19:00
471,63,click,2025-01-17T00:20:00
471,63,add_to_cart,2025-01-17T00:21:00
471,63,purchase,2025-01-17T00:22:00
471,25,search,2025-01-19T02:16:00
471,25,view,2025-01-19T02:18:00
471,25,click,2025-01-19T02:22:00
471,24,view,2025-01-19T02:24:00
471,24,click,2025-01-19T02:27:00
471,24,add_to_cart,2025-01-19T02:30:00
471,24,purchase,2025-01-19T02:31:00
471,37,view,2025-01-19T18:47:00
471,37,click,2025-01-19T18:50:00
471,37,add_to_cart,2025-01-19T18:52:00
471,37,purchase,2025-01-19T18:54:00
471,63,review,2025-01-21T00:32:00
471,158,review,2025-01-27T00:33:00
471,37,review,2025-01-30T19:05:00
472,60,view,2025-01-11T06:17:00
472,60,click,2025-01-11T06:20:00
472,60,add_to_cart,2025-01-11T06:22:00
472,60,purchase,2025-01-11T06:24:00
472,170,search,2025-01-12T23:59:00
472,170,view,2025-01-13T00:01:00
472,170,click,2025-01-13T00:05:00
472,170,add_to_cart,2025-01-13T00:08:00
472,170,purchase,2025-01-13T00:10:00
472,149,search,2025-01-14T16:03:00
472,149,view,2025-01-14T16:04:00
472,149,click,2025-01-14T16:05:00
472,149,add_to_cart,2025-01-14T16:08:00
472,149,purchase,2025-01-14T16:10:00
472,149,review,2025-01-15T16:16:00
472,158,search,2025-01-16T06:07:00
472,158,view,2025-01-16T06:08:00
472,158,click,2025-01-16T06:12:00
472,158,add_to_cart,2025-01-16T06:13:00
472,158,purchase,2025-01-16T06:15:00
472,171,search,2025-01-18T01:07:00
472,171,view,2025-01-18T01:08:00
472,171,click,2025-01-18T01:09:00
472,169,view,2025-01-18T01:10:00
472,169,click,2025-01-18T01:14:00
472,169,add_to_cart,2025-01-18T01:16:00
472,169,purchase,2025-01-18T01:17:00
472,47,search,2025-01-20T20:55:00
472,47,view,2025-01-20T20:56:00
472,47,click,2025-01-20T21:00:00
472,47,add_to_cart,2025-01-20T21:02:00
472,47,purchase,2025-01-20T21:04:00
472,48,view,2025-01-20T21:12:00
472,48,click,2025-01-20T21:13:00
472,169,review,2025-01-21T01:26:00
472,152,view,2025-01-21T12:29:00
472,152,click,2025-01-21T12:32:00
472,152,add_to_cart,2025-01-21T12:34:00
472,152,purchase,2025-01-21T12:36:00
472,159,search,2025-01-22T20:23:00
472,159,view,2025-01-22T20:25:00
472,159,click,2025-01-22T20:29:00
472,159,add_to_cart,2025-01-22T20:31:00
472,159,purchase,2025-01-22T20:33:00
472,173,search,2025-01-23T14:00:00
472,173,view,2025-01-23T14:02:00
472,173,click,2025-01-23T14:04:00
472,47,review,2025-01-25T21:12:00
472,159,review,2025-02-02T20:45:00
473,181,view,2025-01-07T22:51:00
473,181,click,2025-01-07T22:52:00
473,181,add_to_cart,2025-01-07T22:54:00
473,181,remove_cart,2025-01-07T22:55:00
473,200,view,2025-01-07T22:57:00
473,200,click,2025-01-07T23:00:00
473,176,view,2025-01-07T23:02:00
473,176,click,2025-01-07T23:06:00
473,191,search,2025-01-08T21:26:00
473,191,view,2025-01-08T21:27:00
473,191,add_to_cart,2025-01-08T21:30:00
473,191,purchase,2025-01-08T21:32:00
473,182,view,2025-01-08T21:41:00
473,182,click,2025-01-08T21:45:00
473,45,search,2025-01-10T16:51:00
473,45,view,2025-01-10T16:54:00
473,45,click,2025-01-10T16:57:00
473,58,view,2025-01-10T16:58:00
473,58,click,2025-01-10T17:00:00
473,46,view,2025-01-10T17:01:00
473,46,click,2025-01-10T17:03:00
473,194,view,2025-01-13T00:46:00
473,179,search,2025-01-13T15:51:00
473,179,view,2025-01-13T15:52:00
473,179,click,2025-01-13T15:56:00
473,179,add_to_cart,2025-01-13T15:59:00
473,179,purchase,2025-01-13T16:00:00
473,181,view,2025-01-13T16:05:00
473,181,click,2025-01-13T16:09:00
473,180,search,2025-01-16T16:50:00
473,180,view,2025-01-16T16:53:00
473,180,click,2025-01-16T16:55:00
473,191,review,2025-01-16T21:41:00
473,194,search,2025-01-18T13:31:00
473,194,view,2025-01-18T13:32:00
473,194,click,2025-01-18T13:35:00
473,194,add_to_cart,2025-01-18T13:37:00
473,194,purchase,2025-01-18T13:39:00
473,177,view,2025-01-18T13:42:00
473,177,click,2025-01-18T13:43:00
473,177,add_to_cart,2025-01-18T13:46:00
473,177,remove_cart,2025-01-18T13:48:00
473,187,view,2025-01-18T13:49:00
473,187,click,2025-01-18T13:53:00
473,103,search,2025-01-20T09:59:00
473,103,view,2025-01-20T10:02:00
473,103,click,2025-01-20T10:06:00
473,95,view,2025-01-20T10:07:00
473,95,click,2025-01-20T10:11:00
473,95,add_to_cart,2025-01-20T10:14:00
473,95,remove_cart,2025-01-20T10:15:00
473,185,search,2025-01-21T00:37:00
473,185,view,2025-01-21T00:39:00
473,194,review,2025-01-27T13:42:00
474,23,search,2025-01-04T14:23:00
474,23,view,2025-01-04T14:26:00
474,23,click,2025-01-04T14:28:00
474,23,add_to_cart,2025-01-04T14:31:00
474,23,remove_cart,2025-01-04T14:32:00
474,25,view,2025-01-04T14:34:00
474,25,click,2025-01-04T14:38:00
474,25,add_to_cart,2025-01-04T14:41:00
474,25,purchase,2025-01-04T14:42:00
474,37,view,2025-01-04T14:52:00
474,37,click,2025-01-04T14:54:00
474,39,search,2025-01-06T22:02:00
474,39,view,2025-01-06T22:03:00
474,39,click,2025-01-06T22:07:00
474,25,review,2025-01-07T14:52:00
474,31,search,2025-01-09T10:19:00
474,31,view,2025-01-09T10:22:00
474,31,click,2025-01-09T10:25:00
474,30,view,2025-01-09T10:26:00
474,30,click,2025-01-09T10:30:00
474,35,search,2025-01-10T07:10:00
474,35,view,2025-01-10T07:11:00
474,35,click,2025-01-10T07:14:00
474,38,view,2025-01-10T07:15:00
474,38,add_to_cart,2025-01-10T07:17:00
474,38,remove_cart,2025-01-10T07:19:00
474,50,search,2025-01-11T15:07:00
474,50,view,2025-01-11T15:10:00
474,50,click,2025-01-11T15:14:00
474,27,search,2025-01-13T21:45:00
474,27,view,2025-01-13T21:46:00
474,27,click,2025-01-13T21:50:00
474,162,search,2025-01-16T14:21:00
474,162,view,2025-01-16T14:24:00
474,162,click,2025-01-16T14:25:00
474,175,view,2025-01-16T14:28:00
474,175,click,2025-01-16T14:30:00
474,175,add_to_cart,2025-01-16T14:33:00
474,175,purchase,2025-01-16T14:34:00
474,156,view,2025-01-16T14:38:00
474,156,click,2025-01-16T14:40:00
474,39,search,2025-01-18T23:15:00
474,39,view,2025-01-18T23:16:00
474,39,click,2025-01-18T23:18:00
475,8,search,2025-01-11T09:34:00
475,8,view,2025-01-11T09:35:00
475,8,add_to_cart,2025-01-11T09:38:00
475,8,purchase,2025-01-11T09:40:00
475,14,view,2025-01-11T09:46:00
475,15,view,2025-01-11T09:50:00
475,15,click,2025-01-11T09:54:00
475,18,search,2025-01-12T10:26:00
475,18,view,2025-01-12T10:28:00
475,18,click,2025-01-12T10:32:00
475,7,view,2025-01-12T10:33:00
475,7,click,2025-01-12T10:36:00
475,7,add_to_cart,2025-01-12T10:39:00
475,7,remove_cart,2025-01-12T10:40:00
475,179,view,2025-01-13T08:37:00
475,179,click,2025-01-13T08:40:00
475,146,search,2025-01-16T02:10:00
475,146,view,2025-01-16T02:12:00
475,146,click,2025-01-16T02:13:00
475,146,add_to_cart,2025-01-16T02:15:00
475,146,purchase,2025-01-16T02:16:00
475,143,view,2025-01-16T02:21:00
475,143,click,2025-01-16T02:23:00
475,143,add_to_cart,2025-01-16T02:25:00
475,143,purchase,2025-01-16T02:27:00
475,135,search,2025-01-18T12:16:00
475,135,view,2025-01-18T12:18:00
475,135,click,2025-01-18T12:19:00
475,135,add_to_cart,2025-01-18T12:20:00
475,135,remove_cart,2025-01-18T12:21:00
475,133,view,2025-01-18T12:22:00
475,133,click,2025-01-18T12:24:00
475,133,add_to_cart,2025-01-18T12:26:00
475,133,purchase,2025-01-18T12:27:00
475,133,review,2025-01-19T12:39:00
475,188,search,2025-01-20T21:26:00
475,188,view,2025-01-20T21:28:00
475,188,click,2025-01-20T21:30:00
475,188,add_to_cart,2025-01-20T21:32:00
475,188,purchase,2025-01-20T21:34:00
475,196,view,2025-01-20T21:44:00
475,196,click,2025-01-20T21:48:00
475,193,view,2025-01-20T21:51:00
475,193,click,2025-01-20T21:55:00
475,8,review,2025-01-21T09:46:00
475,6,search,2025-01-23T10:18:00
475,6,view,2025-01-23T10:19:00
475,6,add_to_cart,2025-01-23T10:20:00
475,6,purchase,2025-01-23T10:22:00
475,20,view,2025-01-23T10:27:00
475,20,click,2025-01-23T10:30:00
475,20,add_to_cart,2025-01-23T10:33:00
475,20,purchase,2025-01-23T10:35:00
475,19,view,2025-01-23T10:39:00
475,19,click,2025-01-23T10:43:00
475,22,search,2025-01-25T19:45:00
475,22,view,2025-01-25T19:46:00
475,22,click,2025-01-25T19:47:00
475,5,view,2025-01-25T19:49:00
475,5,click,2025-01-25T19:51:00
475,2,view,2025-01-25T19:54:00
475,6,review,2025-01-27T10:27:00
475,22,search,2025-01-27T19:22:00
475,22,view,2025-01-27T19:25:00
475,22,add_to_cart,2025-01-27T19:26:00
475,22,purchase,2025-01-27T19:28:00
475,195,search,2025-01-28T20:19:00
475,195,view,2025-01-28T20:21:00
475,195,click,2025-01-28T20:25:00
475,180,view,2025-01-28T20:27:00
475,180,click,2025-01-28T20:28:00
475,180,add_to_cart,2025-01-28T20:29:00
475,180,remove_cart,2025-01-28T20:30:00
475,143,review,2025-01-29T02:30:00
476,119,search,2025-01-04T09:36:00
476,119,view,2025-01-04T09:39:00
476,119,click,2025-01-04T09:42:00
476,119,add_to_cart,2025-01-04T09:43:00
476,119,purchase,2025-01-04T09:44:00
476,131,view,2025-01-04T09:49:00
476,131,click,2025-01-04T09:51:00
476,116,view,2025-01-04T09:52:00
476,116,click,2025-01-04T09:53:00
476,116,add_to_cart,2025-01-04T09:56:00
476,116,remove_cart,2025-01-04T09:57:00
476,133,view,2025-01-04T23:41:00
476,133,click,2025-01-04T23:45:00
476,134,view,2025-01-04T23:48:00
476,134,click,2025-01-04T23:50:00
476,134,add_to_cart,2025-01-04T23:51:00
476,134,remove_cart,2025-01-04T23:52:00
476,145,search,2025-01-05T15:48:00
476,145,view,2025-01-05T15:50:00
476,145,click,2025-01-05T15:53:00
476,145,add_to_cart,2025-01-05T15:56:00
476,145,purchase,2025-01-05T15:57:00
476,13,search,2025-01-08T08:23:00
476,13,view,2025-01-08T08:24:00
476,13,click,2025-01-08T08:25:00
476,13,add_to_cart,2025-01-08T08:27:00
476,13,purchase,2025-01-08T08:28:00
476,14,view,2025-01-08T08:40:00
476,14,click,2025-01-08T08:42:00
476,22,view,2025-01-08T08:45:00
476,22,click,2025-01-08T08:47:00
476,6,search,2025-01-09T18:49:00
476,6,view,2025-01-09T18:51:00
476,6,click,2025-01-09T18:53:00
476,21,view,2025-01-09T18:54:00
476,21,add_to_cart,2025-01-09T18:58:00
476,21,purchase,2025-01-09T19:00:00
476,22,view,2025-01-09T19:06:00
476,13,review,2025-01-11T08:40:00
476,128,view,2025-01-11T09:10:00
476,128,click,2025-01-11T09:11:00
476,116,view,2025-01-11T09:13:00
476,21,review,2025-01-11T19:06:00
476,117,search,2025-01-14T08:48:00
476,117,view,2025-01-14T08:49:00
476,117,click,2025-01-14T08:51:00
476,117,add_to_cart,2025-01-14T08:54:00
476,117,purchase,2025-01-14T08:56:00
476,110,view,2025-01-14T09:06:00
476,110,click,2025-01-14T09:07:00
476,110,add_to_cart,2025-01-14T09:08:00
476,110,purchase,2025-01-14T09:09:00
476,136,view,2025-01-16T09:40:00
476,136,click,2025-01-16T09:42:00
476,136,add_to_cart,2025-01-16T09:45:00
476,136,purchase,2025-01-16T09:46:00
476,136,view,2025-01-17T06:07:00
476,136,click,2025-01-17T06:09:00
476,136,add_to_cart,2025-01-17T06:11:00
476,136,purchase,2025-01-17T06:12:00
476,153,view,2025-01-17T06:18:00
476,153,click,2025-01-17T06:20:00
476,153,add_to_cart,2025-01-17T06:21:00
476,153,purchase,2025-01-17T06:23:00
476,153,review,2025-01-18T06:32:00
476,117,review,2025-01-18T09:06:00
476,136,review,2025-01-19T09:53:00
476,113,search,2025-01-19T10:41:00
476,113,view,2025-01-19T10:42:00
476,113,click,2025-01-19T10:46:00
476,113,add_to_cart,2025-01-19T10:48:00
476,113,purchase,2025-01-19T10:49:00
476,130,view,2025-01-19T10:54:00
476,130,click,2025-01-19T10:56:00
476,130,add_to_cart,2025-01-19T10:59:00
476,130,purchase,2025-01-19T11:00:00
476,145,review,2025-01-19T16:08:00
476,130,review,2025-01-26T11:08:00
477,149,search,2025-01-05T09:35:00
477,149,view,2025-01-05T09:38:00
477,149,click,2025-01-05T09:39:00
477,147,view,2025-01-05T09:41:00
477,147,click,2025-01-05T09:45:00
477,141,view,2025-01-05T09:47:00
477,19,view,2025-01-07T01:10:00
477,19,add_to_cart,2025-01-07T01:12:00
477,19,remove_cart,2025-01-07T01:13:00
477,15,view,2025-01-07T01:14:00
477,15,click,2025-01-07T01:18:00
477,13,view,2025-01-07T01:20:00
477,13,click,2025-01-07T01:24:00
477,142,view,2025-01-09T10:44:00
477,142,click,2025-01-09T10:48:00
477,142,add_to_cart,2025-01-09T10:50:00
477,142,purchase,2025-01-09T10:52:00
477,197,search,2025-01-11T07:11:00
477,197,view,2025-01-11T07:12:00
477,197,click,2025-01-11T07:13:00
477,188,view,2025-01-11T07:14:00
477,188,add_to_cart,2025-01-11T07:16:00
477,188,purchase,2025-01-11T07:18:00
477,142,review,2025-01-11T10:56:00
477,196,search,2025-01-13T03:05:00
477,196,view,2025-01-13T03:07:00
477,196,click,2025-01-13T03:11:00
477,133,search,2025-01-15T19:07:00
477,133,view,2025-01-15T19:10:00
477,133,click,2025-01-15T19:11:00
477,133,add_to_cart,2025-01-15T19:13:00
477,133,purchase,2025-01-15T19:14:00
477,176,search,2025-01-16T16:21:00
477,176,view,2025-01-16T16:23:00
477,176,click,2025-01-16T16:25:00
477,196,view,2025-01-16T16:28:00
477,178,view,2025-01-16T16:29:00
477,178,click,2025-01-16T16:32:00
477,188,review,2025-01-17T07:25:00
477,18,search,2025-01-17T11:37:00
477,18,view,2025-01-17T11:38:00
477,18,click,2025-01-17T11:41:00
477,15,view,2025-01-18T17:29:00
477,15,click,2025-01-18T17:31:00
477,13,view,2025-01-18T17:34:00
477,13,click,2025-01-18T17:38:00
477,13,add_to_cart,2025-01-18T17:40:00
477,13,purchase,2025-01-18T17:41:00
477,133,review,2025-01-29T19:23:00
478,93,search,2025-01-04T02:50:00
478,93,view,2025-01-04T02:52:00
478,93,click,2025-01-04T02:54:00
478,93,add_to_cart,2025-01-04T02:56:00
478,93,purchase,2025-01-04T02:58:00
478,108,view,2025-01-04T03:00:00
478,108,click,2025-01-04T03:03:00
478,108,add_to_cart,2025-01-04T03:05:00
478,108,purchase,2025-01-04T03:06:00
478,148,search,2025-01-06T22:59:00
478,148,view,2025-01-06T23:00:00
478,148,click,2025-01-06T23:03:00
478,145,search,2025-01-07T13:31:00
478,145,view,2025-01-07T13:32:00
478,145,add_to_cart,2025-01-07T13:36:00
478,145,purchase,2025-01-07T13:37:00
478,108,review,2025-01-08T03:18:00
478,101,search,2025-01-08T03:54:00
478,101,view,2025-01-08T03:57:00
478,101,click,2025-01-08T04:01:00
478,105,view,2025-01-08T04:03:00
478,105,click,2025-01-08T04:04:00
478,98,view,2025-01-09T13:43:00
478,98,click,2025-01-09T13:44:00
478,96,search,2025-01-11T23:24:00
478,96,view,2025-01-11T23:27:00
478,96,click,2025-01-11T23:31:00
478,96,add_to_cart,2025-01-11T23:34:00
478,96,purchase,2025-01-11T23:36:00
478,107,view,2025-01-11T23:46:00
478,107,click,2025-01-11T23:50:00
478,93,review,2025-01-13T03:00:00
478,168,search,2025-01-14T20:40:00
478,168,view,2025-01-14T20:42:00
478,163,view,2025-01-14T20:45:00
478,163,click,2025-01-14T20:46:00
478,163,add_to_cart,2025-01-14T20:49:00
478,163,remove_cart,2025-01-14T20:51:00
478,145,review,2025-01-15T13:39:00
478,88,search,2025-01-17T01:58:00
478,88,view,2025-01-17T02:00:00
478,106,view,2025-01-17T02:01:00
478,106,click,2025-01-17T02:02:00
478,106,add_to_cart,2025-01-17T02:03:00
478,106,purchase,2025-01-17T02:04:00
478,138,view,2025-01-18T01:55:00
478,138,click,2025-01-18T01:58:00
478,106,review,2025-01-22T02:08:00
479,142,search,2025-01-10T09:10:00
479,142,view,2025-01-10T09:12:00
479,142,click,2025-01-10T09:13:00
479,142,add_to_cart,2025-01-10T09:16:00
479,142,purchase,2025-01-10T09:18:00
479,65,search,2025-01-11T14:06:00
479,65,view,2025-01-11T14:09:00
479,65,click,2025-01-11T14:10:00
479,61,view,2025-01-11T14:13:00
479,61,click,2025-01-11T14:14:00
479,136,search,2025-01-13T22:55:00
479,136,view,2025-01-13T22:56:00
479,136,click,2025-01-13T22:58:00
479,45,view,2025-01-15T17:04:00
479,45,click,2025-01-15T17:08:00
479,52,view,2025-01-15T17:10:00
479,43,search,2025-01-18T00:47:00
479,43,view,2025-01-18T00:50:00
479,48,view,2025-01-18T00:54:00
479,48,click,2025-01-18T00:58:00
479,48,add_to_cart,2025-01-18T01:01:00
479,48,purchase,2025-01-18T01:03:00
479,46,view,2025-01-18T01:11:00
479,46,click,2025-01-18T01:12:00
479,46,add_to_cart,2025-01-18T01:14:00
479,46,purchase,2025-01-18T01:16:00
479,136,search,2025-01-20T19:43:00
479,136,view,2025-01-20T19:44:00
479,136,click,2025-01-20T19:45:00
479,136,view,2025-01-23T12:19:00
479,136,click,2025-01-23T12:22:00
479,46,search,2025-01-25T03:57:00
479,46,view,2025-01-25T03:59:00
479,46,click,2025-01-25T04:00:00
479,49,view,2025-01-25T04:02:00
479,46,review,2025-01-28T01:20:00
480,195,search,2025-01-08T20:28:00
480,195,view,2025-01-08T20:29:00
480,195,click,2025-01-08T20:30:00
480,192,view,2025-01-09T13:08:00
480,192,click,2025-01-09T13:12:00
480,199,view,2025-01-09T13:15:00
480,199,click,2025-01-09T13:19:00
480,199,add_to_cart,2025-01-09T13:22:00
480,199,purchase,2025-01-09T13:23:00
480,185,view,2025-01-09T13:29:00
480,185,click,2025-01-09T13:33:00
480,185,add_to_cart,2025-01-09T13:36:00
480,185,purchase,2025-01-09T13:37:00
480,127,search,2025-01-10T22:51:00
480,127,view,2025-01-10T22:54:00
480,127,click,2025-01-10T22:56:00
480,127,add_to_cart,2025-01-10T22:57:00
480,127,purchase,2025-01-10T22:58:00
480,194,search,2025-01-12T15:41:00
480,194,view,2025-01-12T15:42:00
480,198,view,2025-01-12T15:45:00
480,198,click,2025-01-12T15:47:00
480,22,search,2025-01-14T00:42:00
480,22,view,2025-01-14T00:44:00
480,22,click,2025-01-14T00:47:00
480,22,add_to_cart,2025-01-14T00:50:00
480,22,purchase,2025-01-14T00:52:00
480,2,view,2025-01-14T01:04:00
480,2,click,2025-01-14T01:06:00
480,116,search,2025-01-14T13:37:00
480,116,view,2025-01-14T13:38:00
480,112,view,2025-01-14T13:41:00
480,112,click,2025-01-14T13:45:00
480,112,add_to_cart,2025-01-14T13:46:00
480,112,purchase,2025-01-14T13:47:00
480,22,review,2025-01-17T01:04:00
480,18,search,2025-01-17T10:47:00
480,18,view,2025-01-17T10:50:00
480,18,click,2025-01-17T10:52:00
480,18,add_to_cart,2025-01-17T10:55:00
480,18,remove_cart,2025-01-17T10:57:00
480,16,view,2025-01-17T10:58:00
480,16,click,2025-01-17T11:02:00
480,2,view,2025-01-17T11:05:00
480,2,click,2025-01-17T11:06:00
480,185,review,2025-01-19T13:41:00
480,127,review,2025-01-24T23:01:00
480,112,review,2025-01-28T13:58:00
481,168,search,2025-01-13T07:41:00
481,168,view,2025-01-13T07:43:00
481,168,click,2025-01-13T07:47:00
481,165,view,2025-01-13T07:50:00
481,165,click,2025-01-13T07:51:00
481,174,view,2025-01-13T07:53:00
481,174,click,2025-01-13T07:56:00
481,174,add_to_cart,2025-01-13T07:58:00
481,174,remove_cart,2025-01-13T07:59:00
481,81,search,2025-01-14T00:29:00
481,81,view,2025-01-14T00:31:00
481,81,click,2025-01-14T00:35:00
481,68,view,2025-01-14T00:38:00
481,68,click,2025-01-14T00:41:00
481,79,view,2025-01-14T00:42:00
481,79,click,2025-01-14T00:46:00
481,26,search,2025-01-16T06:42:00
481,26,view,2025-01-16T06:44:00
481,26,click,2025-01-16T06:46:00
481,26,add_to_cart,2025-01-16T06:47:00
481,26,purchase,2025-01-16T06:48:00
481,31,view,2025-01-16T07:00:00
481,31,click,2025-01-16T07:02:00
481,31,add_to_cart,2025-01-16T07:05:00
481,31,purchase,2025-01-16T07:07:00
481,28,view,2025-01-16T07:10:00
481,28,click,2025-01-16T07:11:00
481,25,view,2025-01-19T00:14:00
481,25,click,2025-01-19T00:16:00
481,25,add_to_cart,2025-01-19T00:18:00
481,25,purchase,2025-01-19T00:20:00
481,85,search,2025-01-20T09:48:00
481,85,view,2025-01-20T09:51:00
481,85,click,2025-01-20T09:52:00
481,33,view,2025-01-22T03:17:00
481,33,click,2025-01-22T03:19:00
481,25,view,2025-01-22T03:20:00
481,25,click,2025-01-22T03:22:00
481,31,review,2025-01-23T07:10:00
481,160,search,2025-01-24T07:09:00
481,160,view,2025-01-24T07:10:00
481,160,click,2025-01-24T07:11:00
481,165,view,2025-01-24T07:12:00
481,165,click,2025-01-24T07:13:00
481,173,search,2025-01-27T02:53:00
481,173,view,2025-01-27T02:56:00
481,173,click,2025-01-27T02:59:00
481,173,add_to_cart,2025-01-27T03:01:00
481,173,remove_cart,2025-01-27T03:02:00
481,66,search,2025-01-27T19:00:00
481,66,view,2025-01-27T19:01:00
481,66,add_to_cart,2025-01-27T19:02:00
481,66,purchase,2025-01-27T19:04:00
481,80,view,2025-01-27T19:15:00
481,80,click,2025-01-27T19:18:00
481,80,add_to_cart,2025-01-27T19:20:00
481,80,purchase,2025-01-27T19:22:00
481,68,view,2025-01-27T19:29:00
481,68,click,2025-01-27T19:33:00
481,72,search,2025-01-30T17:26:00
481,72,view,2025-01-30T17:27:00
481,72,click,2025-01-30T17:28:00
481,72,add_to_cart,2025-01-30T17:30:00
481,72,purchase,2025-01-30T17:31:00
481,66,review,2025-02-04T19:15:00
482,142,search,2025-01-10T16:44:00
482,142,view,2025-01-10T16:47:00
482,161,search,2025-01-12T13:59:00
482,161,view,2025-01-12T14:01:00
482,161,click,2025-01-12T14:04:00
482,160,view,2025-01-12T14:06:00
482,160,click,2025-01-12T14:10:00
482,160,add_to_cart,2025-01-12T14:11:00
482,160,purchase,2025-01-12T14:12:00
482,167,view,2025-01-12T14:20:00
482,167,click,2025-01-12T14:24:00
482,162,view,2025-01-14T12:03:00
482,162,add_to_cart,2025-01-14T12:05:00
482,162,purchase,2025-01-14T12:06:00
482,162,view,2025-01-15T04:55:00
482,162,click,2025-01-15T04:58:00
482,168,view,2025-01-15T05:00:00
482,168,click,2025-01-15T05:04:00
482,154,view,2025-01-15T05:06:00
482,154,click,2025-01-15T05:08:00
482,154,add_to_cart,2025-01-15T05:09:00
482,154,purchase,2025-01-15T05:11:00
482,114,search,2025-01-17T22:09:00
482,114,view,2025-01-17T22:10:00
482,114,click,2025-01-17T22:11:00
482,118,view,2025-01-17T22:14:00
482,118,click,2025-01-17T22:16:00
482,110,view,2025-01-17T22:17:00
482,110,add_to_cart,2025-01-17T22:20:00
482,110,purchase,2025-01-17T22:21:00
482,131,search,2025-01-20T06:17:00
482,131,view,2025-01-20T06:18:00
482,131,click,2025-01-20T06:21:00
482,114,view,2025-01-20T06:23:00
482,114,click,2025-01-20T06:26:00
482,110,review,2025-01-22T22:33:00
482,162,review,2025-01-24T12:13:00
483,69,search,2025-01-04T23:37:00
483,69,view,2025-01-04T23:40:00
483,69,click,2025-01-04T23:44:00
483,25,search,2025-01-07T12:11:00
483,25,view,2025-01-07T12:14:00
483,25,click,2025-01-07T12:16:00
483,37,view,2025-01-08T09:57:00
483,37,click,2025-01-08T10:00:00
483,37,add_to_cart,2025-01-08T10:02:00
483,37,purchase,2025-01-08T10:03:00
483,36,view,2025-01-08T10:12:00
483,36,click,2025-01-08T10:16:00
483,36,add_to_cart,2025-01-08T10:17:00
483,36,purchase,2025-01-08T10:18:00
483,199,view,2025-01-10T15:36:00
483,199,click,2025-01-10T15:40:00
483,192,view,2025-01-10T15:43:00
483,192,click,2025-01-10T15:45:00
483,192,add_to_cart,2025-01-10T15:48:00
483,192,remove_cart,2025-01-10T15:50:00
483,37,view,2025-01-11T08:57:00
483,37,click,2025-01-11T09:00:00
483,37,add_to_cart,2025-01-11T09:03:00
483,37,purchase,2025-01-11T09:05:00
483,29,view,2025-01-11T09:12:00
483,29,add_to_cart,2025-01-11T09:15:00
483,29,purchase,2025-01-11T09:16:00
483,26,view,2025-01-11T09:19:00
483,26,add_to_cart,2025-01-11T09:22:00
483,26,purchase,2025-01-11T09:24:00
483,27,view,2025-01-13T00:29:00
483,27,click,2025-01-13T00:32:00
483,27,add_to_cart,2025-01-13T00:35:00
483,27,remove_cart,2025-01-13T00:37:00
483,24,view,2025-01-13T00:38:00
483,24,click,2025-01-13T00:41:00
483,32,view,2025-01-13T00:44:00
483,32,click,2025-01-13T00:45:00
483,42,search,2025-01-15T15:45:00
483,42,view,2025-01-15T15:48:00
483,42,click,2025-01-15T15:49:00
483,38,view,2025-01-15T15:51:00
483,26,view,2025-01-15T15:54:00
483,26,click,2025-01-15T15:58:00
483,26,add_to_cart,2025-01-15T15:59:00
483,26,purchase,2025-01-15T16:00:00
483,37,review,2025-01-16T09:12:00
483,178,search,2025-01-16T15:04:00
483,178,view,2025-01-16T15:06:00
483,178,click,2025-01-16T15:08:00
483,178,add_to_cart,2025-01-16T15:09:00
483,178,purchase,2025-01-16T15:10:00
483,183,view,2025-01-16T15:13:00
483,183,click,2025-01-16T15:17:00
483,176,view,2025-01-18T09:32:00
483,176,click,2025-01-18T09:36:00
483,84,view,2025-01-20T02:16:00
483,84,click,2025-01-20T02:20:00
483,84,add_to_cart,2025-01-20T02:23:00
483,84,purchase,2025-01-20T02:24:00
483,37,review,2025-01-21T10:12:00
483,84,review,2025-01-22T02:32:00
483,26,review,2025-01-27T16:02:00
484,109,search,2025-01-11T20:31:00
484,109,view,2025-01-11T20:33:00
484,99,view,2025-01-11T20:35:00
484,99,add_to_cart,2025-01-11T20:36:00
484,99,purchase,2025-01-11T20:37:00
484,102,search,2025-01-13T23:34:00
484,102,view,2025-01-13T23:35:00
484,102,click,2025-01-13T23:39:00
484,108,view,2025-01-13T23:41:00
484,88,view,2025-01-13T23:44:00
484,88,click,2025-01-13T23:47:00
484,80,search,2025-01-15T20:43:00
484,80,view,2025-01-15T20:45:00
484,80,click,2025-01-15T20:48:00
484,80,add_to_cart,2025-01-15T20:51:00
484,80,purchase,2025-01-15T20:52:00
484,73,search,2025-01-16T09:02:00
484,73,view,2025-01-16T09:05:00
484,73,click,2025-01-16T09:09:00
484,81,view,2025-01-16T09:12:00
484,81,click,2025-01-16T09:14:00
484,99,review,2025-01-17T20:41:00
484,92,search,2025-01-18T11:48:00
484,92,view,2025-01-18T11:51:00
484,92,click,2025-01-18T11:52:00
484,109,view,2025-01-18T11:55:00
484,109,click,2025-01-18T11:57:00
484,99,view,2025-01-18T11:59:00
484,99,click,2025-01-18T12:02:00
484,99,add_to_cart,2025-01-18T12:04:00
484,99,purchase,2025-01-18T12:05:00
484,99,review,2025-01-19T12:13:00
484,68,search,2025-01-20T21:22:00
484,68,view,2025-01-20T21:24:00
484,68,click,2025-01-20T21:28:00
484,68,add_to_cart,2025-01-20T21:30:00
484,68,purchase,2025-01-20T21:31:00
484,70,view,2025-01-20T21:39:00
484,70,click,2025-01-20T21:43:00
484,70,add_to_cart,2025-01-20T21:44:00
484,70,purchase,2025-01-20T21:46:00
484,82,view,2025-01-20T21:50:00
484,82,click,2025-01-20T21:54:00
484,82,add_to_cart,2025-01-20T21:55:00
484,82,purchase,2025-01-20T21:56:00
484,42,view,2025-01-22T04:05:00
484,42,click,2025-01-22T04:09:00
484,31,view,2025-01-22T04:12:00
484,31,click,2025-01-22T04:16:00
484,30,view,2025-01-22T04:19:00
484,30,click,2025-01-22T04:23:00
484,82,search,2025-01-22T18:07:00
484,82,view,2025-01-22T18:09:00
484,82,click,2025-01-22T18:10:00
484,82,add_to_cart,2025-01-22T18:13:00
484,82,purchase,2025-01-22T18:15:00
484,79,view,2025-01-22T18:17:00
484,79,click,2025-01-22T18:21:00
484,79,add_to_cart,2025-01-22T18:23:00
484,79,purchase,2025-01-22T18:24:00
484,106,view,2025-01-25T00:47:00
484,106,click,2025-01-25T00:48:00
484,106,add_to_cart,2025-01-25T00:49:00
484,106,purchase,2025-01-25T00:51:00
484,89,view,2025-01-25T01:02:00
484,89,click,2025-01-25T01:05:00
484,90,view,2025-01-25T01:06:00
484,90,click,2025-01-25T01:08:00
484,90,add_to_cart,2025-01-25T01:09:00
484,90,purchase,2025-01-25T01:10:00
484,72,search,2025-01-26T00:58:00
484,72,view,2025-01-26T00:59:00
484,72,click,2025-01-26T01:03:00
484,70,view,2025-01-26T01:05:00
484,70,click,2025-01-26T01:07:00
484,70,add_to_cart,2025-01-26T01:08:00
484,70,purchase,2025-01-26T01:09:00
484,70,review,2025-01-27T21:50:00
484,90,review,2025-02-06T01:12:00
485,88,view,2025-01-08T05:40:00
485,88,click,2025-01-08T05:41:00
485,88,add_to_cart,2025-01-08T05:43:00
485,88,purchase,2025-01-08T05:44:00
485,129,search,2025-01-10T12:58:00
485,129,view,2025-01-10T12:59:00
485,129,click,2025-01-10T13:03:00
485,129,add_to_cart,2025-01-10T13:04:00
485,129,purchase,2025-01-10T13:06:00
485,120,view,2025-01-10T13:08:00
485,120,click,2025-01-10T13:12:00
485,120,add_to_cart,2025-01-10T13:15:00
485,120,purchase,2025-01-10T13:16:00
485,194,search,2025-01-12T02:46:00
485,194,view,2025-01-12T02:48:00
485,119,view,2025-01-12T20:26:00
485,119,click,2025-01-12T20:30:00
485,119,add_to_cart,2025-01-12T20:33:00
485,119,remove_cart,2025-01-12T20:34:00
485,120,view,2025-01-12T20:36:00
485,120,click,2025-01-12T20:40:00
485,114,search,2025-01-13T23:37:00
485,114,view,2025-01-13T23:40:00
485,119,view,2025-01-13T23:41:00
485,119,click,2025-01-13T23:42:00
485,120,review,2025-01-15T13:27:00
485,107,view,2025-01-16T10:26:00
485,107,click,2025-01-16T10:30:00
485,100,view,2025-01-16T10:32:00
485,100,click,2025-01-16T10:33:00
485,100,add_to_cart,2025-01-16T10:36:00
485,100,purchase,2025-01-16T10:38:00
485,99,view,2025-01-16T10:45:00
485,88,review,2025-01-17T05:50:00
485,100,review,2025-01-18T10:45:00
485,129,review,2025-01-18T13:08:00
486,147,search,2025-01-03T09:24:00
486,147,view,2025-01-03T09:27:00
486,147,click,2025-01-03T09:28:00
486,147,add_to_cart,2025-01-03T09:31:00
486,147,purchase,2025-01-03T09:32:00
486,134,view,2025-01-03T09:42:00
486,134,click,2025-01-03T09:44:00
486,76,search,2025-01-05T20:31:00
486,76,view,2025-01-05T20:33:00
486,76,click,2025-01-05T20:34:00
486,76,add_to_cart,2025-01-05T20:36:00
486,76,purchase,2025-01-05T20:37:00
486,70,search,2025-01-07T06:38:00
486,70,view,2025-01-07T06:40:00
486,70,add_to_cart,2025-01-07T06:42:00
486,70,purchase,2025-01-07T06:43:00
486,76,review,2025-01-08T20:48:00
486,144,search,2025-01-09T12:51:00
486,144,view,2025-01-09T12:53:00
486,144,click,2025-01-09T12:57:00
486,137,view,2025-01-09T12:58:00
486,137,click,2025-01-09T12:59:00
486,134,search,2025-01-12T06:06:00
486,134,view,2025-01-12T06:09:00
486,134,click,2025-01-12T06:11:00
486,134,add_to_cart,2025-01-12T06:13:00
486,134,purchase,2025-01-12T06:15:00
486,136,search,2025-01-15T02:27:00
486,136,view,2025-01-15T02:28:00
486,136,click,2025-01-15T02:29:00
486,136,add_to_cart,2025-01-15T02:31:00
486,136,purchase,2025-01-15T02:33:00
486,146,view,2025-01-15T02:41:00
486,146,click,2025-01-15T02:42:00
486,146,add_to_cart,2025-01-15T02:45:00
486,146,purchase,2025-01-15T02:47:00
486,153,view,2025-01-15T02:54:00
486,153,click,2025-01-15T02:57:00
486,146,review,2025-01-16T02:54:00
486,77,view,2025-01-16T08:04:00
486,77,click,2025-01-16T08:08:00
486,77,add_to_cart,2025-01-16T08:11:00
486,77,remove_cart,2025-01-16T08:12:00
486,75,view,2025-01-16T08:13:00
486,75,click,2025-01-16T08:16:00
486,75,add_to_cart,2025-01-16T08:19:00
486,75,purchase,2025-01-16T08:20:00
486,78,view,2025-01-16T08:30:00
486,78,click,2025-01-16T08:33:00
486,78,add_to_cart,2025-01-16T08:36:00
486,78,purchase,2025-01-16T08:38:00
486,133,search,2025-01-17T22:50:00
486,133,view,2025-01-17T22:52:00
486,133,add_to_cart,2025-01-17T22:55:00
486,133,purchase,2025-01-17T22:56:00
486,143,view,2025-01-17T22:58:00
486,143,click,2025-01-17T22:59:00
486,143,add_to_cart,2025-01-17T23:01:00
486,143,remove_cart,2025-01-17T23:03:00
486,70,review,2025-01-21T06:49:00
486,136,review,2025-01-24T02:41:00
486,134,review,2025-01-25T06:22:00
486,75,review,2025-01-26T08:30:00
487,113,search,2025-01-06T06:49:00
487,113,view,2025-01-06T06:51:00
487,113,click,2025-01-06T06:54:00
487,110,view,2025-01-06T06:57:00
487,110,click,2025-01-06T06:58:00
487,13,search,2025-01-08T00:53:00
487,13,view,2025-01-08T00:55:00
487,13,click,2025-01-08T00:56:00
487,13,add_to_cart,2025-01-08T00:58:00
487,13,purchase,2025-01-08T00:59:00
487,2,view,2025-01-08T01:05:00
487,2,click,2025-01-08T01:09:00
487,16,view,2025-01-08T01:12:00
487,16,click,2025-01-08T01:15:00
487,153,search,2025-01-09T10:24:00
487,153,view,2025-01-09T10:27:00
487,153,click,2025-01-09T10:28:00
487,132,view,2025-01-09T10:31:00
487,132,click,2025-01-09T10:32:00
487,150,view,2025-01-09T10:33:00
487,150,click,2025-01-09T10:35:00
487,120,search,2025-01-10T12:43:00
487,120,view,2025-01-10T12:44:00
487,120,click,2025-01-10T12:45:00
487,120,add_to_cart,2025-01-10T12:46:00
487,120,purchase,2025-01-10T12:47:00
487,113,view,2025-01-10T12:51:00
487,113,click,2025-01-10T12:55:00
487,111,view,2025-01-10T12:58:00
487,111,click,2025-01-10T13:02:00
487,126,search,2025-01-11T04:43:00
487,126,view,2025-01-11T04:44:00
487,126,click,2025-01-11T04:45:00
487,14,view,2025-01-12T04:04:00
487,14,click,2025-01-12T04:07:00
487,16,view,2025-01-12T04:09:00
487,16,click,2025-01-12T04:13:00
487,16,add_to_cart,2025-01-12T04:14:00
487,16,purchase,2025-01-12T04:16:00
487,6,view,2025-01-12T04:19:00
487,6,click,2025-01-12T04:20:00
487,13,review,2025-01-13T01:05:00
487,152,search,2025-01-13T14:19:00
487,152,view,2025-01-13T14:22:00
487,133,view,2025-01-13T14:24:00
487,133,click,2025-01-13T14:27:00
487,133,add_to_cart,2025-01-13T14:29:00
487,133,purchase,2025-01-13T14:31:00
487,16,review,2025-01-14T04:19:00
487,142,view,2025-01-15T18:33:00
487,142,click,2025-01-15T18:35:00
487,142,add_to_cart,2025-01-15T18:38:00
487,142,purchase,2025-01-15T18:39:00
487,138,view,2025-01-15T18:51:00
487,138,click,2025-01-15T18:54:00
487,138,add_to_cart,2025-01-15T18:56:00
487,138,purchase,2025-01-15T18:57:00
487,150,view,2025-01-15T19:04:00
487,150,add_to_cart,2025-01-15T19:08:00
487,150,purchase,2025-01-15T19:09:00
487,150,review,2025-01-16T19:11:00
487,19,search,2025-01-17T06:17:00
487,19,view,2025-01-17T06:18:00
487,14,view,2025-01-17T06:22:00
487,14,click,2025-01-17T06:26:00
487,133,review,2025-01-17T14:38:00
487,142,review,2025-01-17T18:51:00
487,120,review,2025-01-18T12:51:00
488,22,view,2025-01-02T20:17:00
488,22,click,2025-01-02T20:18:00
488,22,add_to_cart,2025-01-02T20:20:00
488,22,purchase,2025-01-02T20:22:00
488,81,view,2025-01-05T10:48:00
488,81,click,2025-01-05T10:49:00
488,81,add_to_cart,2025-01-05T10:50:00
488,81,purchase,2025-01-05T10:51:00
488,194,search,2025-01-07T12:33:00
488,194,view,2025-01-07T12:34:00
488,194,click,2025-01-07T12:37:00
488,194,add_to_cart,2025-01-07T12:38:00
488,194,purchase,2025-01-07T12:39:00
488,14,search,2025-01-09T15:08:00
488,14,view,2025-01-09T15:09:00
488,14,click,2025-01-09T15:10:00
488,7,view,2025-01-09T15:12:00
488,7,click,2025-01-09T15:16:00
488,7,add_to_cart,2025-01-09T15:18:00
488,7,purchase,2025-01-09T15:20:00
488,11,view,2025-01-09T15:29:00
488,11,add_to_cart,2025-01-09T15:32:00
488,11,remove_cart,2025-01-09T15:34:00
488,66,search,2025-01-10T10:45:00
488,66,view,2025-01-10T10:48:00
488,66,click,2025-01-10T10:49:00
488,72,view,2025-01-10T10:50:00
488,72,click,2025-01-10T10:51:00
488,72,add_to_cart,2025-01-10T10:53:00
488,72,purchase,2025-01-10T10:54:00
488,181,search,2025-01-11T22:23:00
488,181,view,2025-01-11T22:24:00
488,181,click,2025-01-11T22:28:00
488,181,add_to_cart,2025-01-11T22:31:00
488,181,purchase,2025-01-11T22:32:00
488,180,view,2025-01-11T22:38:00
488,180,click,2025-01-11T22:41:00
488,180,add_to_cart,2025-01-11T22:43:00
488,180,purchase,2025-01-11T22:45:00
488,10,view,2025-01-13T19:57:00
488,10,add_to_cart,2025-01-13T19:58:00
488,10,purchase,2025-01-13T19:59:00
488,11,view,2025-01-13T20:01:00
488,11,click,2025-01-13T20:02:00
488,7,view,2025-01-13T20:05:00
488,7,click,2025-01-13T20:07:00
488,181,review,2025-01-13T22:38:00
488,81,view,2025-01-14T17:14:00
488,81,click,2025-01-14T17:15:00
488,184,search,2025-01-15T08:20:00
488,184,view,2025-01-15T08:23:00
488,184,click,2025-01-15T08:25:00
488,184,add_to_cart,2025-01-15T08:28:00
488,184,purchase,2025-01-15T08:29:00
488,177,view,2025-01-15T08:37:00
488,177,click,2025-01-15T08:39:00
488,177,add_to_cart,2025-01-15T08:40:00
488,177,purchase,2025-01-15T08:42:00
488,72,review,2025-01-15T11:00:00
488,7,review,2025-01-16T15:29:00
488,82,search,2025-01-17T09:51:00
488,82,view,2025-01-17T09:53:00
488,82,click,2025-01-17T09:57:00
488,184,review,2025-01-18T08:37:00
488,194,review,2025-01-20T12:50:00
489,58,search,2025-01-12T22:11:00
489,58,view,2025-01-12T22:13:00
489,58,click,2025-01-12T22:17:00
489,63,view,2025-01-12T22:19:00
489,63,click,2025-01-12T22:21:00
489,63,add_to_cart,2025-01-12T22:22:00
489,63,purchase,2025-01-12T22:24:00
489,52,view,2025-01-12T22:32:00
489,52,click,2025-01-12T22:35:00
489,63,review,2025-01-13T22:32:00
489,83,search,2025-01-14T08:14:00
489,83,view,2025-01-14T08:17:00
489,83,click,2025-01-14T08:18:00
489,82,view,2025-01-14T08:20:00
489,82,click,2025-01-14T08:23:00
489,29,view,2025-01-15T04:14:00
489,29,click,2025-01-15T04:15:00
489,26,view,2025-01-15T04:16:00
489,26,click,2025-01-15T04:18:00
489,46,search,2025-01-18T01:47:00
489,46,view,2025-01-18T01:49:00
489,46,click,2025-01-18T01:50:00
489,63,view,2025-01-18T01:53:00
489,63,click,2025-01-18T01:54:00
489,39,search,2025-01-18T20:04:00
489,39,view,2025-01-18T20:05:00
489,39,click,2025-01-18T20:06:00
489,30,view,2025-01-18T20:07:00
489,30,click,2025-01-18T20:10:00
489,29,view,2025-01-18T20:13:00
489,29,click,2025-01-18T20:17:00
489,29,add_to_cart,2025-01-18T20:18:00
489,29,remove_cart,2025-01-18T20:20:00
489,24,search,2025-01-20T19:20:00
489,24,view,2025-01-20T19:22:00
489,24,click,2025-01-20T19:25:00
489,24,add_to_cart,2025-01-20T19:28:00
489,24,purchase,2025-01-20T19:29:00
489,49,search,2025-01-23T09:04:00
489,49,view,2025-01-23T09:06:00
489,49,click,2025-01-23T09:09:00
489,55,view,2025-01-23T09:11:00
489,55,click,2025-01-23T09:13:00
489,51,view,2025-01-23T09:15:00
489,51,click,2025-01-23T09:18:00
489,51,add_to_cart,2025-01-23T09:19:00
489,51,purchase,2025-01-23T09:21:00
489,24,search,2025-01-24T07:55:00
489,24,view,2025-01-24T07:57:00
489,24,click,2025-01-24T07:59:00
489,24,add_to_cart,2025-01-24T08:00:00
489,24,purchase,2025-01-24T08:02:00
489,38,view,2025-01-24T08:11:00
489,38,click,2025-01-24T08:13:00
489,41,view,2025-01-24T08:14:00
489,41,click,2025-01-24T08:15:00
489,41,add_to_cart,2025-01-24T08:16:00
489,41,remove_cart,2025-01-24T08:18:00
489,24,review,2025-01-24T19:37:00
489,51,review,2025-02-03T09:29:00
490,185,search,2025-01-04T22:39:00
490,185,view,2025-01-04T22:40:00
490,185,click,2025-01-04T22:44:00
490,192,view,2025-01-04T22:46:00
490,192,click,2025-01-04T22:50:00
490,186,view,2025-01-04T22:51:00
490,186,click,2025-01-04T22:53:00
490,57,view,2025-01-07T06:07:00
490,57,click,2025-01-07T06:09:00
490,43,view,2025-01-07T06:11:00
490,43,click,2025-01-07T06:13:00
490,43,add_to_cart,2025-01-07T06:14:00
490,43,purchase,2025-01-07T06:16:00
490,35,search,2025-01-09T22:29:00
490,35,view,2025-01-09T22:30:00
490,35,click,2025-01-09T22:33:00
490,34,view,2025-01-09T22:34:00
490,34,click,2025-01-09T22:36:00
490,37,search,2025-01-11T00:57:00
490,37,view,2025-01-11T00:58:00
490,37,click,2025-01-11T01:02:00
490,24,view,2025-01-11T01:04:00
490,24,click,2025-01-11T01:08:00
490,24,add_to_cart,2025-01-11T01:09:00
490,24,purchase,2025-01-11T01:11:00
490,40,view,2025-01-11T01:20:00
490,40,click,2025-01-11T01:23:00
490,193,search,2025-01-12T22:14:00
490,193,view,2025-01-12T22:17:00
490,193,click,2025-01-12T22:18:00
490,193,add_to_cart,2025-01-12T22:19:00
490,193,purchase,2025-01-12T22:21:00
490,183,view,2025-01-12T22:27:00
490,183,click,2025-01-12T22:28:00
490,188,view,2025-01-12T22:30:00
490,42,search,2025-01-13T15:13:00
490,42,view,2025-01-13T15:15:00
490,42,click,2025-01-13T15:18:00
490,42,add_to_cart,2025-01-13T15:20:00
490,42,purchase,2025-01-13T15:21:00
490,29,search,2025-01-16T10:52:00
490,29,view,2025-01-16T10:53:00
490,38,view,2025-01-16T10:57:00
490,38,add_to_cart,2025-01-16T10:59:00
490,38,purchase,2025-01-16T11:00:00
490,35,search,2025-01-17T12:09:00
490,35,view,2025-01-17T12:12:00
490,35,click,2025-01-17T12:14:00
490,51,search,2025-01-19T16:40:00
490,51,view,2025-01-19T16:43:00
490,51,click,2025-01-19T16:45:00
490,50,view,2025-01-19T16:46:00
490,50,add_to_cart,2025-01-19T16:47:00
490,50,remove_cart,2025-01-19T16:49:00
490,193,review,2025-01-21T22:27:00
490,42,review,2025-01-23T15:26:00
491,22,search,2025-01-09T06:24:00
491,22,view,2025-01-09T06:27:00
491,22,click,2025-01-09T06:30:00
491,22,add_to_cart,2025-01-09T06:31:00
491,22,purchase,2025-01-09T06:32:00
491,154,search,2025-01-10T22:54:00
491,154,view,2025-01-10T22:57:00
491,154,click,2025-01-10T23:01:00
491,156,search,2025-01-13T20:51:00
491,156,view,2025-01-13T20:54:00
491,156,click,2025-01-13T20:55:00
491,155,view,2025-01-13T20:57:00
491,155,click,2025-01-13T21:00:00
491,155,add_to_cart,2025-01-13T21:02:00
491,155,purchase,2025-01-13T21:04:00
491,107,search,2025-01-14T13:41:00
491,107,view,2025-01-14T13:43:00
491,107,click,2025-01-14T13:44:00
491,107,add_to_cart,2025-01-14T13:45:00
491,107,purchase,2025-01-14T13:46:00
491,22,review,2025-01-16T06:38:00
491,94,view,2025-01-16T12:46:00
491,94,click,2025-01-16T12:48:00
491,94,add_to_cart,2025-01-16T12:50:00
491,94,remove_cart,2025-01-16T12:51:00
491,107,review,2025-01-17T13:53:00
491,97,search,2025-01-19T07:56:00
491,97,view,2025-01-19T07:59:00
491,97,click,2025-01-19T08:02:00
491,108,view,2025-01-19T08:05:00
491,108,click,2025-01-19T08:06:00
491,108,add_to_cart,2025-01-19T08:08:00
491,108,remove_cart,2025-01-19T08:10:00
491,103,view,2025-01-19T08:11:00
491,103,click,2025-01-19T08:12:00
491,12,search,2025-01-22T06:45:00
491,12,view,2025-01-22T06:46:00
491,12,click,2025-01-22T06:48:00
491,95,search,2025-01-25T07:02:00
491,95,view,2025-01-25T07:05:00
491,95,click,2025-01-25T07:07:00
491,88,view,2025-01-25T07:08:00
491,88,click,2025-01-25T07:12:00
491,166,search,2025-01-27T12:11:00
491,166,view,2025-01-27T12:13:00
491,166,click,2025-01-27T12:14:00
491,166,add_to_cart,2025-01-27T12:15:00
491,166,purchase,2025-01-27T12:16:00
491,157,view,2025-01-27T12:18:00
491,157,click,2025-01-27T12:19:00
491,158,view,2025-01-27T12:22:00
491,158,click,2025-01-27T12:25:00
491,158,add_to_cart,2025-01-27T12:28:00
491,158,purchase,2025-01-27T12:29:00
491,12,view,2025-01-28T13:34:00
491,12,click,2025-01-28T13:35:00
491,12,add_to_cart,2025-01-28T13:36:00
491,12,remove_cart,2025-01-28T13:38:00
492,161,search,2025-01-10T23:14:00
492,161,view,2025-01-10T23:16:00
492,161,click,2025-01-10T23:19:00
492,197,search,2025-01-12T18:03:00
492,197,view,2025-01-12T18:04:00
492,197,click,2025-01-12T18:08:00
492,178,view,2025-01-12T18:09:00
492,178,click,2025-01-12T18:11:00
492,199,view,2025-01-12T18:13:00
492,199,click,2025-01-12T18:16:00
492,198,search,2025-01-13T23:13:00
492,198,view,2025-01-13T23:14:00
492,198,click,2025-01-13T23:17:00
492,198,add_to_cart,2025-01-13T23:18:00
492,198,remove_cart,2025-01-13T23:19:00
492,26,view,2025-01-16T19:24:00
492,26,add_to_cart,2025-01-16T19:28:00
492,26,remove_cart,2025-01-16T19:29:00
492,42,view,2025-01-16T19:31:00
492,42,click,2025-01-16T19:32:00
492,42,add_to_cart,2025-01-16T19:34:00
492,42,purchase,2025-01-16T19:35:00
492,31,view,2025-01-16T19:46:00
492,31,click,2025-01-16T19:49:00
492,31,add_to_cart,2025-01-16T19:51:00
492,31,remove_cart,2025-01-16T19:52:00
492,161,view,2025-01-17T22:04:00
492,161,click,2025-01-17T22:06:00
492,161,add_to_cart,2025-01-17T22:08:00
492,161,purchase,2025-01-17T22:09:00
492,159,view,2025-01-17T22:20:00
492,174,view,2025-01-17T22:22:00
492,174,click,2025-01-17T22:25:00
492,198,search,2025-01-19T06:58:00
492,198,view,2025-01-19T06:59:00
492,198,click,2025-01-19T07:01:00
492,31,search,2025-01-21T06:39:00
492,31,view,2025-01-21T06:40:00
492,31,click,2025-01-21T06:44:00
492,40,search,2025-01-23T03:46:00
492,40,view,2025-01-23T03:47:00
492,40,click,2025-01-23T03:48:00
492,180,search,2025-01-23T19:26:00
492,180,view,2025-01-23T19:29:00
492,180,click,2025-01-23T19:30:00
492,180,add_to_cart,2025-01-23T19:31:00
492,180,purchase,2025-01-23T19:32:00
492,188,view,2025-01-23T19:40:00
492,188,click,2025-01-23T19:44:00
492,188,add_to_cart,2025-01-23T19:45:00
492,42,review,2025-01-23T19:46:00
492,188,remove_cart,2025-01-23T19:46:00
492,179,view,2025-01-23T19:47:00
492,179,click,2025-01-23T19:49:00
492,37,search,2025-01-25T19:52:00
492,37,view,2025-01-25T19:54:00
492,32,view,2025-01-25T19:57:00
492,32,click,2025-01-25T20:01:00
492,32,add_to_cart,2025-01-25T20:03:00
492,32,purchase,2025-01-25T20:05:00
492,32,review,2025-01-28T20:13:00
492,180,review,2025-01-30T19:40:00
493,91,view,2025-01-08T03:34:00
493,91,click,2025-01-08T03:35:00
493,106,search,2025-01-10T06:50:00
493,106,view,2025-01-10T06:53:00
493,106,click,2025-01-10T06:55:00
493,106,add_to_cart,2025-01-10T06:57:00
493,106,purchase,2025-01-10T06:58:00
493,140,view,2025-01-10T20:07:00
493,140,click,2025-01-10T20:10:00
493,133,search,2025-01-11T12:54:00
493,133,view,2025-01-11T12:57:00
493,133,click,2025-01-11T13:01:00
493,58,search,2025-01-12T22:44:00
493,58,view,2025-01-12T22:47:00
493,58,click,2025-01-12T22:51:00
493,46,view,2025-01-12T22:52:00
493,46,click,2025-01-12T22:54:00
493,46,view,2025-01-14T10:37:00
493,46,click,2025-01-14T10:40:00
493,60,view,2025-01-14T10:41:00
493,60,click,2025-01-14T10:44:00
493,60,add_to_cart,2025-01-14T10:47:00
493,60,purchase,2025-01-14T10:49:00
493,59,view,2025-01-14T10:54:00
493,59,click,2025-01-14T10:58:00
493,133,search,2025-01-15T20:45:00
493,133,view,2025-01-15T20:47:00
493,133,add_to_cart,2025-01-15T20:49:00
493,133,remove_cart,2025-01-15T20:51:00
493,134,view,2025-01-15T20:53:00
493,134,click,2025-01-15T20:56:00
493,44,search,2025-01-18T07:19:00
493,44,view,2025-01-18T07:21:00
493,44,click,2025-01-18T07:22:00
493,44,add_to_cart,2025-01-18T07:24:00
493,44,purchase,2025-01-18T07:26:00
493,46,search,2025-01-20T06:01:00
493,46,view,2025-01-20T06:03:00
493,46,click,2025-01-20T06:04:00
493,46,add_to_cart,2025-01-20T06:07:00
493,46,purchase,2025-01-20T06:09:00
493,46,search,2025-01-22T01:58:00
493,46,view,2025-01-22T02:00:00
493,46,add_to_cart,2025-01-22T02:02:00
493,46,purchase,2025-01-22T02:03:00
493,47,view,2025-01-22T02:11:00
493,47,click,2025-01-22T02:13:00
493,65,view,2025-01-22T02:15:00
493,65,click,2025-01-22T02:18:00
493,60,review,2025-01-24T10:54:00
493,46,review,2025-01-31T06:12:00
494,167,search,2025-01-06T02:14:00
494,167,view,2025-01-06T02:16:00
494,167,click,2025-01-06T02:18:00
494,174,view,2025-01-09T02:41:00
494,168,view,2025-01-09T02:45:00
494,168,click,2025-01-09T02:46:00
494,168,add_to_cart,2025-01-09T02:47:00
494,168,purchase,2025-01-09T02:49:00
494,155,search,2025-01-11T14:38:00
494,155,view,2025-01-11T14:40:00
494,155,click,2025-01-11T14:43:00
494,155,add_to_cart,2025-01-11T14:46:00
494,155,remove_cart,2025-01-11T14:48:00
494,152,search,2025-01-13T17:35:00
494,152,view,2025-01-13T17:37:00
494,152,click,2025-01-13T17:39:00
494,143,view,2025-01-13T17:40:00
494,143,click,2025-01-13T17:43:00
494,143,add_to_cart,2025-01-13T17:44:00
494,143,purchase,2025-01-13T17:45:00
494,144,search,2025-01-14T18:18:00
494,144,view,2025-01-14T18:19:00
494,144,click,2025-01-14T18:20:00
494,138,view,2025-01-17T04:16:00
494,138,click,2025-01-17T04:19:00
494,138,add_to_cart,2025-01-17T04:20:00
494,138,purchase,2025-01-17T04:22:00
494,150,view,2025-01-17T04:31:00
494,150,click,2025-01-17T04:32:00
494,150,add_to_cart,2025-01-17T04:35:00
494,150,purchase,2025-01-17T04:36:00
494,153,view,2025-01-17T04:42:00
494,153,click,2025-01-17T04:45:00
494,143,review,2025-01-21T17:47:00
495,135,search,2025-01-09T20:41:00
495,135,view,2025-01-09T20:42:00
495,135,click,2025-01-09T20:44:00
495,135,add_to_cart,2025-01-09T20:46:00
495,135,remove_cart,2025-01-09T20:48:00
495,8,search,2025-01-11T04:07:00
495,8,view,2025-01-11T04:09:00
495,139,search,2025-01-13T11:44:00
495,139,view,2025-01-13T11:47:00
495,139,click,2025-01-13T11:49:00
495,139,add_to_cart,2025-01-13T11:52:00
495,139,purchase,2025-01-13T11:53:00
495,138,view,2025-01-13T12:04:00
495,138,click,2025-01-13T12:07:00
495,138,add_to_cart,2025-01-13T12:10:00
495,138,purchase,2025-01-13T12:11:00
495,146,view,2025-01-13T12:22:00
495,146,click,2025-01-13T12:25:00
495,146,add_to_cart,2025-01-13T12:27:00
495,146,purchase,2025-01-13T12:28:00
495,146,review,2025-01-14T12:32:00
495,8,search,2025-01-14T19:01:00
495,8,view,2025-01-14T19:04:00
495,8,click,2025-01-14T19:08:00
495,13,view,2025-01-14T19:09:00
495,135,view,2025-01-16T22:28:00
495,135,click,2025-01-16T22:31:00
495,135,add_to_cart,2025-01-16T22:32:00
495,135,purchase,2025-01-16T22:34:00
495,151,view,2025-01-16T22:45:00
495,151,click,2025-01-16T22:47:00
495,136,view,2025-01-16T22:49:00
495,136,click,2025-01-16T22:50:00
495,136,add_to_cart,2025-01-16T22:51:00
495,136,purchase,2025-01-16T22:53:00
495,138,review,2025-01-19T12:22:00
495,150,search,2025-01-19T20:01:00
495,150,view,2025-01-19T20:04:00
495,150,click,2025-01-19T20:08:00
496,159,search,2025-01-02T15:27:00
496,159,view,2025-01-02T15:28:00
496,159,click,2025-01-02T15:31:00
496,159,add_to_cart,2025-01-02T15:34:00
496,159,remove_cart,2025-01-02T15:35:00
496,169,view,2025-01-02T15:36:00
496,169,click,2025-01-02T15:38:00
496,156,view,2025-01-02T15:39:00
496,156,click,2025-01-02T15:43:00
496,156,add_to_cart,2025-01-02T15:46:00
496,156,purchase,2025-01-02T15:48:00
496,163,search,2025-01-04T00:21:00
496,163,view,2025-01-04T00:23:00
496,156,view,2025-01-04T00:24:00
496,156,click,2025-01-04T00:27:00
496,172,view,2025-01-04T00:28:00
496,172,click,2025-01-04T00:29:00
496,172,add_to_cart,2025-01-04T00:31:00
496,172,remove_cart,2025-01-04T00:33:00
496,75,view,2025-01-05T00:31:00
496,75,click,2025-01-05T00:33:00
496,75,add_to_cart,2025-01-05T00:36:00
496,75,purchase,2025-01-05T00:37:00
496,84,view,2025-01-05T00:48:00
496,84,click,2025-01-05T00:50:00
496,84,add_to_cart,2025-01-05T00:52:00
496,84,purchase,2025-01-05T00:53:00
496,13,search,2025-01-06T18:48:00
496,13,view,2025-01-06T18:51:00
496,13,click,2025-01-06T18:54:00
496,13,add_to_cart,2025-01-06T18:57:00
496,13,remove_cart,2025-01-06T18:59:00
496,66,search,2025-01-08T13:06:00
496,66,view,2025-01-08T13:07:00
496,66,click,2025-01-08T13:11:00
496,66,add_to_cart,2025-01-08T13:14:00
496,66,purchase,2025-01-08T13:15:00
496,86,view,2025-01-08T13:20:00
496,86,click,2025-01-08T13:24:00
496,86,add_to_cart,2025-01-08T13:26:00
496,86,remove_cart,2025-01-08T13:27:00
496,71,view,2025-01-08T13:28:00
496,71,click,2025-01-08T13:31:00
496,158,search,2025-01-10T18:53:00
496,158,view,2025-01-10T18:55:00
496,163,view,2025-01-10T18:59:00
496,163,click,2025-01-10T19:02:00
496,21,search,2025-01-13T08:43:00
496,21,view,2025-01-13T08:46:00
496,21,click,2025-01-13T08:50:00
496,21,add_to_cart,2025-01-13T08:52:00
496,21,purchase,2025-01-13T08:53:00
496,10,search,2025-01-16T05:25:00
496,10,view,2025-01-16T05:27:00
496,10,click,2025-01-16T05:28:00
496,8,view,2025-01-16T05:31:00
496,8,click,2025-01-16T05:35:00
496,8,add_to_cart,2025-01-16T05:36:00
496,8,remove_cart,2025-01-16T05:37:00
496,3,view,2025-01-16T05:38:00
496,3,click,2025-01-16T05:39:00
496,3,add_to_cart,2025-01-16T05:42:00
496,3,purchase,2025-01-16T05:44:00
496,174,search,2025-01-17T11:59:00
496,174,view,2025-01-17T12:01:00
496,174,add_to_cart,2025-01-17T12:05:00
496,174,purchase,2025-01-17T12:06:00
496,160,search,2025-01-19T01:42:00
496,160,view,2025-01-19T01:44:00
496,160,click,2025-01-19T01:45:00
496,160,add_to_cart,2025-01-19T01:46:00
496,160,purchase,2025-01-19T01:47:00
496,3,review,2025-01-21T05:49:00
496,174,review,2025-01-23T12:12:00
496,160,review,2025-01-31T01:57:00
497,48,search,2025-01-04T09:38:00
497,48,view,2025-01-04T09:41:00
497,48,click,2025-01-04T09:45:00
497,48,add_to_cart,2025-01-04T09:46:00
497,48,purchase,2025-01-04T09:47:00
497,164,search,2025-01-06T14:13:00
497,164,view,2025-01-06T14:16:00
497,170,view,2025-01-06T14:20:00
497,170,click,2025-01-06T14:22:00
497,160,view,2025-01-06T14:25:00
497,160,click,2025-01-06T14:29:00
497,160,search,2025-01-07T19:04:00
497,160,view,2025-01-07T19:06:00
497,160,click,2025-01-07T19:08:00
497,160,add_to_cart,2025-01-07T19:11:00
497,160,purchase,2025-01-07T19:13:00
497,159,view,2025-01-07T19:16:00
497,159,click,2025-01-07T19:19:00
497,159,add_to_cart,2025-01-07T19:21:00
497,159,purchase,2025-01-07T19:22:00
497,172,view,2025-01-07T19:34:00
497,172,click,2025-01-07T19:35:00
497,172,add_to_cart,2025-01-07T19:36:00
497,172,purchase,2025-01-07T19:38:00
497,60,search,2025-01-08T15:01:00
497,60,view,2025-01-08T15:02:00
497,43,view,2025-01-08T15:03:00
497,43,click,2025-01-08T15:04:00
497,57,search,2025-01-10T00:45:00
497,57,view,2025-01-10T00:47:00
497,57,click,2025-01-10T00:48:00
497,55,view,2025-01-10T00:51:00
497,55,click,2025-01-10T00:52:00
497,55,add_to_cart,2025-01-10T00:54:00
497,55,remove_cart,2025-01-10T00:55:00
497,59,search,2025-01-12T06:15:00
497,59,view,2025-01-12T06:18:00
497,59,click,2025-01-12T06:22:00
497,59,add_to_cart,2025-01-12T06:25:00
497,59,remove_cart,2025-01-12T06:26:00
497,48,review,2025-01-12T09:51:00
497,160,review,2025-01-13T19:16:00
498,78,view,2025-01-05T09:18:00
498,78,click,2025-01-05T09:22:00
498,78,add_to_cart,2025-01-05T09:25:00
498,78,remove_cart,2025-01-05T09:27:00
498,73,view,2025-01-05T09:28:00
498,73,click,2025-01-05T09:29:00
498,71,view,2025-01-07T11:53:00
498,71,click,2025-01-07T11:57:00
498,86,view,2025-01-07T11:58:00
498,86,click,2025-01-07T12:00:00
498,85,view,2025-01-07T12:02:00
498,85,click,2025-01-07T12:05:00
498,96,search,2025-01-09T12:39:00
498,96,view,2025-01-09T12:42:00
498,96,click,2025-01-09T12:43:00
498,95,view,2025-01-09T12:44:00
498,95,click,2025-01-09T12:45:00
498,92,view,2025-01-09T12:46:00
498,92,add_to_cart,2025-01-09T12:50:00
498,92,remove_cart,2025-01-09T12:51:00
498,40,view,2025-01-11T20:03:00
498,40,click,2025-01-11T20:07:00
498,40,add_to_cart,2025-01-11T20:10:00
498,40,purchase,2025-01-11T20:11:00
498,38,view,2025-01-11T20:14:00
498,38,click,2025-01-11T20:17:00
498,24,view,2025-01-11T20:18:00
498,24,click,2025-01-11T20:22:00
498,108,search,2025-01-12T21:22:00
498,108,view,2025-01-12T21:25:00
498,108,click,2025-01-12T21:29:00
498,102,view,2025-01-12T21:32:00
498,98,view,2025-01-12T21:34:00
498,98,click,2025-01-12T21:36:00
498,98,add_to_cart,2025-01-12T21:39:00
498,98,remove_cart,2025-01-12T21:41:00
498,23,search,2025-01-14T11:20:00
498,23,view,2025-01-14T11:23:00
498,23,add_to_cart,2025-01-14T11:26:00
498,23,purchase,2025-01-14T11:27:00
498,31,view,2025-01-14T11:29:00
498,31,click,2025-01-14T11:33:00
498,30,view,2025-01-14T11:34:00
498,30,click,2025-01-14T11:35:00
498,75,search,2025-01-15T21:22:00
498,75,view,2025-01-15T21:24:00
498,75,click,2025-01-15T21:27:00
498,76,view,2025-01-15T21:29:00
498,76,click,2025-01-15T21:30:00
498,40,review,2025-01-25T20:14:00
499,55,view,2025-01-11T00:25:00
499,55,click,2025-01-11T00:27:00
499,55,add_to_cart,2025-01-11T00:30:00
499,55,purchase,2025-01-11T00:31:00
499,52,view,2025-01-11T00:34:00
499,52,click,2025-01-11T00:38:00
499,52,add_to_cart,2025-01-11T00:41:00
499,52,purchase,2025-01-11T00:42:00
499,45,view,2025-01-11T00:49:00
499,45,click,2025-01-11T00:53:00
499,45,add_to_cart,2025-01-11T00:56:00
499,45,remove_cart,2025-01-11T00:57:00
499,34,view,2025-01-11T13:21:00
499,34,click,2025-01-11T13:24:00
499,31,view,2025-01-11T13:26:00
499,31,add_to_cart,2025-01-11T13:28:00
499,31,remove_cart,2025-01-11T13:30:00
499,85,view,2025-01-14T04:25:00
499,85,click,2025-01-14T04:27:00
499,85,add_to_cart,2025-01-14T04:30:00
499,85,purchase,2025-01-14T04:31:00
499,66,view,2025-01-14T04:36:00
499,66,click,2025-01-14T04:37:00
499,66,add_to_cart,2025-01-14T04:39:00
499,66,purchase,2025-01-14T04:40:00
499,26,search,2025-01-17T01:23:00
499,26,view,2025-01-17T01:26:00
499,26,click,2025-01-17T01:29:00
499,52,review,2025-01-18T00:49:00
499,27,search,2025-01-18T04:10:00
499,27,view,2025-01-18T04:12:00
499,27,click,2025-01-18T04:14:00
499,34,view,2025-01-18T04:17:00
499,34,click,2025-01-18T04:20:00
499,34,add_to_cart,2025-01-18T04:22:00
499,34,purchase,2025-01-18T04:24:00
499,85,review,2025-01-18T04:36:00
499,47,search,2025-01-20T17:24:00
499,47,view,2025-01-20T17:25:00
499,47,click,2025-01-20T17:29:00
499,47,add_to_cart,2025-01-20T17:31:00
499,47,remove_cart,2025-01-20T17:32:00
499,55,view,2025-01-20T17:33:00
499,55,click,2025-01-20T17:34:00
499,55,add_to_cart,2025-01-20T17:36:00
499,55,remove_cart,2025-01-20T17:38:00
499,66,review,2025-01-21T04:49:00
499,38,view,2025-01-22T17:03:00
499,38,click,2025-01-22T17:06:00
499,38,add_to_cart,2025-01-22T17:08:00
499,38,purchase,2025-01-22T17:09:00
499,28,view,2025-01-22T17:14:00
499,28,click,2025-01-22T17:18:00
499,66,search,2025-01-24T02:13:00
499,66,view,2025-01-24T02:15:00
499,66,click,2025-01-24T02:18:00
499,66,add_to_cart,2025-01-24T02:19:00
499,66,purchase,2025-01-24T02:21:00
499,79,view,2025-01-24T02:33:00
499,79,click,2025-01-24T02:34:00
499,79,add_to_cart,2025-01-24T02:36:00
499,79,purchase,2025-01-24T02:38:00
499,77,view,2025-01-24T02:46:00
499,77,click,2025-01-24T02:49:00
499,77,add_to_cart,2025-01-24T02:52:00
499,77,purchase,2025-01-24T02:53:00
499,78,search,2025-01-25T16:44:00
499,78,view,2025-01-25T16:46:00
499,78,click,2025-01-25T16:50:00
499,71,view,2025-01-25T16:52:00
499,71,click,2025-01-25T16:56:00
499,73,view,2025-01-25T16:57:00
499,66,review,2025-01-27T02:33:00
499,38,review,2025-02-03T17:14:00
499,77,review,2025-02-07T02:59:00
500,151,search,2025-01-11T22:51:00
500,151,view,2025-01-11T22:54:00
500,151,click,2025-01-11T22:56:00
500,143,view,2025-01-11T22:57:00
500,143,click,2025-01-11T22:58:00
500,143,add_to_cart,2025-01-11T23:01:00
500,143,purchase,2025-01-11T23:03:00
500,153,search,2025-01-12T18:47:00
500,153,view,2025-01-12T18:48:00
500,153,click,2025-01-12T18:51:00
500,149,view,2025-01-12T18:52:00
500,149,click,2025-01-12T18:55:00
500,149,search,2025-01-13T22:34:00
500,149,view,2025-01-13T22:37:00
500,149,click,2025-01-13T22:38:00
500,197,search,2025-01-16T20:04:00
500,197,view,2025-01-16T20:07:00
500,197,click,2025-01-16T20:08:00
500,197,add_to_cart,2025-01-16T20:09:00
500,197,remove_cart,2025-01-16T20:10:00
500,178,search,2025-01-19T12:16:00
500,178,view,2025-01-19T12:17:00
500,178,click,2025-01-19T12:18:00
500,178,add_to_cart,2025-01-19T12:19:00
500,178,remove_cart,2025-01-19T12:21:00
500,185,view,2025-01-19T12:23:00
500,185,click,2025-01-19T12:26:00
500,190,search,2025-01-20T07:34:00
500,190,view,2025-01-20T07:37:00
500,190,click,2025-01-20T07:40:00
500,189,view,2025-01-20T07:43:00
500,189,click,2025-01-20T07:45:00
500,189,add_to_cart,2025-01-20T07:47:00
500,189,remove_cart,2025-01-20T07:48:00
500,156,search,2025-01-21T06:05:00
500,156,view,2025-01-21T06:07:00
500,156,click,2025-01-21T06:11:00
500,195,view,2025-01-23T04:37:00
500,195,click,2025-01-23T04:41:00
500,195,add_to_cart,2025-01-23T04:42:00
500,195,purchase,2025-01-23T04:43:00
500,195,review,2025-02-05T04:48:00
